<SFPAGE TITLE="Add Appraisal Item" ACCESS="hrm.setting.performance.appraisal:add">
	<SFFORM TITLE="Add Appraisal Item" DATASOURCE="" ACTION="AppraisalLibrary.Add" NAME="frmAddAppraisal" WIDTH="700" HEIGHT="400">
		<SCRIPT>
		</SCRIPT>

		<TOOLBAR>
			<BUTTON TYPE="Help"></BUTTON>
			<BUTTON TYPE="Close"></BUTTON>
		</TOOLBAR>
		<FIELDSET>
			<INPUT LABEL="Item Type" NAME="iscategory" PARAM="iscategory" TYPE="RADIO" OPTIONS="Y=Category|N*=Question" ONCHANGE="change(this.value)"/>
			<INPUT LABEL="Parent Appraisal" NAME="parent_code" PARAM="parent_code" TYPE="SUGGEST" LISTMANDATORY="YES" LISTSOURCE="AppraisalLibrary.filterAppraisal" REQUIRED="YES" ERRMSG="Please Select Parent Code"/>
			<INPUT LABEL="Appraisal Code" NAME="appraisal_code" PARAM="appraisal_code" TYPE="TEXT" REQUIRED="YES" DEFAULT="Util.getCode('APPRAISALLIB','no','false')" MAXLEN="50" GROUP="code~" VALIDATE="code"/>
			<!--INPUT LABEL="" NAME="appraisal_doc" PARAM="appraisal_doc" TYPE="LABEL" DEFAULT="Util.getCode('APPRAISALLIB','no','false')" GROUP="code~"/-->
			<INPUT LABEL="Appraisal Item" NAME="appraisal_name" PARAM="appraisal_name" TYPE="TEXT" REQUIRED="YES" MULTILANG="Yes" ERRMSG=""  MAXLEN="255"/>
			<INPUT LABEL="Fill In Appraisal Description" NAME="appraisal_desc" MULTILANG="Yes" PARAM="appraisal_desc" TYPE="MEMO" MAXLEN="500" COL="30" ROW="3" ERRMSG="Please Insert Competence Description"/>
			<!-- Start Add by Marc : KPI Library negative component untuk mengurangi nilai di form appraisal -->
			<INPUT LABEL="Negative Component" NAME="negative_component" PARAM="negative_component" TYPE="CHECKBOX" REQUIRED="NO" OPTIONS="Y=Yes"/>
			<!-- End Add by Marc : KPI Library negative component untuk mengurangi nilai di form appraisal -->
			<!-- <INPUT LABEL="Achievement Type" NAME="achievement_type" PARAM="achievement_type" TYPE="SUGGEST" LISTSOURCE="ScoreType.FilterAchievementType" />
			<INPUT LABEL="Weight" NAME="weight" PARAM="weight" TYPE="TEXT" SIZE="5" />
			<INPUT LABEL="~" NAME="achievement" PARAM="achievement" TYPE="HIDDEN" />
			<INPUT LABEL="Dashboard Indicator" NAME="dash_indicator" PARAM="dash_indicator" TYPE="SCRIPT"  TEMPLATE="hrm.setting.performance.appraisal.dashindicator"/> -->
		</FIELDSET>
		<BUTTONLIST>
			<BUTTON TYPE="Cancel"></BUTTON>
			<BUTTON TYPE="Submit"></BUTTON>
		</BUTTONLIST>
			
		<SCRIPT FOR="FOOTER">
			$('##tr_inp_achievement_type').hide();
			$('##tr_inp_weight').hide();
			$('##tr_inp_dash_indicator').hide();
			
		    //<!--BUG51117-85691-->
		    $("input[id^='inp_appraisal_name_'], textarea[id^='inp_appraisal_desc_']").keyup(function(event){ RemoveChar(this); });
		    $("input[id^='inp_appraisal_name_'], textarea[id^='inp_appraisal_desc_']").change(function(){ RemoveChar(this); });
            function RemoveChar(obj){
        		var charToVali = obj.value;
                obj.value = charToVali.replace(/##/g,'');
            }
            //<!--/BUG51117-85691-->
            
		/*	var achiev = document.getElementById('tr_inp_achievement_type');
			var weight = document.getElementById('tr_inp_weight');
			var indicator = document.getElementById('tr_inp_dash_indicator');
			achiev.style.display = '';
			function change(val){
					if(val == 'N'){
						achiev.style.display = '';
						weight.style.display = '';
						weight.style.display = '';
					}else{
						achiev.style.display = 'none';
						weight.style.display = 'none';
						weight.style.display = 'none';
					}
				}
			
			function pickScoreList(vval, vtxt, cfunc, selm) {
				if (typeof(selm) == 'undefined') {
					top.isPickLookupList = true;
				}
				var otip = $sf("spTip");
				if (otip == null) return;
				if (selm != null) {
					var oelm = $sf(selm);
					if (oelm != null)
						otip.elm = oelm;
				}
			 
				if (otip.elm != null) {
					if ($sf('err' + otip.elm.id)) {
						$sf('err' + otip.elm.id).style.display = "none";
					}
					if (otip.elm.value != null) {
						if (vtxt != null) {
							//logthis(vtxt);
							otip.elm.value = vtxt.split('|')[0];
							if (selm == null)
								formodified(otip.elm);
							var ohdn_ = "hdn" + otip.elm.id.substr(3);
							var ohdn = $sf(ohdn_);
							if (!ohdn) {
								if (frames) { 
									for (var i = 0; i &lt; frames.length; i++) {
									   
										if ($sf(ohdn_, frames[i]) != null) {
											ohdn = $sf(ohdn_, frames[i]);
											break;
										}
									}
								}
							}
							if (ohdn != null) {
								ohdn.value = vval;
							}
						} else {
							otip.elm.value = vval;
						}
					} else if (otip.elm.innerHTML != null) {
						if (vtxt != null)
							otip.elm.innerHTML = vtxt;
						else
							otip.elm.innerHTML = vval;
					}
				}
				hideTip();
				if (cfunc) {
					cfunc();
				}
			}*/
		</SCRIPT>
	</SFFORM>
</SFPAGE>
