<SFPAGE TITLE="360Question" ACCESS="hrm.performance.evalform:read">
	<SFFORM TITLE="360 Question" ACTION="" NAME="frmQuestion" WIDTH="100%" HEIGHT="100%" SHOWWINDOW="NO">
		<TOOLBAR>
			<BUTTON TYPE="Help"></BUTTON>
			<BUTTON TYPE="Close"></BUTTON>
		</TOOLBAR>
		<FIELDSET LABEL="-">
			<INPUT LABEL="-" NAME="frmEvalQuestion" TYPE="SCRIPT" TEMPLATE="hrm.performance.evalform.360questiontab?formno=#formno#&amp;empid=#empid#&amp;periodcode=#periodcode#&amp;varcocode=#varcocode#&amp;varcoid=#varcoid#&amp;approverstep=#approverstep#"/>
		</FIELDSET>
		<SCRIPT>
		</SCRIPT>
	</SFFORM>
</SFPAGE>


