<SFPAGE TITLE="evaluation" ACCESS="hrm.performance.evalform:read">
	<SFFORM TITLE="Edit" DATASOURCE="" ACTION="SaveAll" NAME="saveAppraisal" WIDTH="100%" HEIGHT="100%" SHOWWINDOW="NO">
		<TOOLBAR>
			<BUTTON TYPE="Help"></BUTTON>
			<BUTTON TYPE="Close"></BUTTON>
		</TOOLBAR>
		<FIELDSET LABEL="-">
			<INPUT LABEL="-" NAME="frmappraisal" TYPE="SCRIPT" TEMPLATE="hrm.performance.evalform.appraisalform&amp;reqno=#reqno#&amp;empid=#empid#&amp;periodcode=#periodcode#&amp;refdate=#refdate#&amp;formno=#formno#&amp;lpr=#lpr#&amp;lastrevby=#lastrevby#&amp;preview=#preview#&amp;varcoid=#varcoid#&amp;varcocode=#varcocode#"/>
		</FIELDSET>
		<SCRIPT FOR="FOOTER">
			try {
				document.getElementById('pop_title').style.display = 'none';
				document.getElementById('form_toolbar').style.display = 'none';
				document.getElementById('pop_data').style = 'height:100%;border:none;';
			}
			catch(err) {
			}
		</SCRIPT>
	</SFFORM>
</SFPAGE>
