<SFPAGE TITLE="Delete Performance Evaluation" ACCESS="hrm.performance.evalform.deleteall:read">
	<SFFORM TITLE="Delete Performance Evaluation" DATASOURCE="" NAME="frmPerfEvalDelete" WIDTH="100%" HEIGHT="100%" ACTION="PerformanceEvaluation.DeleteEvaluationForm">
		<TOOLBAR TYPE="GRID">
			<BUTTON TIP="Back" ICON="back.png" ACTION="?xfid=hrm.performance.evalform.listing" LINKTYPE="LINK" ></BUTTON>
			<BUTTON TYPE="Reload"></BUTTON>
			<BUTTON TYPE="Help"></BUTTON>
		</TOOLBAR>
		<FIELDSET>
		    <!--<INPUT LABEL="Performance Period" TYPE="SELECT" LISTSOURCE="PerformancePeriod.refPeriod" NAME="period_code" PARAM="period_code" REQUIRED="YES" ERRMSG="Please select Performance Period" ONCHANGE="EditEmpList();"/>-->
		    <INPUT LABEL="Period Name" TYPE="SUGGEST" PARAM="periodcode" LISTSOURCE="PerformReport.filterPerfPeriodtech" ONBLUR="onPeriodChange()"/>
		    <INPUT LABEL="~" NAME="period_code" PARAM="period_code" TYPE="HIDDEN"/>
		    <INPUT LABEL="Performance Date" NAME="period_date" PARAM="period_date" TYPE="LABEL"/>
		    <INPUT LABEL="Employee" FILTERADDON="EMPNOLIST" TYPE="FILTEREMPLOYEE" REQUIRED="Yes" INCLUSIVE="param"  ERRMSG="Please Select Employee" LISTSOURCE="PerformanceEvaluation.FilterEvalFormEmployeeFullyApprove" ROW="15" MAXROW="10000" NAME="form_no" PARAM="form_no" />
		
	    	<INPUT LABEL='~' DEFAULT="Display" TYPE="BUTTON" title="Add Score Type" ONCLICK="displayDelete();" />
	    	<INPUT LABEL="-" TYPE="SCRIPT" NAME="DISCONTAINER" TEMPLATE="hrm.performance.evalform.deleteeval"/>
		</FIELDSET>
		<BUTTONLIST>
			<BUTTON LABEL="DELETE" ACTION="confirmDelete();"></BUTTON>
		</BUTTONLIST>
		<SCRIPT>
			function EditEmpList(){
        		document.getElementById('selinp_form_no').options.length = null;
        		$('[id=hdnSelectedinp_form_no]').val('');
        		searchFilter(null,'?ofid=PerformanceEvaluation.FilterEvalFormEmployeeFullyApprove','inp_form_no',10000);
			};
			function onPeriodChange(){
			   var period_code = $('[id=hdn_periodcode]').val();
			    $('[id=inp_period_code]').val(period_code);
			    document.getElementById('selinp_form_no').options.length = null;
        		$('[id=hdnSelectedinp_form_no]').val('');
        		searchFilter(null,'?ofid=PerformanceEvaluation.FilterEvalFormEmployeeFullyApprove','inp_form_no',10000);
			 }
			function confirmDelete(){
			    this.blur(); 
                return validateForm(document.frmPerfEvalDelete);
			};
			
			function displayDelete(){
			    var period_code = $('[id=inp_period_code]').val();
			    var formnolist = $('[id=hdnSelectedinp_form_no]').val();
			    
			    if(period_code == ''){
			        alert("[SFTEXT:ERPlease select Performance Period]");
			        return false;
			    } 
			    
			    if(formnolist == ''){
			        alert("[SFTEXT:ERPlease select at least one employee]");
			        return false;
			    } 
			    getAJAXContent("?sfid=hrm.performance.evalform.deleteeval&amp;period_code="+period_code+"&amp;formnolist="+formnolist,"inp_DISCONTAINER",1,function (){});
			};
			
			function validateOther(){
			
			    var listDelete = $('[id=inp_lstdelete]:checked').map(function() {return this.value}).get().join(',');
			    if(listDelete == ''){
			        alert("[SFTEXT:ERPlease check at least one evaluation form]");
			        return false;
			    }
			
			    var confirmDelete = confirm("[SFTEXT:ERAre you sure to delete selected evaluation forms ?]");

			    if(confirmDelete == false)
			        return false;

			    return true;
			}
		</SCRIPT>
	</SFFORM>
</SFPAGE>












