<SFPAGE TITLE="evaluation" ACCESS="hrm.performance.evalform:read">
	<SFFORM TITLE="DetailCompetency" DATASOURCE="" ACTION="" NAME="frmDetailCompetency" WIDTH="550" HEIGHT="400" SHOWWINDOW="NO">
		<TOOLBAR>
			<BUTTON TYPE="Help"></BUTTON>
			<BUTTON TYPE="Close"></BUTTON>
		</TOOLBAR>
		<FIELDSET LABEL="-">
			<INPUT LABEL="-" NAME="DetailCompetency" TYPE="SCRIPT" TEMPLATE="hrm.performance.evalform.detailcompetency&amp;competence_code=#competence_code#"/> 
		</FIELDSET>
		<SCRIPT FOR="FOOTER">
		</SCRIPT>
	</SFFORM>
</SFPAGE>
