<SFPAGE TITLE="evaluation" ACCESS="hrm.performance.evalform:read">
	<SFFORM TITLE="Edit" DATASOURCE="" ACTION="" NAME="frmDetailAppraisal" WIDTH="550" HEIGHT="400" SHOWWINDOW="NO">
		<TOOLBAR>
			<BUTTON TYPE="Help"></BUTTON>
			<BUTTON TYPE="Close"></BUTTON>
		</TOOLBAR>
		<FIELDSET LABEL="-">
			<INPUT LABEL="-" NAME="frmappraisal" TYPE="SCRIPT" TEMPLATE="hrm.performance.evalform.detailappraisal&amp;periodcode=#periodcode#&amp;libcode=#libcode#&amp;refdate=#refdate#&amp;achievement_type=#achievement_type#&amp;achievement=#achievement#"/>
		</FIELDSET>
		<SCRIPT FOR="FOOTER">
		</SCRIPT>
	</SFFORM>
</SFPAGE>
