<SFPAGE TITLE="evaluation" ACCESS="hrm.performance.evalform:read">
	<SFFORM TITLE="Edit" DATASOURCE="" ACTION="SaveAll" NAME="frmPerfEval" HEIGHT="100%" SHOWWINDOW="NO">
		<TOOLBAR>
			<BUTTON TYPE="Help"></BUTTON>
			<BUTTON TYPE="Close"></BUTTON>
		</TOOLBAR>
		<FIELDSET LABEL="-">
			<INPUT LABEL="History Information" PARAM="histcode" TYPE="SELECT" OPTIONS="1*=Evaluation History|2=Awards History|3=Disciplines History" ONCHANGE="getWhatHistory();"/>
		</FIELDSET>
		<FIELDSET LABEL="-">
			<INPUT LABEL="-" NAME="frmEvalHistory" TYPE="SCRIPT" TEMPLATE="hrm.performance.evalform.evalhistory?empid=#empid#&amp;periodcode=#periodcode#&amp;varcocode=#varcocode#&amp;varcoid=#varcoid#"/>
		</FIELDSET>
		<SCRIPT FOR="FOOTER">
			try {
				document.getElementById('pop_title').style.display = 'none';
				document.getElementById('form_toolbar').style.display = 'none';
				document.getElementById('pop_data').style = 'height:100%;border:none;';
			}
			catch(err) {

			}
			function getWhatHistory(){
				no = $('##inp_histcode').val();
				getAJAXContent('?sfid=hrm.performance.evalform.evalhistory&amp;type='+no+'&amp;empid=#empid#&amp;periodcode=#periodcode#',$sf("inp_frmEvalHistory"));
			}
		</SCRIPT>
	</SFFORM>
</SFPAGE>
