<SFPAGE TITLE="evalform" ACCESS="hrm.performance.evalform:read">
	<SFFORM TITLE="Edit" DATASOURCE="" GROUPFIELD="hierarchy" ACTION="SaveAll" NAME="frmPerfEval" WIDTH="100%" HEIGHT="100%" SHOWWINDOW="NO" PASSING ="empid">
		<TOOLBAR>
			<BUTTON TYPE="Help"></BUTTON>
			<BUTTON TYPE="Close"></BUTTON>
		</TOOLBAR>
		<TABPAGE HEIGHT="400">
			<TABROW>
				<TAB LABEL="Appraisal" PAGELINK="hrm.performance.evalform.appraisal&amp;reqno=#reqno#&amp;empid=#empid#&amp;periodcode=#periodcode#&amp;refdate=#refdate#&amp;formno=#formno#&amp;lpr=#lpr#&amp;lastrevby=#lastrevby#&amp;preview=#structkeyexists(URL,'preview')#&amp;varcoid=#varcoid#&amp;varcocode=#varcocode#"/>
				<TAB LABEL="Org Unit Objective" PAGELINK="hrm.performance.evalform.objectiveorg&amp;planformno=#planformno#&amp;reqno=#reqno#&amp;empid=#empid#&amp;periodcode=#periodcode#&amp;refdate=#refdate#&amp;formno=#formno#&amp;lpr=#lpr#&amp;lastrevby=#lastrevby#&amp;preview=#structkeyexists(URL,'preview')#&amp;varcoid=#varcoid#&amp;varcocode=#varcocode#"/>
				<TAB LABEL="Personal Objective"  PAGELINK="hrm.performance.evalform.objective&amp;planformno=#planformno#&amp;reqno=#reqno#&amp;empid=#empid#&amp;periodcode=#periodcode#&amp;refdate=#refdate#&amp;formno=#formno#&amp;lpr=#lpr#&amp;lastrevby=#lastrevby#&amp;preview=#structkeyexists(URL,'preview')#&amp;varcoid=#varcoid#&amp;varcocode=#varcocode#"/>
				<TAB LABEL="Competency" PAGELINK="hrm.performance.evalform.competency&amp;reqno=#reqno#&amp;empid=#empid#&amp;periodcode=#periodcode#&amp;refdate=#refdate#&amp;formno=#formno#&amp;lpr=#lpr#&amp;lastrevby=#lastrevby#&amp;preview=#structkeyexists(URL,'preview')#&amp;varcoid=#varcoid#&amp;varcocode=#varcocode#"/>
				<TAB LABEL="Task" PAGELINK="hrm.performance.evalform.task&amp;reqno=#reqno#&amp;empid=#empid#&amp;periodcode=#periodcode#&amp;refdate=#refdate#&amp;formno=#formno#&amp;lpr=#lpr#&amp;lastrevby=#lastrevby#&amp;preview=#structkeyexists(URL,'preview')#&amp;varcoid=#varcoid#&amp;varcocode=#varcocode#"/>
				<TAB LABEL="Feedback" PAGELINK="hrm.performance.evalform.feedback&amp;reqno=#reqno#&amp;empid=#empid#&amp;periodcode=#periodcode#&amp;refdate=#refdate#&amp;formno=#formno#&amp;lpr=#lpr#&amp;lastrevby=#lastrevby#&amp;preview=#structkeyexists(URL,'preview')#&amp;varcoid=#varcoid#&amp;varcocode=#varcocode#"/>
				<TAB LABEL="Evaluation History" PAGELINK="hrm.performance.evalform.evalhistory&amp;reqno=#reqno#&amp;empid=#empid#&amp;periodcode=#periodcode#&amp;varcoid=#varcoid#&amp;varcocode=#varcocode#"/>
			
			</TABROW>
		</TABPAGE>
		<SCRIPT FOR="FOOTER">
			try {
				document.getElementById('pop_title').style.display = 'none';
				document.getElementById('form_toolbar').style.display = 'none';
				document.getElementById('pop_data').style = 'height:100%;border:none;';
			}
			catch(err) {

			}
		    var isPMPreview = '#structkeyexists(URL,"preview")#';
			var minNumberTab = 7;
			function tabToDisplay(){				
				for(i=1;i[lt]=6;i++){
					document.getElementById('vistab_'+i).style.display = 'none';
				}

				var arrETLstCompCode = '#URL.lstcomp#'.split(",");
				var arrTabCode = ['APPRAISAL','ORGKPI','PERSKPI','COMPETENCY','TASK','FEEDBACK'];
				
				var tempcounter=0
				for(i=0;i[lt]arrETLstCompCode.length;i++){
					var tempIsThere = parseInt($.inArray(arrETLstCompCode[i].toUpperCase(),arrTabCode));
					if(tempIsThere[gt]=0){
						var isthere =tempIsThere+1; tempcounter = tempcounter+1;
						document.getElementById('vistab_'+isthere).style.display = '';
						
						if(isthere!=1){
							showTab(isthere);
						}
						
					}
				}
			}
			
			tabToDisplay();
			if((isPMPreview == 'YES')||(isPMPreview == 'true')){
				$('##vistab_7').hide();
				$('##tabcontent_7').hide();
			}
			else{
				showTab(7);
			}
			
			function getLookUpReturn(objdata,lookval,targetval){
				var val = lookval;
				var returnval = lookval;

				if(objdata.method.toUpperCase() == 'DIVIDE'){
					val = parseFloat(lookval)/parseFloat(targetval);
				}
				else if(objdata.method == 'MINUS'){
					val = parseFloat(lookval)-parseFloat(targetval);
				}
				
				if(objdata.symbol.toUpperCase() == 'EQ'){
					for (key in objdata.look) {
						if (parseFloat(val) == parseFloat(objdata.look[key])){
							returnval = objdata.return[key];
							break;
						}
					}
				}
				else if(objdata.symbol.toUpperCase() == 'LTE'){
			
					for (key in objdata.look) {
		            /*perlu dicek utk competencyform */
				
						if (parseFloat(val) [lt]= parseFloat(objdata.look[key])){
							returnval = objdata.return[key];
							
							break;
						}
					}
				}
				else if(objdata.symbol.toUpperCase() == 'LT'){
					for (key in objdata.look) {
						if (parseFloat(val) [lt] parseFloat(objdata.look[key])){
							returnval = objdata.return[key];
							break;
						}
					}
				}
				else if(objdata.symbol.toUpperCase() == 'GT'){
					for (key in objdata.look) {
						if (parseFloat(val) [gt] parseFloat(objdata.look[key])){
							returnval = objdata.return[key];
							break;
						}
					}
				}
				else if(objdata.symbol.toUpperCase() == 'GTE'){
					for (key in objdata.look) {
						if (parseFloat(val) [gt]= parseFloat(objdata.look[key])){
							returnval = objdata.return[key];
							break;
						}
					}
				}
				else if(objdata.symbol.toUpperCase() == ''){
					for (key in objdata.look) {
						if (parseFloat(val) == parseFloat(objdata.look[key])){
							returnval = objdata.return[key];
							break;
						}
					}
				}

				return returnval;
			}		
		</SCRIPT>
	</SFFORM>
</SFPAGE>



