<SFPAGE TITLE="evalform" ACCESS="hrm.performance.evalform:read">
	<SFFORM TITLE="Edit" DATASOURCE="PerformanceEvaluation.view" GROUPFIELD="hierarchy" ACTION="PerformanceEvaluation.SendToNext" NAME="frmPerfEval" WIDTH="1000" HEIGHT="800">
		<TOOLBAR>
			<BUTTON TYPE="Reload"></BUTTON>
			<BUTTON TYPE="Help"></BUTTON>
			<BUTTON TYPE="Close"></BUTTON>
		</TOOLBAR>
		<SCRIPT>
			loadScript('#application.path.lib#/scripts/pm/jquery.flot.min.js');
		</SCRIPT>
		<FIELDSET LABEL="-">
			<INPUT LABEL="~" NAME="requestfor" PARAM="empid" TYPE="HIDDEN" DEFAULT="{empid}"/>
			<INPUT LABEL="-" NAME="a" TYPE="SCRIPT" TEMPLATE="hrm.performance.evalform.mainform?empid=#empid#&amp;varcocode=#varcocode#&amp;varcoid=#varcoid#&amp;reqno=#reqno#&amp;formno=#formno#&amp;periodcode=#periodcode#&amp;refdate=#refdate#&amp;planformno=#planformno#&amp;evaldatevalid=#qForm.evaldatevalid#&amp;reqorder=#reqorder#"/>
		</FIELDSET>
		<SCRIPT FOR="FOOTER">
			function validateOther(){
			
				//validasi load tab page
				try { 
	    		    var IdlstLoadedTabvar = document.getElementById('IdlstLoadedTab').value;
	    		    var IdlstDefinedTabvar = document.getElementById('IdlstDefinedTab').value;
	    		    
	    		    if( Number(IdlstLoadedTabvar) &lt; Number(IdlstDefinedTabvar) ){
        		        alert("[SFTEXT:ERPlease wait until all tab is loaded]");
        		        return false;
        		    }
				} 
				catch(err) { 
    		        alert("[SFTEXT:ERPlease wait until all tab is loaded]");
				    return false;
				}
			
				var objApprValues = {};
				$.each($('[name=iframe1]').contents().find('[name=framecontent_1]').contents().find('form##SaveAppraisal').serializeArray(), function(i, field){
				  //$("##appraisalArray").append(field.name + ":" + field.value + ",");
				  objApprValues[field.name] = field.value;
				});
				$("##appraisalArray").val("");
				$("##appraisalArray").val(JSON.stringify(objApprValues));
				
				var objOrgValues = {};
				$.each($('[name=iframe1]').contents().find('[name=framecontent_2]').contents().find('form##SaveObjectiveOrg').serializeArray(), function(i, field){
				  //$("##objectiveorgArray").append(field.name + ":" + field.value + ",");
 				  objOrgValues[field.name] = field.value;
				});
				$("##objectiveorgArray").val("");
				$("##objectiveorgArray").val(JSON.stringify(objOrgValues));

				var objPersValues = {};
				$.each($('[name=iframe1]').contents().find('[name=framecontent_3]').contents().find('form##SaveObjective').serializeArray(), function(i, field){
				  //$("##objectiveArray").append(field.name + ":" + field.value + ",");
 				  objPersValues[field.name] = field.value;
				});
				$("##objectiveArray").val("");
				$("##objectiveArray").val(JSON.stringify(objPersValues));

				var objCompValues = {};
				$.each($('[name=iframe1]').contents().find('[name=framecontent_4]').contents().find('form##SaveCompetency').serializeArray(), function(i, field){
				  //$("##competencyArray").append(field.name + ":" + field.value + ",");
 				  objCompValues[field.name] = field.value;
				});
				$("##competencyArray").val("");
				$("##competencyArray").val(JSON.stringify(objCompValues));
				
				var st = sLink.search(".SendToNext");
				var sd = sLink.search("sendtype=draft");
				if(($('[name="conclusion"]').val() == '-')[and]((st[gt]-1) [and] (sd[lt]0))){
				    alert("[SFTEXT:ERPlease set all score fields before submitting this form]");
    				return false;
				}
				else{
    				return true;
				}
			}
			
			function checkIncomplete(){
				if( $('[name="conclusion"]').val() == '-' ){
				    alert("[SFTEXT:ERPlease set all score fields before submitting this form]");
    				return false;
				}
				else{
    				return true;
				}
			}

			function senddraft(){
				strLinkOld=sLink;
				sLink=sLink+'&amp;sendtype=draft';
				validateForm(document.frmPerfEval);
				sLink=strLinkOld;
			}
			function sendfromdraft(){
				strLinkOld=sLink;
				sLink='?ofid=PerformanceEvaluation.Save'+'&amp;action=sendtoapprover&amp;sendtype=sendfromdraft';
				if(checkIncomplete()){
    				validateForm(document.frmPerfEval);
				}
				sLink=strLinkOld;
			}
			function sendDirectFinal(){
				strLinkOld=sLink;
				sLink='?ofid=PerformanceEvaluation.SendToNext'+'&amp;action=sendtoapprover&amp;sendtype=directfinal';
				//sLink='?ofid=PerformanceEvaluation.Save'+'&amp;action=sendtoapprover&amp;sendtype=directfinal';
				if(checkIncomplete()){
    				validateForm(document.frmPerfEval);
				}
				sLink=strLinkOld;
			}
			function sendDirectPartially(){
				strLinkOld=sLink;
				sLink='?ofid=PerformanceEvaluation.SendToNext'+'&amp;action=sendtoapprover&amp;sendtype=next';
				
				if(checkIncomplete()){
    				validateForm(document.frmPerfEval);
				}
				sLink=strLinkOld;
			}
			function FinalConclusion(){
				strLinkOld=sLink;
				sLink=sLink+'&amp;sendtype=final';
				if(checkIncomplete()){
    				validateForm(document.frmPerfEval);
				}
				sLink=strLinkOld;
			}
			function ReviseFormPerf(){
				if(! $('##remarkNotesForPMForf').length){
					$('##btn_a_2').after(`[lt]div id="remarkNotesForPMForf" style="position: absolute; right: 20px; bottom: 50px; border: solid .15em; padding: 10px; background-color: beige;"[gt][SFTEXT:FDNotes] [lt]font color="red"[gt]*[lt]/font[gt] : 
					[lt]a class="minus" style="position:relative;left:1px;top:2px;float: right;" onclick="closeRevisePopUp();"[gt][lt]img src="#Application.PATH.LIB#/images/icons/delete.png" alt="[-]" class="button"[gt][lt]/a[gt]
					[lt]br /[gt][lt]br /[gt][lt]textarea name="revisingNotes" cols="30" rows="3" maxlength="255"[gt][lt]/textarea[gt][lt]/div[gt]`);
					$('[textarea[name="revisingNotes"]').focus();
				}
				else if($('textarea[name="revisingNotes"]').val().length [lt] 1){
					$('[textarea[name="revisingNotes"]').focus();
					alert("[SFTEXT:ERPlease write your notes to revise]");
				}
				else{
					strLinkOld=sLink;
					sLink='?ofid=PerformanceEvaluation.Revise';
					validateForm(document.frmPerfEval);
					sLink=strLinkOld;
				}
			}
			
			function closeRevisePopUp(){
		        if($('textarea[name="revisingNotes"]').val().length [gt]= 1){
                    if(confirm('[SFTEXT:JSDelete revise notes?]')){
                        $('[id=remarkNotesForPMForf]').remove();
        		        return true;
				    }
				    else{
				        return false;
				    }
		        }
			    $('[id=remarkNotesForPMForf]').remove();
			}
			
			function deletePMForm(){
				strLinkOld=sLink;
				sLink='?ofid=PerformanceEvaluation.DeleteReqForm';
				validateForm(document.frmPerfEval);
				sLink=strLinkOld;
			}
			
			function unfinalForm(){
				strLinkOld=sLink;
				sLink='?ofid=PerformanceEvaluation.UnfinalPerfEvalForm';
				validateForm(document.frmPerfEval);
				sLink=strLinkOld;
			}

			function setInit(){
					$('a[id^="btn_a_"]').css("display","none");
					$('a[id="btn_a_0"]').css("display","");
			}
			setInit();
            
            function maskButton(flag) {
              if (flag == null) {
                flag = true
              }
              var vloader = $sf('divButton');
              if (vloader &amp;&amp; vloader.childNodes &amp;&amp; vloader.childNodes.length &amp;&amp; vloader.childNodes[0].className &amp;&amp; vloader.childNodes[0].className == 'loading') {
                if (vloader.childNodes[0] != null) {
                  if (vloader.childNodes[0].style.display == 'none' &amp;&amp; flag) {
                    with (vloader.childNodes[0].style) {
                      display = '';
                      width = parseInt(vloader.offsetWidth) + 'px';
                      height = parseInt(vloader.offsetHeight) + 'px'
                    }
                  } else {
                    if (!flag) {
                        vloader.childNodes[0].style.display = 'none'
                          
                        var canwidth = document.getElementById('btn_a_0').offsetWidth;
                        var divheight = document.getElementById('btn_a_0').offsetHeight;
                        var canwidth = parseInt(canwidth + (5% canwidth));
                        var divwidth = parseInt(document.getElementById('divButton').offsetWidth - canwidth);
                        var iDiv = document.createElement('div');
                        iDiv.id = 'buttonBlock';
                        $('##divButton').append(iDiv);
                        $('##buttonBlock').attr('style','margin: 0px 0px 0px '+canwidth+'px; width:'+divwidth+'px; position: absolute; background-color: white; opacity: 0.7; height:'+divheight+'px');
                    }
                  }
                }
              }
              if (!flag) {
                try {
                  parent.$sf('load_divButton').style.display = 'none'
                } catch (err) {
                }
                try {
                  $sf('frmSFBody').contentDocument.getElementById('load_divButton').style.display = 'none'
                } catch (err) {
                }
                try {
                  $sf('frmSFBody').contentDocument.getElementById('framecontent_1').contentDocument.getElementById('load_divButton').style.display = 'none';
                  $sf('frmSFBody').contentDocument.getElementById('framecontent_2').contentDocument.getElementById('load_divButton').style.display = 'none';
                  $sf('frmSFBody').contentDocument.getElementById('framecontent_3').contentDocument.getElementById('load_divButton').style.display = 'none';
                  $sf('frmSFBody').contentDocument.getElementById('framecontent_4').contentDocument.getElementById('load_divButton').style.display = 'none';
                  $sf('frmSFBody').contentDocument.getElementById('framecontent_5').contentDocument.getElementById('load_divButton').style.display = 'none';
                  $sf('frmSFBody').contentDocument.getElementById('framecontent_6').contentDocument.getElementById('load_divButton').style.display = 'none'
                } catch (err) {
                }
              }
            }
		</SCRIPT>
		<BUTTONLIST>
			<BUTTON TYPE="Cancel" LABEL="Back"></BUTTON>
			<BUTTON LABEL="Delete" ACTION="deletePMForm();"></BUTTON>
			<BUTTON LABEL="Revise" ACTION="ReviseFormPerf();"></BUTTON>
			<BUTTON LABEL="Draft" ACTION="senddraft();"></BUTTON>
			<BUTTON LABEL="Send to Approver" TYPE="Submit"></BUTTON>
			<BUTTON LABEL="Open Form" ACTION="unfinalForm();"></BUTTON>
			<BUTTON TYPE="Preview Approver"></BUTTON>
		</BUTTONLIST>
	</SFFORM>
</SFPAGE>









