<SFPAGE TITLE="Organization Unit Objective" ACCESS="hrm.performance.evalform:read">
	<SFFORM TITLE="Organization Unit Objective" DATASOURCE="PerformanceEvaluation.getObjUnitObjective" ACTION="PerformanceEvaluation.SaveEvalKPI" NAME="frmOrgUnitObj" WIDTH="800" HEIGHT="600" SHOWWINDOW="YES">
		<TOOLBAR>
			<BUTTON TYPE="Help"></BUTTON>
			<BUTTON TYPE="Close"></BUTTON>
		</TOOLBAR>
		<FIELDSET LABEL="">
			<INPUT LABEL="Organization Unit" NAME="org_unit" PARAM="org_unit" TYPE="LABEL" />
			<INPUT LABEL="Employee" NAME="full_name" PARAM="full_name" TYPE="LABEL" />
			<INPUT LABEL="Position" NAME="position" PARAM="position" TYPE="LABEL" />
			<INPUT LABEL="" NAME="dept_id" PARAM="dept_id" TYPE="HIDDEN" />
			<INPUT LABEL="" NAME="emp_id" PARAM="emp_id" TYPE="HIDDEN" />
			<INPUT LABEL="" NAME="emp_uid" PARAM="emp_uid" TYPE="HIDDEN" />
			<INPUT LABEL="" NAME="approval_list" PARAM="approval_list" TYPE="HIDDEN" />
			<INPUT LABEL="" NAME="approved_list" PARAM="approved_list" TYPE="HIDDEN" />
			<INPUT LABEL="" NAME="reqemp" PARAM="reqemp" TYPE="HIDDEN" />
			<INPUT LABEL="" NAME="requester" PARAM="requester" TYPE="HIDDEN" />
			<INPUT LABEL="" NAME="useratasan" PARAM="useratasan" TYPE="HIDDEN" />
			<INPUT LABEL="" NAME="loginid" PARAM="loginid" TYPE="HIDDEN" />
			<INPUT LABEL="" NAME="modified_by" PARAM="modified_by" TYPE="HIDDEN" />
			<INPUT LABEL="" NAME="created_by" PARAM="created_by" TYPE="HIDDEN" />
			<INPUT LABEL="" NAME="loginempid" PARAM="loginempid" TYPE="HIDDEN" />
			<INPUT LABEL="" NAME="evalkpi_status" PARAM="evalkpi_status" TYPE="HIDDEN" />
			<!--<INPUT LABEL="" NAME="form_no" PARAM="form_no" DEFAULT="#formno#" TYPE="HIDDEN" />
			<INPUT LABEL="" NAME="request_no" PARAM="request_no" DEFAULT="#reqno#" TYPE="HIDDEN" />-->
			<INPUT LABEL="" NAME="period_code" PARAM="period_code" DEFAULT="#periodcode#" TYPE="HIDDEN" />
			<INPUT LABEL="" NAME="reference_date" PARAM="reference_date" DEFAULT="#refdate#" TYPE="HIDDEN" />
			<INPUT LABEL="" NAME="orgunit_id" PARAM="orgunit_id" DEFAULT="dept_id" TYPE="HIDDEN" />
			<INPUT LABEL="" NAME="approverYN" PARAM="approverYN" DEFAULT="approverYN" TYPE="HIDDEN" />
			<INPUT LABEL="" NAME="head_div" PARAM="head_div" DEFAULT="head_div" TYPE="HIDDEN" />
			
		</FIELDSET>
		<FIELDSET LABEL="-">
			<INPUT LABEL="-" NAME="frmobj" TYPE="SCRIPT" TEMPLATE="hrm.performance.evalform.objectiveorgform?&amp;fromlisting=Y&amp;empid=#empid#&amp;periodcode=#periodcode#&amp;refdate=#refdate#&amp;planformno=#planformno#"/>
		</FIELDSET>
		<SCRIPT FOR="FOOTER">
			var loginempid = $("##inp_loginempid").val();
			var empid = $("##inp_emp_id").val();
			var modif_by = $("##inp_modified_by").val();
			var crea_by = $("##inp_created_by").val();
			var evalkpi_status = $("##inp_evalkpi_status").val();
			var approveryn = $("##inp_approverYN").val();
			var head_div =  $("##inp_head_div").val();
			
			if(evalkpi_status==3)
			{
				$("##btn_a_1").hide();
				$("##btn_a_2").hide();
				$("##btn_a_3").hide();
			}
			else if (!crea_by.length [and] !modif_by.length){
			}
		
		 	else if (evalkpi_status ==1 [and] '#request.scookie.user.uname#' == crea_by) 
			{
				$("##btn_a_1").hide();
				$("##btn_a_3").hide();
			} 
			else if(evalkpi_status == 0 [and] '#request.scookie.user.uname#' != modif_by){
				$("##btn_a_1").hide();
				$("##btn_a_2").hide();
				$("##btn_a_3").hide();
			}
			//btn0 : cancel, btn1:save, btn2:verify, btn3:confirm
			if(approveryn == 1 [and] head_div == 1)
			{
				$("##btn_a_3").hide();
			}
			else if(approveryn == 1 [and] head_div == 0)
			{
				$("##btn_a_3").hide();
			}
			else if(head_div == 1 [and] approveryn == 0)
			{
			
				$("##btn_a_2").hide();
			}
			else if( head_div == 0 [and] approveryn == 0)
			{
				$("##btn_a_1").hide();
				$("##btn_a_2").hide();
				$("##btn_a_3").hide();
			}
			
			//alert(loginempid+'='+empid+'='+modif_by+'='+crea_by+'='+evalkpi_status);
			function verify(){
				strLinkOld=sLink;
				sLink=sLink+'&amp;sendtype=3';
				validateForm(document.frmOrgUnitObj);
				sLink=strLinkOld;
			}
			
			function save(){
				strLinkOld=sLink;
				sLink=sLink+'&amp;sendtype=0';
				validateForm(document.frmOrgUnitObj);
				sLink=strLinkOld;
			}
			
			function confirmOrgObj(){
				strLinkOld=sLink;
				sLink=sLink+'&amp;sendtype=1';
				validateForm(document.frmOrgUnitObj);
				sLink=strLinkOld;
			}
			
			function validateOther(){
			    var st = sLink.search("sendtype=0");
			    var lanjut = 1;
			    
			    $('select[name^="org_score_"]').each(function(){
                    if(!$(this).val().length){
    					lanjut = 0;
				        return false;
	                }
                })
				
				$('select[name^="org_achievement_"]').each(function(){
                    if(!$(this).val().length){
    					lanjut = 0;
				        return false;
	                }
                })
				
				$('input[name^="org_achievement_"]').each(function(){
                    if(!$(this).val().length){
    					lanjut = 0;
				        return false;
	                }
                })
				$('input[name^="org_score_"]').each(function(){
                    if(!$(this).val().length){
    					lanjut = 0;
				        return false;
	                }
                })
			    
			    if( lanjut ){
			        return true;
			    }
				else if( st[lt]0 ){
				    alert("[SFTEXT:ERPlease set all score fields before submitting this form]");
    				return false;
				}
				else{
    				return true;
				}
			}
			
			function getLookUpReturn(objdata,lookval,targetval){
				var val = lookval;
				var returnval = lookval;

				if(objdata.method == 'DIVIDE'){
					val = parseFloat(lookval)/parseFloat(targetval);
				}
				else if(objdata.method == 'MINUS'){
					val = parseFloat(lookval)-parseFloat(targetval);
				}
		
				if(objdata.symbol == 'EQ'){
					for (key in objdata.look) {
						if (parseFloat(val) == parseFloat(objdata.look[key])){
							returnval = objdata.return[key];
							break;
						}
					}
				}
				else if(objdata.symbol == 'LTE'){
					for (key in objdata.look) {
						if (parseFloat(val) [lt]= parseFloat(objdata.look[key])){
							returnval = objdata.return[key];
							break;
						}
					}
				}
				else if(objdata.symbol == 'LT'){
					for (key in objdata.look) {
						if (parseFloat(val) [lt] parseFloat(objdata.look[key])){
							returnval = objdata.return[key];
							break;
						}
					}
				}
				else if(objdata.symbol == 'GT'){
					for (key in objdata.look) {
						if (parseFloat(val) [gt] parseFloat(objdata.look[key])){
							returnval = objdata.return[key];
							break;
						}
					}
				}
				else if(objdata.symbol == 'GTE'){
					for (key in objdata.look) {
						if (parseFloat(val) [gt]= parseFloat(objdata.look[key])){
							returnval = objdata.return[key];
							break;
						}
					}
				}

				return returnval;
			}		

		</SCRIPT>
		<BUTTONLIST>
			<BUTTON TYPE="Cancel"></BUTTON>
			<BUTTON LABEL="Draft" ACTION="save()"></BUTTON>
			<BUTTON LABEL="Verify" ACTION="verify()"></BUTTON>
			<BUTTON LABEL="Confirm" ACTION="confirmOrgObj()"></BUTTON>
		</BUTTONLIST>
		
	</SFFORM>
</SFPAGE>

