<SFPAGE TITLE="evalform" ACCESS="hrm.performance.evalform:read">
	<SFFORM TITLE="View" DATASOURCE="" GROUPFIELD="hierarchy" ACTION="PerformanceEvaluation.SendToNext" NAME="frmPerfEval" WIDTH="1000" HEIGHT="800">
		<TOOLBAR>
			<BUTTON TYPE="Reload"></BUTTON>
			<BUTTON TYPE="Help"></BUTTON>
			<BUTTON TYPE="Close"></BUTTON>
		</TOOLBAR>
		<SCRIPT>
			loadScript('#application.path.lib#/scripts/pm/jquery.flot.min.js');
		</SCRIPT>
		<FIELDSET LABEL="-">
			<INPUT LABEL="~" NAME="requestfor" PARAM="empid" TYPE="HIDDEN" DEFAULT="{empid}"/>
			<INPUT LABEL="-" NAME="a" TYPE="SCRIPT" TEMPLATE="hrm.performance.evalform.mainform?empid=#empid#&amp;reqno=#reqno#&amp;formno=#formno#&amp;periodcode=#periodcode#&amp;refdate=#refdate#&amp;planformno=#planformno#&amp;afsp=Y"/>
		</FIELDSET>
		<SCRIPT FOR="FOOTER">
			function validateOther(){
				var objApprValues = {};
				$.each($('[name=iframe1]').contents().find('[name=framecontent_1]').contents().find('form##SaveAppraisal').serializeArray(), function(i, field){
				  //$("##appraisalArray").append(field.name + ":" + field.value + ",");
				  objApprValues[field.name] = field.value;
				});
				$("##appraisalArray").val("");
				$("##appraisalArray").val(JSON.stringify(objApprValues));
				
				var objOrgValues = {};
				$.each($('[name=iframe1]').contents().find('[name=framecontent_2]').contents().find('form##SaveObjectiveOrg').serializeArray(), function(i, field){
				  //$("##objectiveorgArray").append(field.name + ":" + field.value + ",");
 				  objOrgValues[field.name] = field.value;
				});
				$("##objectiveorgArray").val("");
				$("##objectiveorgArray").val(JSON.stringify(objOrgValues));

				var objPersValues = {};
				$.each($('[name=iframe1]').contents().find('[name=framecontent_3]').contents().find('form##SaveObjective').serializeArray(), function(i, field){
				  //$("##objectiveArray").append(field.name + ":" + field.value + ",");
 				  objPersValues[field.name] = field.value;
				});
				$("##objectiveArray").val("");
				$("##objectiveArray").val(JSON.stringify(objPersValues));

				var objCompValues = {};
				$.each($('[name=iframe1]').contents().find('[name=framecontent_4]').contents().find('form##SaveCompetency').serializeArray(), function(i, field){
				  //$("##competencyArray").append(field.name + ":" + field.value + ",");
 				  objCompValues[field.name] = field.value;
				});
				$("##competencyArray").val("");
				$("##competencyArray").val(JSON.stringify(objCompValues));
				
				if(parseInt($('##appraisalform_loaded').val())[and]parseInt($('##objectiveorgform_loaded').val())[and]parseInt($('##objectiveform_loaded').val())[and]parseInt($('##competencyform_loaded').val())[and]parseInt($('##taskform_loaded').val())[and]parseInt($('##feedbackform_loaded').val())){
					return true;
				}
				else{
					alert("[SFTEXT:ERThis action could not be done because all forms is not yet loaded]");
				}
			}

			function senddraft(){
				strLinkOld=sLink;
				sLink=sLink+'&amp;sendtype=draft';
				validateForm(document.frmPerfEval);
				sLink=strLinkOld;
			}
			function sendfromdraft(){
				strLinkOld=sLink;
				sLink='?ofid=PerformanceEvaluation.Save'+'&amp;action=sendtoapprover&amp;sendtype=sendfromdraft';
				validateForm(document.frmPerfEval);
				sLink=strLinkOld;
			}
			function sendDirectFinal(){
				strLinkOld=sLink;
				sLink='?ofid=PerformanceEvaluation.Save'+'&amp;action=sendtoapprover&amp;sendtype=directfinal';
				validateForm(document.frmPerfEval);
				sLink=strLinkOld;
			}
			function FinalConclusion(){
				strLinkOld=sLink;
				sLink=sLink+'&amp;sendtype=final';
				validateForm(document.frmPerfEval);
				sLink=strLinkOld;
			}
			function ReviseFormPerf(){
				if(! $('##remarkNotesForPMForf').length){
					$('##btn_a_2').after('[lt]div id="remarkNotesForPMForf" style="position: absolute; right: 20px; bottom: 50px; border: solid .15em; padding: 10px; background-color: beige;"[gt][SFTEXT:FDNotes] [lt]font color="red"[gt]*[lt]/font[gt] : [lt]br /[gt][lt]br /[gt][lt]textarea name="revisingNotes" cols="30" rows="3" maxlength="255"[gt][lt]/textarea[gt][lt]/div[gt]')
					$('[textarea[name="revisingNotes"]').focus();
				}
				else if($('textarea[name="revisingNotes"]').val().length [lt] 1){
					$('[textarea[name="revisingNotes"]').focus();
					alert("[SFTEXT:ERPlease write your notes to revise]");
				}
				else{
					strLinkOld=sLink;
					sLink='?ofid=PerformanceEvaluation.Revise';
					validateForm(document.frmPerfEval);
					sLink=strLinkOld;
				}
			}
			
			function deletePMForm(){
				strLinkOld=sLink;
				sLink='?ofid=PerformanceEvaluation.DeleteReqForm';
				validateForm(document.frmPerfEval);
				sLink=strLinkOld;
			}
			
			function unfinalForm(){
				strLinkOld=sLink;
				sLink='?ofid=PerformanceEvaluation.UnfinalPerfEvalForm';
				validateForm(document.frmPerfEval);
				sLink=strLinkOld;
			}

			function setInit(){
					$('a[id^="btn_a_"]').css("display","none");
					$('a[id="btn_a_0"]').css("display","");
			}
			setInit();

		</SCRIPT>
		<!--
		<BUTTONLIST>
			<BUTTON TYPE="Cancel"></BUTTON>
			<BUTTON LABEL="Delete" ACTION="deletePMForm();"></BUTTON>
			<BUTTON LABEL="Revise" ACTION="ReviseFormPerf();"></BUTTON>
			<BUTTON LABEL="Draft" ACTION="senddraft();"></BUTTON>
			<BUTTON LABEL="Send to Approver" TYPE="Submit"></BUTTON>
			<BUTTON LABEL="Open Form" ACTION="unfinalForm();"></BUTTON>
		</BUTTONLIST>
		-->
	</SFFORM>
</SFPAGE>
