<SFPAGE TITLE="Detail Evaluation Form" ACCESS="hrm.performance.evalform:read">
	
		<SFFORM TITLE="Detail Evaluation Form" DATASOURCE="" ACTION="" NAME="frmDelPerfEval" WIDTH="100%" HEIGHT="100%">
		<TOOLBAR>
			<BUTTON TYPE="Reload"></BUTTON>
			<BUTTON TYPE="Help"></BUTTON>
			<BUTTON TYPE="Close"></BUTTON>
		</TOOLBAR>
		<SCRIPT>
			loadScript('#application.path.lib#/scripts/pm/jquery.flot.min.js');
		</SCRIPT>
		<FIELDSET LABEL="-">
			<INPUT LABEL="~" NAME="requestfor" PARAM="empid" TYPE="HIDDEN" DEFAULT="{empid}"/>
			<INPUT LABEL="-" TYPE="SCRIPT" TEMPLATE="hrm.performance.evalform.viewdetailevalform&amp;form_no=#URL.formno#&amp;emp_id=#URL.empid#"/>
			
		</FIELDSET>
		<SCRIPT FOR="FOOTER">
		    
			
            
		</SCRIPT>
		<BUTTONLIST>
            <BUTTON TYPE="Cancel"></BUTTON>
		</BUTTONLIST>
	</SFFORM>
</SFPAGE>







