<SFPAGE TITLE="Add Box Analysis Setting" ACCESS="hrm.setting.performance.boxanalysis:add">
	<SFFORM TITLE="Add" DATASOURCE="" ACTION="BoxAnalysis.Add" NAME="frmboxanalysis" HEIGHT="600" WIDTH="1100">
		<TOOLBAR>
			<BUTTON TYPE="Help"></BUTTON>
			<BUTTON TYPE="Close"></BUTTON>
		</TOOLBAR>
		<FIELDSET NAME="f1">

			
			<INPUT LABEL="Box Analysis Code" NAME="hav_code" PARAM="hav_code" TYPE="HIDDEN"  DEFAULT="Util.getCode('BOXANALYSIS','no','true')" GROUP="code~" VALIDATE="CODE"/>
			<INPUT LABEL="Box Analysis Name" NAME="hav_name" PARAM="hav_name" TYPE="TEXT" MULTILANG="YES" REQUIRED="YES"/>
			
		</FIELDSET>
		
		<FIELDSET NAME="x_axis" LABEL="X-Axis">
			<INPUT LABEL="-" NAME= "xaxis" TYPE="SCRIPT" TEMPLATE="hrm.setting.performance.boxanalysis.x_axis"/>
		</FIELDSET>
			
		<FIELDSET NAME="y_axis" LABEL="Y-Axis">
		
			<INPUT LABEL="-" NAME= "yaxis" TYPE="SCRIPT" TEMPLATE="hrm.setting.performance.boxanalysis.y_axis"/>
		</FIELDSET>
		
		
		
		<BUTTONLIST>
			<BUTTON TYPE="Cancel"></BUTTON>
			<BUTTON TYPE="Delete"></BUTTON>
			<BUTTON TYPE="Submit" LABEL="Submit and Set Matrix"></BUTTON>
		</BUTTONLIST>
		<SCRIPT FOR="FOOTER">
			loadScript("#Application.PATH.LIB#/scripts/ajaxutility.js",null,null);
			
			function isNumberKey(evt){
                var charCode = (evt.which) ? evt.which : evt.keyCode;
                if (charCode != 46 &amp;&amp; charCode &gt; 31 &amp;&amp; (charCode &lt; 48 || charCode &gt; 57))
                    return false;
                    
                return true;
            }
			
			function pickConclusionList(vval, vtxt, cfunc, selm) {
				if (typeof(selm) == 'undefined') {
					top.isPickLookupList = true;
				}
				var otip = $sf("spTip");
				if (otip == null) return;
				if (selm != null) {
					var oelm = $sf(selm);
					if (oelm != null)
						otip.elm = oelm;
				}
			 
				if (otip.elm != null) {
					if ($sf('err' + otip.elm.id)) {
						$sf('err' + otip.elm.id).style.display = "none";
					}
					if (otip.elm.value != null) {
						if (vtxt != null) {
							//logthis(vtxt);
							otip.elm.value = vtxt.split('|')[0];
							if (selm == null)
								formodified(otip.elm);
							var ohdn_ = "hdn" + otip.elm.id.substr(3);
							var ohdn = $sf(ohdn_);
							if (!ohdn) {
								if (frames) { 
									for (var i = 0; i &lt; frames.length; i++) {
									   
										if ($sf(ohdn_, frames[i]) != null) {
											ohdn = $sf(ohdn_, frames[i]);
											break;
										}
									}
								}
							}
							if (ohdn != null) {
								ohdn.value = vval;
							}
						} else {
							otip.elm.value = vval;
						}
					} else if (otip.elm.innerHTML != null) {
						if (vtxt != null)
							otip.elm.innerHTML = vtxt;
						else
							otip.elm.innerHTML = vval;
					}
				}
				hideTip();
				if (cfunc) {
					cfunc();
				}
				//chkUseNormal()
			}
			
			
			function showHideDataSource(axis)
			{
				
				if(document.getElementById('rdDatasource_'+axis[0]).checked==true)
				{
					document.getElementById('tdOPC_'+axis).style.display='none';
					document.getElementById('headertotPM_'+axis).style.display='';
					
				}else {
				
					document.getElementById('tdOPC_'+axis).style.display='';
					document.getElementById('headertotPM_'+axis).style.display='none';
					
				}
			}
			
			function validateOther(){
				
				var checklang = false;
				var checkds = false;
				var checkwg = true;
				var checkpwg = true;
				var errmsg = "";
				var axis = new Array("x","y")
				var lang = "#REQUEST.SFSESS.SESSLANG#".split(',');
				
				var FromX = $('##inp_hdntotOPCdatasource_x').val();
				var FromY = $('##inp_hdntotOPCdatasource_y').val();
					for (a= 1; a &lt;=FromX; a++){
						for (b = 1; b &lt;=FromX; b++) {
							if (a != b){
								if (document.getElementById('selOPCdatasource_x_'+a).value == document.getElementById('selOPCdatasource_x_'+b).value){
									alert('[SFTEXT:ERDont Select Same Value Datasource X-Axis]');
									$('##selOPCdatasource_x_'+b).focus();
									return false;
									break;
								}
							}
						}
					}
					for (c= 1; c &lt;=FromY; c++){
						for (d = 1; d &lt;=FromY; d++) {
							if (c != d){
								if (document.getElementById('selOPCdatasource_y_'+c).value == document.getElementById('selOPCdatasource_y_'+d).value){
									alert('[SFTEXT:ERDont Select Same Value Y-Axis]');
									$('##selOPCdatasource_y_'+d).focus();
									return false;
									break;									
								}
							}
						}
					}
					
				for(i=0;i&lt;axis.length;i++)
				{
					
					for(var x=0;x&lt;lang.length;x++){
						
						
						if($('##inp_'+axis[i]+'_title_'+lang[x]).val().length==0)
						{
							if(axis[i]=='x'){
								alert('[SFTEXT:ERPlease Input Valid Entry for Title X]'); 
								$('##inp_'+axis[i]+'_title_'+lang[x]).focus();return false;
							}
							else{
								alert('[SFTEXT:ERPlease Input Valid Entry for Title Y]'); 
								$('##inp_'+axis[i]+'_title_'+lang[x]).focus();return false;
							}
						}else{checklang = true;}
					}
					
					if ($('input[name=rdDatasource_'+axis[i]+']:checked').length > 0 )
					{
						checkds = true;
					}else{
						if(axis[i]=='x'){
							alert('[SFTEXT:ERPlease Check X Axis Datasource]'); return false;
						}
						else{alert('[SFTEXT:ERPlease Check Y Axis Datasource]'); return false;}
						
					}
					
					
				
					if ($('##rdDatasource_'+axis[i]+'1').is(':checked')){
						var totds = $('##inp_hdntotOPCdatasource_'+axis[i]).val();
						
						for(var ds=1;ds&lt;=totds;ds++){
							
							if($('##txtweightOPC_'+axis[i]+'_'+ds).val().length==0 ){
								if(axis[i]=='x'){
									alert('[SFTEXT:ERPlease check weight at x axis datasoure, row ] '+ds) ;
								}
								else{
									alert('[SFTEXT:ERPlease check weight at y axis datasoure, row ] '+ds) ;
								}
								
								$('##txtweightOPC_'+axis[i]+'_'+ds).focus()
								
								checkwg=false;
								return false;
								
							}else{checkwg=true;}
							
							var totperiod = $('##inp_hdntotperiodOPC_'+axis[i]+'_P_'+ds).val();
							
							for(var pw=1;pw&lt;totperiod;pw++){
							
								if ($('##inp_weightOPC_'+axis[i]+'_P_'+ds).val().length==0 ){
								
									if(axis[i]=='x'){
										alert('[SFTEXT:ERPlease check historical period weight at x axis datasoure, row ] '+ds) ;
									}
									else{
										alert('[SFTEXT:ERPlease check historical period weight at y axis datasoure, row ] '+ds) ;
									}
									
									$('##inp_weightOPC_'+axis[i]+'_P_'+ds).focus();
									
									checkpwg=false;
									return false;
								
								}
								else if($('##inp_weightOPC_'+axis[i]+'_P_'+ds+'_'+pw).val().length==0){
									
									if(axis[i]=='x'){
										alert('[SFTEXT:ERPlease check historical period weight at x axis datasoure, row ] '+ds) ;
									}
									else{
										alert('[SFTEXT:ERPlease check historical period weight at y axis datasoure, row ] '+ds) ;
									}
									
									$('##inp_weightOPC_'+axis[i]+'_P_'+ds+'_'+pw).focus();
									
									checkpwg=false;
									return false;
								
								}
								
								else{
									checkpwg=true;
								}
							}
							
							
						}
						
						
					}else{
					
						var totperiod = $('##inp_hdntotperiod_'+axis[i]+'_P').val();
							
						for(var pw=1;pw&lt;totperiod;pw++){
						
							if ($('##inp_weight_'+axis[i]+'_P').val().length==0 ){
							
								if(axis[i]=='x'){
									alert('[SFTEXT:ERPlease check historical period weight at x axis datasoure, row ] '+ds) ;
								}
								else{
									alert('[SFTEXT:ERPlease check historical period weight at y axis datasoure, row ] '+ds) ;
								}
								
								$('##inp_weight_'+axis[i]+'_P').focus();
								
								checkpwg=false;
								return false;
							
							}
							else if($('##inp_weight_'+axis[i]+'_P_'+pw).val() == undefined || $('##inp_weight_'+axis[i]+'_P_'+pw).val().length==0){
								
								if(axis[i]=='x'){
									alert('[SFTEXT:ERPlease check historical period weight at x axis datasoure, row ] '+ds) ;
								}
								else{
									alert('[SFTEXT:ERPlease check historical period weight at y axis datasoure, row ] '+ds) ;
								}
								
								$('##inp_weight_'+axis[i]+'_P_'+pw).focus();
								
								checkpwg=false;
								return false;
							
							}
							
							else{
								checkpwg=true;
							}
						}
					
					
					}
				
				}
				
				
				if(checkds==true [and] checkwg==true [and] checklang==true [and] checkpwg==true){
               		return true;
          	 	}
				
				
			}
		</SCRIPT>
		
	</SFFORM>
</SFPAGE>

