<SFPAGE TITLE="Edit Box Analysis Setting" ACCESS="hrm.setting.performance.boxanalysis:edit">
	<SFFORM TITLE="Edit" DATASOURCE="BoxAnalysis" ACTION="BoxAnalysis.save" NAME="frmboxanalysis" HEIGHT="600" WIDTH="1100">
		<TOOLBAR>
		
		
		</TOOLBAR>
		<TABPAGE WIDTH="750" HEIGHT="580">
			<TABROW>
				<TAB LABEL="Description" PAGELINK="hrm.setting.performance.boxanalysis.edit_setting&amp;hav_code=#hav_code#"/>
				<TAB LABEL="Process" PAGELINK="hrm.setting.performance.boxanalysis.listing_process&amp;hav_code=#hav_code#"/>
			</TABROW>
		</TABPAGE>
		
		
	</SFFORM>
</SFPAGE>
