<SFPAGE TITLE="Edit Box Analysis Process" ACCESS="hrm.setting.performance.boxanalysis:edit">
	<SFFORM TITLE="Edit" DATASOURCE="BoxAnalysisProcess" ACTION="" NAME="frmboxanalysisProcess">
		<TOOLBAR>
			<BUTTON TYPE="Help"></BUTTON>
			<BUTTON TYPE="Close"></BUTTON>
		</TOOLBAR>
		<FIELDSET>
			<INPUT LABEL="Box Analysis Code" NAME="hav_code" PARAM="hav_code"  TYPE="LABEL"/>
			<INPUT LABEL="X-Axis Title" NAME="x_title" PARAM="x_title"  TYPE="LABEL"/>
			<INPUT LABEL="Y-Axis Title" NAME="y_title" PARAM="y_title"  TYPE="LABEL"/>
			<INPUT LABEL="Reference Date" TYPE="LABEL" NAME="reference_date" PARAM="reference_date" LABELDATE="#request.config.DATE_OUTPUT_FORMAT#" />
			<INPUT LABEL="Modified Date" TYPE="LABEL" NAME="modified_date" PARAM="modified_date" LABELDATE="#request.config.DATE_OUTPUT_FORMAT#" />

			<INPUT LABEL="~" NAME="reference_date" PARAM="reference_date" TYPE="HIDDEN" />
			<INPUT LABEL="~" NAME="modified_date" PARAM="modified_date" TYPE="HIDDEN" />
		</FIELDSET>
		<BUTTONLIST>
			<BUTTON TYPE="Cancel"></BUTTON>
			<BUTTON TYPE="Delete"></BUTTON>
		</BUTTONLIST>
		
	</SFFORM>
</SFPAGE>


