<SFPAGE TITLE="BoxAnalysisProcess" ACCESS="hrm.setting.performance.boxanalysis:read">
   javascript:void(0)
	<SFGRID DATASOURCE="BoxAnalysisProcess" TITLE="Box Analysis Process" passing="hav_code">
		
		<TOOLBAR TYPE="GRID">
			<BUTTON TIP="Add" ICON="toolicon-add.png" ACTION="?xfid=hrm.setting.performance.boxanalysis.process" LINKTYPE="INNERPOP"></BUTTON>
			<BUTTON TYPE="Print"></BUTTON>
			<BUTTON TYPE="PDF"></BUTTON>
			<BUTTON TYPE="Excel"></BUTTON>
			<BUTTON TYPE="Reload"></BUTTON>
			<BUTTON TYPE="Help"></BUTTON>
		</TOOLBAR>
		
		<COLUMN TITLE="Box Analysis Code" FIELD="hav_code" WIDTH="100" LINK="hrm.setting.performance.boxanalysis.edit_process?hav_code=[hav_code]&amp;reference_date=[refdate]" LINKTYPE="INNERPOP" ></COLUMN>
		<COLUMN TITLE="X-Axis Title" FIELD="x_title"></COLUMN>
		<COLUMN TITLE="Y-Axis Title" FIELD="y_title"></COLUMN>
		<COLUMN TITLE="Reference Date" FIELD="reference_date" FORMAT="sdate"></COLUMN>
		<COLUMN TITLE="Modified Date" FIELD="modified_date" FORMAT="sdate"></COLUMN>
		<COLUMN TITLE="Process" LABEL="Reprocess"  LINK="javascript:reprocess('[hav_code];[refdate];');"  LINKTYPE="JS"  TIP="Reprocess Box Analysis"/>
		
        <SCRIPT FOR="FOOTER">
	        function reprocess(str){
	            var arrSTRPF = str.split(';')
                var a =   confirm("Are You Sure Want to Reprocess This Data ? ");
                if(a == true){
                    var sLink;
                    sLink = '?ofid=BoxAnalysisProcess.process&amp;hav_code='+arrSTRPF[0]+'&amp;reference_date='+arrSTRPF[1]+'&amp;reprocess=1&amp;popMsg=Yes';
                    $.post(sLink,function(result) {
                    $("##spAjax").html(result);			
                    });  
                }else{
                    
      
                }
	       }
	</SCRIPT>
      
	</SFGRID>

    

</SFPAGE>



