<SFPAGE TITLE="BoxAnalysisSetting" ACCESS="hrm.setting.performance.boxanalysis:read">
	<SFGRID DATASOURCE="BoxAnalysis" TITLE="Box Analysis Setting">
		<TOOLBAR>
			<BUTTON TYPE="Add"></BUTTON>
			<BUTTON TYPE="Print"></BUTTON>
			<BUTTON TYPE="PDF"></BUTTON>
			<BUTTON TYPE="Excel"></BUTTON>
			<BUTTON TYPE="Reload"></BUTTON>
			<BUTTON TYPE="Help"></BUTTON>
		</TOOLBAR>
		
		<COLUMN TITLE="Box Analysis Code" FIELD="hav_code" WIDTH="100" LINK="hrm.setting.performance.boxanalysis.edit?hav_code=[hav_code]" LINKTYPE="INNERPOP"></COLUMN>
		<COLUMN TITLE="Box Analysis name" FIELD="hav_name"></COLUMN>
	</SFGRID>
</SFPAGE>