<SFPAGE TITLE="Edit Box Analysis Setting" ACCESS="hrm.setting.performance.boxanalysis:edit">
	<SFFORM TITLE="Process" ACTION="BoxAnalysisProcess.process" NAME="frmproses" HEIGHT="600" WIDTH="1100">
		<TOOLBAR>
			<BUTTON TYPE="Reload"></BUTTON>
			<BUTTON TYPE="Help"></BUTTON>
			<BUTTON TYPE="Close"></BUTTON>
		</TOOLBAR>
		
		<FIELDSET>

			<INPUT LABEL="HAV Code" NAME="hav_code" PARAM="hav_code" TYPE="LABEL" DEFAULT="{hav_code}"/>
			<INPUT LABEL="HAVCode" NAME="hav_code" PARAM="hav_code" TYPE="HIDDEN" DEFAULT="{hav_code}"/>
			<INPUT LABEL="Reference Date" NAME="reference_date" REQUIRED="YES" PARAM="startdate" DEFAULT='TODAY' TYPE="DATE" GROUP="date"/>
			
		</FIELDSET>
		
		<BUTTONLIST>
			<BUTTON TYPE="Cancel"></BUTTON>
			<BUTTON TYPE="Submit"></BUTTON>
		</BUTTONLIST>
		
	</SFFORM>
</SFPAGE>
