<SFPAGE TITLE="Box Analysis Set Grid"  ACCESS="hrm.setting.performance.boxanalysis:add">
	<SFFORM TITLE="Set Grid" DATASOURCE="" ACTION="BoxAnalysis.setGrid" NAME="frmsetgrid" HEIGHT="600" WIDTH="1100">
		<TOOLBAR>
			<BUTTON TYPE="Help"></BUTTON>
			<BUTTON TYPE="Close"></BUTTON>
		</TOOLBAR>
			<FIELDSET>
				<INPUT LABEL="-" NAME="axis_name" PARAM="axis_name" TYPE="LABEL" />
			</FIELDSET>
			
			<FIELDSET LABEL="Grid">
				<INPUT LABEL="-" NAME= "setgrid" TYPE="SCRIPT" TEMPLATE="hrm.setting.performance.boxanalysis.setgrid&amp;hav_code=#hav_code#&amp;totbaris=#url.gridnum#&amp;axis=#url.axis_name#"/>
			</FIELDSET>
		
		
		<BUTTONLIST>
			<BUTTON TYPE="Cancel"></BUTTON>
			<BUTTON TYPE="Submit"></BUTTON>
		</BUTTONLIST>
		
		</SFFORM>
	

</SFPAGE>