<SFPAGE TITLE="Box Analysis Set Matrix"  ACCESS="hrm.setting.performance.boxanalysis:add">
	<SFFORM TITLE="Set Matrix" DATASOURCE="" ACTION="BoxAnalysis.setMatrix" NAME="frmsetmatrix" HEIGHT="600" WIDTH="1100">
		<TOOLBAR>
			<BUTTON TYPE="Help"></BUTTON>
			<BUTTON TYPE="Close"></BUTTON>
		</TOOLBAR>
		
			<FIELDSET NAME="f1">
				
				<INPUT LABEL="-" NAME= "setmatrix" TYPE="SCRIPT" TEMPLATE="hrm.setting.performance.boxanalysis.setmatrix&amp;hav_code=#hav_code#"/>
			</FIELDSET>
		
			<BUTTONLIST>
				<BUTTON TYPE="Cancel"></BUTTON>
				<BUTTON TYPE="Submit"></BUTTON>
			</BUTTONLIST>
		
		</SFFORM>
</SFPAGE>