<SFPAGE TITLE="Box Analysis Set Region"  ACCESS="hrm.setting.performance.boxanalysis:add">
	<SFFORM TITLE="Set Region" DATASOURCE="" ACTION="BoxAnalysis.setRegion" NAME="frmsetregion" HEIGHT="600" WIDTH="1100">
		<TOOLBAR>
			<BUTTON TYPE="Help"></BUTTON>
			<BUTTON TYPE="Close"></BUTTON>
		</TOOLBAR>
		
			<FIELDSET LABEL="Region">
				<INPUT LABEL="-" NAME= "setregion" TYPE="SCRIPT" TEMPLATE="hrm.setting.performance.boxanalysis.setregion&amp;hav_code=#hav_code#&amp;grid=#grid#&amp;currgrid=#currgrid#"/>
			</FIELDSET>
		
		
		<BUTTONLIST>
			<BUTTON TYPE="Cancel"></BUTTON>
			<BUTTON TYPE="Submit"></BUTTON>
		</BUTTONLIST>
	
		
		</SFFORM>
	

</SFPAGE>

