<SFPAGE TITLE="ScoreAdjustment" ACCESS="hrm.performance.scoreAdjustment:edit">
	<SFFORM TITLE="Add Score Adjustment" DATASOURCE="" ACTION="ScoreAdjustment.add" NAME="frmAddScoreAdj" WIDTH="1050" HEIGHT="500">
		<TOOLBAR>
			<BUTTON TYPE="Help"></BUTTON>
			<BUTTON TYPE="Close"></BUTTON>
		</TOOLBAR>
		<FIELDSET>
			<INPUT LABEL="Adjustment Number" NAME="transNo" PARAM="transNo" TYPE="TEXT" REQUIRED="YES" DEFAULT="Util.getCode('PM_ADJUSTMENT','no','false')" GROUP="code~"/>
			<INPUT LABEL="" NAME="transno_doc" PARAM="transno_doc" TYPE="LABEL" DEFAULT="Util.getCode('PM_ADJUSTMENT','no','false')" GROUP="code~"/>

			<INPUT LABEL="Reason" TYPE="MEMO" MAXLEN="255" COL="40" ROW="3" NAME="Reason" PARAM ="Reason"  REQUIRED="YES" />
			<INPUT LABEL="Performance Period" NAME="PMPeriod" REQUIRED="Yes" TYPE="SELECT" LISTSOURCE="ScoreAdjustment.PerformancePeriod"  ONCHANGE="reloadPerfCode(this);"/>
			
			<INPUT LABEL="Other Performance Period" NAME="OtherPMPeriod" PARAM="PMPeriodCode" TYPE="FILTER" LISTSOURCE="ScoreAdjustment.OtherPerformancePeriod" LISTMEMBER="" ROW="7" MAXROW="50"/>
			
			<INPUT LABEL="Grade" NAME="filter_grade" PARAM="filter_grade" TYPE="FILTER" REQUIRED="YES" LISTSOURCE="ScoreAdjustment.filterGrade" ROW="10" MAXROW="10000" SHOWCHECKBOXALL="YES" CHECKBOXOPTION="1*=All Grades" CHECKBOXPARAM="isfilteremp" CHECKBOXCHECKED="NO"/>
			<INPUT LABEL="Organization Unit" NAME="filter_orgunit" PARAM="filter_orgunit" TYPE="FILTER" REQUIRED="YES" LISTSOURCE="ScoreAdjustment.getOrgUnit" ROW="10" MAXROW="10000" SHOWCHECKBOXALL="YES" CHECKBOXOPTION="1*=All Organization Units" CHECKBOXPARAM="isfilteremp" CHECKBOXCHECKED="NO"/>
			<INPUT LABEL="Employees" NAME="filter_emp" PARAM="filter_emp" TYPE="FILTER" REQUIRED="YES" LISTSOURCE="ScoreAdjustment.filterEmployee" ROW="10" MAXROW="10000" SHOWCHECKBOXALL="YES" CHECKBOXOPTION="1*=All Employees" CHECKBOXPARAM="isfilteremp" CHECKBOXCHECKED="NO"/>
			<!--<INPUT TYPE="SCRIPT" NAME="conclusionTbl" TEMPLATE="hrm.performance.scoreadjustment.conclusiontable&amp;add=1"/>-->

			<INPUT LABEL="Show Calculation" NAME="calc_adj" TYPE="BUTTON" SIZE="80" ONCLICK="this.blur;calcScoreAdjust()"/>
		</FIELDSET>
		
		<FIELDSET LABEL="Calculation" name="aaa">
			<INPUT TYPE="SCRIPT" NAME="adjustmentForm" TEMPLATE="hrm.performance.scoreadjustment.adjustment&amp;add=1" />
		</FIELDSET>
		
		<BUTTONLIST>
			<BUTTON TYPE="Cancel"></BUTTON>
			<BUTTON LABEL="Draft" ACTION="checkForm('draft');"></BUTTON>
			<BUTTON LABEL="Submit" ACTION="checkForm('submit');"></BUTTON>
			<!--<BUTTON LABEL="Send to Next Reviewer" TYPE="Send"></BUTTON>-->
		</BUTTONLIST>
		<script FOR="FOOTER">
		$('##btn_a_1').hide();
		$('##btn_a_2').hide();
		document.getElementById('fset_1').style.display = "none";

		function checkForm(type){
          
			if (type =='draft'){
			/* console.log('gordon');*/
				strLinkOld=sLink;
				sLink=sLink+'&amp;action=draft';
			}
			else {
				strLinkOld=sLink;
				sLink=sLink+'&amp;action=submit';
			}
				
			validateForm(document.frmAddScoreAdj);
			sLink=strLinkOld;
		}
		
		function validateOther(){
		    var totalPerc = 0;
			var okSubmit = true;
			var alertValidateEmpty = 0;
			  $('select[name="txtAdjusted"]').each(function(i, selected){ 
			   
				if($(selected).val()!==null){
					if($(selected).val().length == 0 || $(selected).val()==' ' || $(selected).val()==''){
					alertValidateEmpty = 1;
					okSubmit = false;
					} 
				}

            });
			if(alertValidateEmpty==1){
				alert('[SFTEXT:Please choose Adjusted Conclusion]');
			}
		    $('input[name^="dist_"]').each(function(){
		        totalPerc+=parseFloat($(this).val());
		    });
		    if(totalPerc != 100){
		        alert("[SFTEXT:ERTotal distribution percentage must be 100]");
				okSubmit = false;
		    }
		    else if(!($('input[name="txtFormNo"]').length)){
		        alert("[SFTEXT:ERThere is no record to save]");
						okSubmit = false;
		    }
		  return okSubmit;
		}
		
		function reloadEmpFilter(){
			var lstotherperiod = '';
			var lstorgunit = '';
			var lstgrade = '';
			for(i=0; i &lt; document.getElementById('selinp_OtherPMPeriod').length;i++){
				if(i==0 &amp;&amp; lstotherperiod==''){
					lstotherperiod = document.getElementById('selinp_OtherPMPeriod')[i].value;
				}
				else{
					lstotherperiod = lstotherperiod +','+ document.getElementById('selinp_OtherPMPeriod')[i].value;
				}
			}
			for(i=0; i &lt; document.getElementById('selinp_filter_orgunit').length;i++){
				if(i==0 &amp;&amp; lstorgunit==''){
					lstorgunit = document.getElementById('selinp_filter_orgunit')[i].value;
				}
				else{
					lstorgunit = lstorgunit +','+ document.getElementById('selinp_filter_orgunit')[i].value;
				}
			}
			for(i=0; i &lt; document.getElementById('selinp_filter_grade').length;i++){
				if(i==0 &amp;&amp; lstgrade==''){
					lstgrade = document.getElementById('selinp_filter_grade')[i].value;
				}
				else{
					lstgrade = lstgrade +','+ document.getElementById('selinp_filter_grade')[i].value;
				}
			}
			searchFilter(null,'?ofid=ScoreAdjustment.filterEmployee&amp;source=xml&amp;otherperiod='+lstotherperiod+'&amp;otherorgunit='+lstorgunit+'&amp;othergrade='+lstgrade,'inp_filter_emp',10000);
		}
		
		function reloadPerfCode(objthis){
			if(objthis.value.length == 0){
				$('##tr_inp_OtherPMPeriod').hide();
			}
			else{
				$('##tr_inp_OtherPMPeriod').show();
				document.getElementById('selinp_OtherPMPeriod').options.length = null;
				searchFilter(null,'?ofid=ScoreAdjustment.OtherPerformancePeriod','inp_OtherPMPeriod',10000);
			}
		}
		
		function saatReady(){
			$('##tr_inp_OtherPMPeriod').hide();
		}
		
		function calcScoreAdjust(){
			if($('##inp_PMPeriod').val() == ''){
				alert('[SFTEXT:Please select performance period]');
				return true;
			}
			if(document.getElementById('inp_Reason').value ==''){
			    alert('[SFTEXT:Please insert Reason.]');
			}
			else{
			    /* Re MAL
    			$('##btn_a_1').show();
    			$('##btn_a_2').show();
    		    */	
				var gradeList ='';
				var orgunitList='';
				var empList ='';
			
				for(i=0; i &lt; document.getElementById('selinp_filter_grade').length;i++){
					if(i==0 &amp;&amp; empList==''){
						gradeList = document.getElementById('selinp_filter_grade')[i].value;
					}
					else{
						gradeList = gradeList +','+ document.getElementById('selinp_filter_grade')[i].value;
					}
				}
				if(document.getElementById('isinp_filter_grade').checked){
					for(i=0; i &lt; document.getElementById('unselinp_filter_grade').length;i++){
						if(i==0 &amp;&amp; empList==''){
							gradeList = document.getElementById('unselinp_filter_grade')[i].value;
						}
						else{
							gradeList = gradeList +','+ document.getElementById('unselinp_filter_grade')[i].value;
						}
					}
				}
				for(i=0; i &lt; document.getElementById('selinp_filter_orgunit').length;i++){
					if(i==0 &amp;&amp; empList==''){
						orgunitList = document.getElementById('selinp_filter_orgunit')[i].value;
					}
					else{
						orgunitList = orgunitList +','+ document.getElementById('selinp_filter_orgunit')[i].value;
					}
				}
				if(document.getElementById('isinp_filter_orgunit').checked){
					for(i=0; i &lt; document.getElementById('unselinp_filter_orgunit').length;i++){
						if(i==0 &amp;&amp; empList==''){
							orgunitList = document.getElementById('unselinp_filter_orgunit')[i].value;
						}
						else{
							orgunitList = orgunitList +','+ document.getElementById('unselinp_filter_orgunit')[i].value;
						}
					}
				}
				for(i=0; i &lt; document.getElementById('selinp_filter_emp').length;i++){
					if(i==0 &amp;&amp; empList==''){
						empList = document.getElementById('selinp_filter_emp')[i].value;
					}
					else{
						empList = empList +','+ document.getElementById('selinp_filter_emp')[i].value;
					}
				}
				if(document.getElementById('isinp_filter_emp').checked){
					for(i=0; i &lt; document.getElementById('unselinp_filter_emp').length;i++){
						if(i==0 &amp;&amp; empList==''){
							empList = document.getElementById('unselinp_filter_emp')[i].value;
						}
						else{
							empList = empList +','+ document.getElementById('unselinp_filter_emp')[i].value;
						}
					}
				}
				if(gradeList!='' [and] orgunitList!='' [and] empList!=''){
					getAJAXContent("?sfid=hrm.performance.scoreadjustment.adjustment&amp;add=1&amp;PMPeriod="+$('##inp_PMPeriod').val()+"&amp;hdnSelectedOtherPMPeriod="+$('##hdnSelectedinp_OtherPMPeriod').val()+"&amp;hdnSelectedGradeList="+gradeList+"&amp;hdnSelectedOrgUnitList="+orgunitList+"&amp;hdnSelectedemplist="+empList+"&amp;&amp;calculationmethod="+1,$sf("divAdj"));
					document.getElementById('fset_1').style.display = "";
					$('##btn_calc_adj').val("Reload Calculation");
				}
				else if(gradeList.length == 0){
					alert('[SFTEXT:Please select Grade]');
					return false;
				}
				else if(orgunitList.length == 0){
					alert('[SFTEXT:Please select Organization Unit]');
					return false;
				}
				else if(empList.length == 0){
					alert('[SFTEXT:Employee can not be empty]');
					return false;
				}
				    //pindah kesini MAL
					$('##btn_a_1').show();
					$('##btn_a_2').show();
			}
		}

		function go_refresh(){
				searchFilter(null,'?ofid=ScoreAdjustment.OtherPerformancePeriod','inp_OtherPMPeriod',10000);
				document.getElementById('selinp_OtherPMPeriod').options.length = null;
				getAJAXContent("?sfid=hrm.performance.scoreadjustment.adjustment&amp;add=1",$sf("divAdj"),null,null,$sf("frmAddScoreAdj"),null);
				searchFilter(null,'?ofid=ScoreAdjustment.filterEmployee','inp_emplist',10000);
				document.getElementById('selinp_emplist').options.length = null;
			}
		
		saatReady();
		</script>
	</SFFORM>
</SFPAGE>
