<SFPAGE TITLE="ScoreAdjustment" ACCESS="hrm.performance.scoreAdjustment:edit">
	<SFFORM TITLE="Edit Score Adjustment" DATASOURCE="scoreAdjustment.viewScoreAdjustment" ACTION="ScoreAdjustment.Edit" NAME="frmEditScoreAdj" WIDTH="1250" HEIGHT="700">
		<TOOLBAR>
			<BUTTON TYPE="Help"></BUTTON>
			<BUTTON TYPE="Close"></BUTTON>
		</TOOLBAR>
		<FIELDSET>
			<INPUT LABEL="Adjustment Number" TYPE="label" NAME="transNo" PARAM ="adjust_no"/>
			<INPUT LABEL="Reason" TYPE="MEMO" MAXLEN="255" COL="40" ROW="3" NAME="Reason" PARAM ="Reason" REQUIRED="YES" />
			<INPUT LABEL="Performance Period" NAME="lblperiod" TYPE="LABEL" PARAM="lblperiod"/>
			<!--
			<INPUT LABEL="Performance Period" NAME="lblperiodname" TYPE="LABEL" PARAM="period_name"/>
			<INPUT LABEL="Other Performance Period" NAME="lstotherperiodcode" PARAM="other_period_code" TYPE="FILTER" 
				LISTSOURCE="scoreAdjustmentYan.OtherPerformancePeriod" LISTMEMBER="scoreAdjustmentYan.OtherPerfPeriodMember" ROW="7" MAXROW="50" REQUIRED="YES"/>
			<INPUT LABEL="Grade" NAME="lblgrade" TYPE="LABEL" PARAM="lblgrade"/>
			<INPUT LABEL="Organization Unit" NAME="lblorgunit" TYPE="LABEL" PARAM="lblorgunit"/>
			-->
			
			<INPUT LABEL="Grade" TYPE="SELECT" SIZE="5~300px" LISTSOURCE="ScoreAdjustment.getGrade" NAME="grade_order" PARAM="grade_order" ONCHANGE="EditEmpList();"/>
            <INPUT LABEL="Organization Unit" TYPE="SELECT" SIZE="5~300px" LISTSOURCE="ScoreAdjustment.getSelOrgUnit" NAME="orgunit" PARAM="orgunit" ONCHANGE="EditEmpList();" disabled = "disabled"/>

			
		
			<!--
			<INPUT LABEL="Select Grade" NAME="allgrade" PARAM="allgrade" TYPE="CHECKBOX" ONCHANGE="cekGArade(1);" OPTIONS="1=All Grade"/>
			<INPUT LABEL="~" TYPE="FILTER" ERRMSG="Please Filter Grade" 
				LISTSOURCE="scoreAdjustmentYan.filterGrade" LISTMEMBER="scoreAdjustmentYan.getGradeMember" ROW="7" MAXROW="50" NAME="lstgradecode" PARAM="lstgradecode" REQUIRED="YES"/>
			
			<INPUT LABEL="Select Employees" NAME="allemp" PARAM="allemp" TYPE="CHECKBOX" ONCHANGE="cek(1);" OPTIONS="1=All Employees"/>
			<INPUT LABEL="~" TYPE="FILTER" NAME="lstempid"
				LISTSOURCE="ScoreAdjustmentYan.filterEmployee" LISTMEMBER="scoreAdjustmentYan.getEmpMember" ROW="10" MAXROW="10000" PARAM="lstempid" REQUIRED="YES"/>
			-->

			<!--
			<INPUT LABEL="Conclusion Table" TYPE="SCRIPT" NAME="conclusionTbl" TEMPLATE="hrm.performance.scoreadjustment.conclusiontable&amp;adjust_no=#adjust_no#"/>
			<INPUT LABEL="Calculate" TYPE="BUTTON" SIZE="80" ONCLICK="this.blur;calculate('#adjust_no#')"/>
			-->
		</FIELDSET>
		
		<FIELDSET LABEL="Calculation" name="aaa">
			<INPUT TYPE="SCRIPT" NAME="adjustmentForm" TEMPLATE="hrm.performance.scoreadjustment.adjustment&amp;adjust_no=#adjust_no#" />
		</FIELDSET>
		
		<BUTTONLIST>
			<BUTTON TYPE="Cancel"></BUTTON>
			<BUTTON LABEL="Delete" ACTION="checkForm('delete');"></BUTTON>
			<BUTTON LABEL="Draft" ACTION="checkForm('draft');"></BUTTON>
			<BUTTON LABEL="Submit" ACTION="checkForm('submit');"></BUTTON>
			<!--<BUTTON LABEL="Send to Next Reviewer" TYPE="Send"></BUTTON>-->
		</BUTTONLIST>
		<script FOR="FOOTER">
		  document.getElementById("inp_grade_order").setAttribute("disabled", "disabled");
		  document.getElementById("inp_orgunit").setAttribute("disabled", "disabled");
		if('#qForm.submitted#' == 'Y' || parseInt('#request.scookie.user.utype#') == 9){
			$('##btn_a_3').hide();
			$('##btn_a_2').hide();
			$('##btn_a_1').hide();
			//button calculate -> disable
		}
		
		function checkForm(type){
			if (type =='draft'){
				strLinkOld=sLink;
				sLink=sLink+'&amp;action=draft';
				
			}
			else if(type =='submit') {
				strLinkOld=sLink;
				sLink=sLink+'&amp;action=submit';
				
			}
			else{
				strLinkOld=sLink;
				sLink=sLink+'&amp;action=delete';
			}
			 validateForm(document.frmEditScoreAdj);
			  sLink=strLinkOld;
		
		
		}
	
			function validateOther(){
		
			if(sLink.search("delete")>0){
			
				return true;
			}else{
			
				var totalPerc = 0;
				var okSubmit = true;
				var alertValidateEmpty = 0;
				  $('select[name="txtAdjusted"]').each(function(i, selected){ 
				   
					if($(selected).val()!==null){
						if($(selected).val().length == 0 || $(selected).val()==' ' || $(selected).val()==''){
						alertValidateEmpty = 1;
						okSubmit = false;
						} 
					}

				});
				if(alertValidateEmpty==1){
					alert('[SFTEXT:Please choose Adjusted Conclusion]');
				}
				$('input[name^="dist_"]').each(function(){
					totalPerc+=parseFloat($(this).val());
				});
				if(totalPerc != 100){
					alert("[SFTEXT:ERTotal distribution percentage must be 100]");
					okSubmit = false;
				}
				else if(!($('input[name="txtFormNo"]').length)){
					alert("[SFTEXT:ERThere is no record to save]");
							okSubmit = false;
				}
			  return okSubmit;
			}
		   
		}
		</script>
	</SFFORM>
</SFPAGE>








