<SFPAGE TITLE="ScoreAdjustment" ACCESS="hrm.performance.scoreadjustment:edit">
	<SFFORM TITLE="Conclusion Adjustment History" DATASOURCE="ScoreAdjustment.viewAdjHist" ACTION="" NAME="frmScoreAdjHist" WIDTH="850" HEIGHT="500">
		<TOOLBAR>
			<BUTTON TYPE="Help"></BUTTON>
			<BUTTON TYPE="Close"></BUTTON>
		</TOOLBAR>
		<FIELDSET>
			<INPUT LABEL="Form No" TYPE="LABEL" PARAM="form_no" />
			<INPUT LABEL="Employee Name" TYPE="LABEL" PARAM="full_name" />
			<INPUT LABEL="Period" TYPE="LABEL" PARAM="periodname" />
			<INPUT LABEL="Position" TYPE="LABEL" PARAM="posname" />
		</FIELDSET>
		<FIELDSET LABEL="Conclusion Adjustment History">
			<INPUT LABEL="-" TYPE="SCRIPT" NAME="adjHistory" TEMPLATE="hrm.performance.scoreadjustment.history&amp;period=#periodcode#&amp;fno=#formno#" />
		</FIELDSET>
		<BUTTONLIST>
			<BUTTON TYPE="Cancel"></BUTTON>
		</BUTTONLIST>
	</SFFORM>
</SFPAGE>
