<SFPAGE TITLE="ScoreAdjustment" ACCESS="hrm.performance.ScoreAdjustment:read">
	
	<SFGRID DATASOURCE="ScoreAdjustment" TITLE="Performance Score Adjustment">
		<TOOLBAR>
			<!--<BUTTON TIP="Add" ICON="toolicon-add.png" ACTION="?xfid=hrm.performance.scoreadjustment.add" LINKTYPE="POP"></BUTTON>-->
		    <BUTTON TYPE="Upload" CONDITION="request.scookie.user.utype NEQ 9" TIP="Score Adjustment Upload" ICON="upload.png" ACTION="?xfid=hrm.performance.scoreadjustment.uploadadjustment" LINKTYPE="LINK"></BUTTON>
			<BUTTON TYPE="Add" CONDITION="request.scookie.user.utype NEQ 9"></BUTTON>
			<BUTTON TYPE="Print"></BUTTON>
			<BUTTON TYPE="PDF"></BUTTON>
			<BUTTON TYPE="Excel"></BUTTON>
			<BUTTON TYPE="Openoffice"></BUTTON>
			<BUTTON TYPE="Reload"></BUTTON>
			<BUTTON TYPE="Help"></BUTTON>
		</TOOLBAR>
		<!--
		<FILTER TEXT="Define Filter Criteria" SUBMITLABEL="Go" WIDTH="380">
			<INPUT LABEL="Form Type" TYPE="RADIO" NAME="form_type" PARAM="form_type" OPTIONS="1*=Periodic|0=Non Periodic" ONCHANGE="changeFormType(this.value);"/>
			<INPUT LABEL="Form Name" TYPE="SELECT" NAME="filter_formcode" PARAM ="filter_formcode" LISTSOURCE="SimplePerformance.GetAllForm"/>
			<INPUT LABEL="Form Name" TYPE="SELECT" NAME="filter_periodic_formcode" PARAM ="filter_periodic_formcode" LISTSOURCE="SimplePerformance.GetPeriodicForm"/>
			<INPUT LABEL="Form Name" TYPE="SELECT" NAME="filter_nonperiodic_formcode" PARAM ="filter_nonperiodic_formcode" LISTSOURCE="SimplePerformance.GetNonPeriodicForm"/>
		</FILTER>
		-->
		<COLUMN TITLE="Adjustment Number" FIELD="adjust_no" LINK="hrm.performance.scoreadjustment.edit?adjust_no=[adjust_no]&amp;locked=[locked]" LINKTYPE="INNERPOP"/>
		<COLUMN TITLE="Created By" FIELD="create_name" />
		<COLUMN TITLE="Position" FIELD="position" WIDTH="200"/>
		<COLUMN TITLE="Reason" FIELD="reason" WIDTH="350"/>
		<COLUMN TITLE="Status" FIELD="submitted" />
		<COLUMN TITLE="Modified Date" FIELD="modified_date" FORMAT="sdate"/>
	</SFGRID>
</SFPAGE>





