<SFPAGE TITLE="Upload Score Adjustment" ACCESS="hrm.performance.scoreAdjustment:add">
	<SFFORM TITLE="Upload Score Adjustment" DATASOURCE="" ACTION="ScoreAdjustment.Upload" NAME="frmAddScoreAdj" HEIGHT="100%" WIDTH="100%">
        <TOOLBAR TYPE="GRID">
			<BUTTON TYPE="Back"></BUTTON>
			<BUTTON TYPE="Reload"></BUTTON>
			<BUTTON TYPE="Help"></BUTTON>
		</TOOLBAR>
		<FIELDSET LABEL="Score Adjustment Upload">
			<INPUT LABEL="Replace existing data" NAME="is_replace" PARAM="is_replace" TYPE="CHECKBOX" OPTIONS="1=Yes" />
			<INPUT LABEL="Download Template" PARAM="template_scoreadjustment" TYPE="SCRIPT" TEMPLATE="hrm.performance.scoreadjustment.linktemplateforupload"/>
			<INPUT LABEL="Upload Excel File" NAME="fileupload" REQUIRED="YES" TYPE="FILE"/>
		</FIELDSET>
		<BUTTONLIST>
			<BUTTON TYPE="Submit"></BUTTON>
		</BUTTONLIST>
	</SFFORM>
</SFPAGE>




