<SFPAGE TITLE="360Question" ACCESS="hrm.performance.evalform:read">
	<SFFORM TITLE="360 Question" ACTION="" NAME="frmQuestion" WIDTH="100%" HEIGHT="100%" SHOWWINDOW="NO">
		<TOOLBAR>
			<BUTTON TYPE="Help"></BUTTON>
			<BUTTON TYPE="Close"></BUTTON>
		</TOOLBAR>
		<FIELDSET LABEL="-">
			<INPUT LABEL="-" NAME="frmEvalQuestion" TYPE="SCRIPT" TEMPLATE="hrm.setting.performance.period.360questiontab?periodcode=#periodcode#"/>
		</FIELDSET>
		<SCRIPT>
		</SCRIPT>
	</SFFORM>
</SFPAGE>



