<SFPAGE TITLE="360 Question Config" ACCESS="hrm.setting.performance.period:add">
	<SFFORM TITLE="360 Question Configuration" DATASOURCE="" ACTION="PerformancePeriod.ConfigureQuestion" NAME="frm360QuestionConfig" WIDTH="100%" HEIGHT="100%">
		<TOOLBAR TYPE="GRID">
			<BUTTON TIP="Performance 360 Upload" ICON="upload.png" ACTION="?xfid=hrm.setting.performance.period.questionupload&amp;period_code=#periodcode#" LINKTYPE="LINK" ></BUTTON>
			<BUTTON TYPE="Help"></BUTTON>
			<BUTTON TYPE="Close"></BUTTON>
		</TOOLBAR>
		
		<FIELDSET>
		    <INPUT LABEL="-" NAME="frmPerfEval" TYPE="SCRIPT" TEMPLATE="hrm.setting.performance.period.360questionlisting?period_code=#periodcode#"/>
		</FIELDSET>
		
	    <BUTTONLIST>
			<BUTTON TYPE="CANCEL" LABEL="CLOSE" ></BUTTON>
			<BUTTON TYPE="SUBMIT" LABEL="SUBMIT"></BUTTON>
		</BUTTONLIST>
	<SCRIPT FOR="FOOTER">
		    function validateOther(){
		        
		        var rowcount= $('##totalDPRow').val();
		        var valQuest = false;
		        var temporder = '';
		        var qtext = '';
		        var qorder = '';
		        
		        console.log('row',rowcount);
		    	for(xx=1;xx &lt;rowcount+1;xx++){
		            
		    	     qtext = $('##inpquestion_'+xx).val();
			         qorder = $('##orderquestion_'+xx).val();
			      
			        	if(qtext=='' || qorder == '' ){
			        	    if(document.getElementById('inpdel_'+xx).checked == false){
			        	   
			        	         alert("Please Fill the empty Field ");
						        return false;
			        	    }
					       
						}
						if(qorder != undefined){
						    if(qorder == temporder){
						         alert("Order has already been used");
						        return false;
						    }
						}
						temporder = qorder;
					
				
			        	 
				}
				return true;
			
		    }
		    function checkDelete(){
		   var rowcount= $('##totalDPRow').val();	       
		        var valQuest = false;
		    if ( document.getElementById('checkAll').checked || document.getElementById('checkAll').checked == 'true') {
		          	for(xx=1;xx &lt;rowcount+1;xx++ ){
		        
		           $('##inpdel_'+xx).each(function() { 
					this.checked = true; 
				}); 
				}
		    
		    }else{
		      	for(xx=1;xx &lt;rowcount+1;xx++ ){
		        
		           $('##inpdel_'+xx).each(function() { 
					this.checked = false; 
				}); 
				}
		    }
		    }
		</SCRIPT>
	</SFFORM>
	

</SFPAGE>















