	<SFPAGE TITLE="period" ACCESS="hrm.setting.performance.period:add">
		<SFFORM TITLE="Add Performance Period" DATASOURCE="PerformancePeriod.viewPerformancePeriodAdd" ACTION="PerformancePeriod.Add" NAME="frmPerformancePeriod" WIDTH="750" HEIGHT="600">
			<TOOLBAR>
				<BUTTON TYPE="Help"></BUTTON>
				<BUTTON TYPE="Close"></BUTTON>
			</TOOLBAR>
			<SCRIPT>
				//loadScript('#application.path.lib#/scripts/pm/chosen.jquery.js');
				//loadScript('#application.path.lib#/scripts/pm/jquery.fixedheadertable.min.js');
				
			</SCRIPT>
			<FIELDSET>
				<INPUT LABEL="Performance Period Code" NAME="period_code" PARAM="period_code" TYPE="TEXT" REQUIRED="YES" DEFAULT="Util.getCode('PERFPERIOD','no','false')" GROUP="code~" VALIDATE="CODE"/>
				<INPUT LABEL="" NAME="period_doc" PARAM="period_doc" TYPE="LABEL" DEFAULT="Util.getCode('PERFPERIOD','no','false')" GROUP="code~"/>

				<INPUT LABEL="" NAME="period_codetemp" PARAM="period_codetemp" TYPE="HIDDEN" DEFAULT=""/>

				<INPUT LABEL="Performance Period Name" NAME="period_name" PARAM="period_name" TYPE="TEXT" REQUIRED="YES" MULTILANG="YES"/>
				<INPUT LABEL="Copy From Period" NAME="lookup_period" PARAM="lookup_period" TYPE="SELECT" LISTSOURCE="PerformancePeriod" ONCHANGE="copyFromPeriod(this.value)"/>
				<INPUT LABEL="Period Type" NAME="period_type" PARAM="period_type" TYPE="SELECT" OPTIONS="PERIOD=Periodic|BASEDON=Based On Join Date" ONCHANGE="changePeriodType(this.value)" REQUIRED="YES" GROUP="periodtype~"/>
				<INPUT LABEL=" " NAME="aftermonth" PARAM="aftermonth" TYPE="TEXT" GROUP="periodtype~" MAXLEN="3" SIZE="3"/>
				<INPUT LABEL="Months" NAME="month" PARAM="month" TYPE="LABEL" GROUP="periodtype~" DEFAULT="  "/>
				<INPUT LABEL="Score Type" NAME="score_type" PARAM="score_type" TYPE="SUGGEST" LISTSOURCE="ScoreType.FilterScoreType" REQUIRED="YES" GROUP="scoretype~"/>
				<INPUT LABEL='' DEFAULT="[+]" TYPE="BUTTON" title="Add Score Type" ONCLICK="window.open('?xfid=sys.setting.scoretype.add&amp;code=1','Score Setting Form','width=600,height=500,toolbar=1,resizable=0');" GROUP="scoretype~"/>
				<INPUT LABEL="Conclusion Score" NAME="conclusion_lookup" PARAM="conclusion_lookup" TYPE="SUGGEST" LISTSOURCE="ScoreType.FilterConclusion" REQUIRED="YES" /> 
				<INPUT LABEL="Gauge Type" NAME="gaugetype" PARAM="gaugetype" TYPE="SELECT" OPTIONS="HIGHER=Higher|LOWER=Lower" />
				<INPUT LABEL="Use Normal Curve Percentage" NAME="usenormalcurve" PARAM="usenormalcurve" TYPE="CHECKBOX" OPTIONS="Y=Yes" ONCHANGE='chkUseNormal()'/>
				<INPUT LABEL=" " TYPE="SCRIPT" NAME="NormalDistributions" PARAM="NormalDistributions" TEMPLATE="hrm.setting.performance.period.normaldistribution"/>
			</FIELDSET>
			<FIELDSET LABEL="Period Stages">
				<!--INPUT LABEL="Planning Date" NAME="plan_startdate" PARAM="plan_startdate" TYPE="DATE" GROUP="plansdate~"/>
				<INPUT LABEL="To" NAME="plan_enddate" PARAM="plan_enddate" TYPE="DATE" GROUP="plansdate~"/>
				<INPUT LABEL="Mid Term Evaluation" NAME="midterm" PARAM="midterm" TYPE="LABEL" DEFAULT=" "/>
				<INPUT LABEL="Final Evaluation Date" NAME="final_startdate" PARAM="final_startdate" TYPE="DATE" GROUP="finaldate~"/>
				<INPUT LABEL="To" NAME="final_enddate" PARAM="final_enddate" TYPE="DATE" GROUP="finaldate~"/-->
				
				<INPUT LABEL="-" TYPE="SCRIPT" NAME="PeriodStages" TEMPLATE="hrm.setting.performance.period.periodstages"/>
			</FIELDSET>
			<FIELDSET LABEL="Period Components">			
				<INPUT LABEL="-" TYPE="SCRIPT" NAME="PeriodComponents" TEMPLATE="hrm.setting.performance.period.components?period_code={period_codetemp}"/>
			</FIELDSET>
			
			<FIELDSET LABEL="Filter Employee">			
				<INPUT LABEL="Filter Job Family Level" NAME="jfl" PARAM="jfl" TYPE="FILTER" SHOWALL="Yes" LISTSOURCE="PerformancePeriod.filterJobFamilyLevelME"/>
				<INPUT LABEL="Filter Employment Status" NAME="employstatus" PARAM="employstatus" TYPE="FILTER" SHOWALL="Yes" LISTSOURCE="PerformancePeriod.filterEmploymentStatus"/>
				<INPUT LABEL="Filter Job Status" NAME="jobstatus" PARAM="jobstatus" TYPE="FILTER" SHOWALL="Yes" LISTSOURCE="PerformancePeriod.filterJobstatus"/>
			</FIELDSET>
			
			<FIELDSET LABEL="Notes">			
				<INPUT LABEL="Total Notes" NAME="note_amount" PARAM="note_amount" TYPE="SELECT" FROM="1" TO="5" ONCHANGE="setNotesTable(this.value)"/>
				<INPUT LABEL="" NAME="tempyan" PARAM="tempyan" TYPE="HIDDEN" DEFAULT=""/>
				<INPUT LABEL="~" TYPE="SCRIPT" NAME="AD" TEMPLATE="hrm.setting.performance.period.notes"/>
			</FIELDSET>
			<BUTTONLIST>
				<BUTTON TYPE="BUTTON" LABEL="Cancel" ACTION="cancelAddProc()"></BUTTON>
				<BUTTON TYPE="Submit"></BUTTON>
				<BUTTON TYPE="BUTTON" LABEL="Copy" ACTION="copyPeriod()"></BUTTON>
			</BUTTONLIST>
				
			<SCRIPT FOR="FOOTER">
				function isNumberKey(evt){
					var charCode = (evt.which) ? evt.which : evt.keyCode;
					if (charCode != 46 &amp;&amp; charCode &gt; 31 &amp;&amp; (charCode &lt; 48 || charCode &gt; 57))
						return false;
						
					return true;
				}
				
				function cancelAddProc(){
					var periodtemp = $("##inp_period_codetemp").val();
					var txt;
					var r = confirm("[SFTEXT:ERAre you sure you want to cancel adding performance period?]");
					if (r == true) {
						getAJAXContent('?ofid=PerformancePeriod.CancelAddProcess&amp;tempcode='+periodtemp,$sf('inp_tempyan'));
					}
				}
				
				//$('##fset_1').hide();
				
				
				
				$("##tr_inp_period_type").hide();
				$('##inp_period_code').val($('##inp_period_code').val().trim())
				function changePeriodType(periodType){
					if(periodType=="BASEDON"){
						$("##inp_aftermonth").show();
						$("##inp_aftermonth").after('  [SFTEXT:Months]');
						try{
							$("##lbl_inp_period_startdate").html($("##lbl_inp_period_startdate").html().replace('&lt;span class=\"required\"&gt; *&lt;/span&gt;',''));
							$("##lbl_inp_final_startdate").html($("##lbl_inp_final_startdate").html().replace('&lt;span class=\"required\"&gt; *&lt;/span&gt;',''));
						}catch(err){
						
						}
					}else{
						$("##inp_aftermonth").hide();
						$("##tr_inp_period_type").html($("##tr_inp_period_type").html().replace('[SFTEXT:Months]',''));
						$("##lbl_inp_period_startdate").append('&lt;span class=\"required\"&gt; *&lt;/span&gt;');
						$("##lbl_inp_final_startdate").append('&lt;span class=\"required\"&gt; *&lt;/span&gt;');
					}
				}
				
				function chkUseNormal(){
					if($('##inp_usenormalcurve').is(':checked')==true){
						$("##tr_inp_NormalDistributions").show();
						var conclusion_lookup = $('##hdn_conclusion_lookup').val();
						getAJAXContent('?sfid=hrm.setting.performance.period.normaldistribution&amp;score_type='+conclusion_lookup,$sf('inp_NormalDistributions'));
					}else{
						$("##tr_inp_NormalDistributions").hide();
					}				
				}
				chkUseNormal();
				
				function pickScoreList(vval, vtxt, cfunc, selm) {
					if (typeof(selm) == 'undefined') {
						top.isPickLookupList = true;
					}
					var otip = $sf("spTip");
					if (otip == null) return;
					if (selm != null) {
						var oelm = $sf(selm);
						if (oelm != null)
							otip.elm = oelm;
					}
				 
					if (otip.elm != null) {
						if ($sf('err' + otip.elm.id)) {
							$sf('err' + otip.elm.id).style.display = "none";
						}
						if (otip.elm.value != null) {
							if (vtxt != null) {
								//logthis(vtxt);
								otip.elm.value = vtxt.split('|')[0];
								if (selm == null)
									formodified(otip.elm);
								var ohdn_ = "hdn" + otip.elm.id.substr(3);
								var ohdn = $sf(ohdn_);
								if (!ohdn) {
									if (frames) { 
										for (var i = 0; i &lt; frames.length; i++) {
										   
											if ($sf(ohdn_, frames[i]) != null) {
												ohdn = $sf(ohdn_, frames[i]);
												break;
											}
										}
									}
								}
								if (ohdn != null) {
									ohdn.value = vval;
								}
							} else {
								otip.elm.value = vval;
							}
						} else if (otip.elm.innerHTML != null) {
							if (vtxt != null)
								otip.elm.innerHTML = vtxt;
							else
								otip.elm.innerHTML = vval;
						}
					}
					hideTip();
					if (cfunc) {
						cfunc();
					}
				}
				
				function pickConclusionList(vval, vtxt, cfunc, selm) {
					if (typeof(selm) == 'undefined') {
						top.isPickLookupList = true;
					}
					var otip = $sf("spTip");
					if (otip == null) return;
					if (selm != null) {
						var oelm = $sf(selm);
						if (oelm != null)
							otip.elm = oelm;
					}
				 
					if (otip.elm != null) {
						if ($sf('err' + otip.elm.id)) {
							$sf('err' + otip.elm.id).style.display = "none";
						}
						if (otip.elm.value != null) {
							if (vtxt != null) {
								//logthis(vtxt);
								otip.elm.value = vtxt.split('|')[0];
								if (selm == null)
									formodified(otip.elm);
								var ohdn_ = "hdn" + otip.elm.id.substr(3);
								var ohdn = $sf(ohdn_);
								if (!ohdn) {
									if (frames) { 
										for (var i = 0; i &lt; frames.length; i++) {
										   
											if ($sf(ohdn_, frames[i]) != null) {
												ohdn = $sf(ohdn_, frames[i]);
												break;
											}
										}
									}
								}
								if (ohdn != null) {
									ohdn.value = vval;
								}
							} else {
								otip.elm.value = vval;
							}
						} else if (otip.elm.innerHTML != null) {
							if (vtxt != null)
								otip.elm.innerHTML = vtxt;
							else
								otip.elm.innerHTML = vval;
						}
					}
					hideTip();
					if (cfunc) {
						cfunc();
					}
					chkUseNormal()
				}
				function copyFromPeriod(theCopiedPeriod){
					if (theCopiedPeriod==''){
						//$("##tr_inp_period_type").show();
						$("##tr_inp_score_code").show();
						$("##tr_inp_conclusion_lookup").show();
						$("##tr_inp_gaugetype").show();
						$("##tr_inp_usenormalcurve").show();
						$("##tr_inp_score_type").show();
						$("##tr_").show();
						$("##fset_2").show();
						$("##fset_3").show();
						$("##fset_4").show();
						$("##btn_a_1").show();
						$("##btn_a_2").hide();
						var period_codetemp = $("##inp_period_codetemp").val();
						chkUseNormal()
						//getAJAXContent('?sfid=hrm.setting.performance.period.periodstages',$sf('inp_PeriodStages'));
					}else{
						//$("##tr_inp_period_type").hide();
						$("##tr_inp_score_code").hide();
						$("##tr_inp_conclusion_lookup").hide();
						$("##tr_inp_gaugetype").hide();
						$("##tr_inp_usenormalcurve").hide();
						$("##tr_inp_score_type").hide();
						chkUseNormal()
						$("##tr_inp_NormalDistributions").hide();
						$("##tr_").hide();
						$("##fset_2").hide();
						$("##fset_3").hide();
						$("##fset_4").hide();
						$("##btn_a_1").hide();
						$("##btn_a_2").show();
						getAJAXContent('?sfid=hrm.setting.performance.period.periodstagesedit&amp;copyPeriod=1&amp;period_code='+theCopiedPeriod,$sf('inp_PeriodStages'));
					}
				}
				copyFromPeriod('');
				
				
				function validateComponents(){
					var listComp = 'appraisal,orgKPI,persKPI,competency,task,feedback,questionComp';
					var thearrComp = listComp.split(',');
					var totalWeightForValidate = 0;
					var totalWeightChecked = 0;
					
					for (xx=0;xx &lt; thearrComp.length;xx++ ){
						if($('##'+thearrComp[xx]).is(':checked')==true){
							if($('##weight'+thearrComp[xx]).val()==''){
								alert("[SFTEXT:ERPlease Insert Weight for ]"+thearrComp[xx]);
								return false;
							}
							if(xx==1||xx==2||xx==0){
								if($('##actual_'+thearrComp[xx]).val()==''||$('##actual_'+thearrComp[xx]).val()=='Not Specified'){
									alert("[SFTEXT:ERPlease Select Achievement Type for ]"+thearrComp[xx]);
									return false;
								}
							}
							
							totalWeightForValidate = parseFloat(totalWeightForValidate) + parseFloat($('##weight'+thearrComp[xx]).val());
							totalWeightChecked++;
						}
					}
					
					try{
					    var validate_totweight_perfcomponents = $('[id=validate_totweight_perfcomponents]').val();
					    var allowable_totweight_perfcomponents = $('[id=allowable_totweight_perfcomponents]').val();
					    
                        if(validate_totweight_perfcomponents == 'Y' &amp;&amp; parseFloat(totalWeightForValidate) !== parseFloat(allowable_totweight_perfcomponents) &amp;&amp; totalWeightChecked !== 0){
                            alert("[SFTEXT:ERTotal Weight on Period Components must be] " + allowable_totweight_perfcomponents);
							return false;
                        }
					}catch(err){}
					
				}
				
				function validateOther(){
					var thereturn = validateComponents();
					if (thereturn == false){
						return false;
					}
					if($('##inp_usenormalcurve').is(':checked')==true){
						var loopcek = parseFloat($('##alldistribution').val());
						var totalpercent = 0;
						for(xx=1;xx &lt;= loopcek;xx++){
							if (!isNaN(parseFloat($('##dist_percent'+xx).val()))){
								totalpercent = totalpercent + parseFloat($('##dist_percent'+xx).val());
							}
						}
						if (totalpercent!=100){
							alert("[SFTEXT:ERTotal Distribution Percent should be 100]");
							return false;
						}
					}

					if($("##inp_period_type").val()=='PERIOD' &amp;&amp; $('##inp_period_startdate').val()==''){
						alert("[SFTEXT:ERPlease Insert Period to be Evaluated Start Date]");
						 $('##cal_period_startdate').focus();
						return false;
					}else if($("##inp_period_type").val()=='PERIOD' &amp;&amp; $('##inp_period_enddate').val()==''){
						alert("[SFTEXT:ERPlease Insert Period to be Evaluated End Date]");
						$('##cal_period_enddate').focus();
						return false;
					}
					
					var temp = date_compare(document.getElementById('cal_period_startdate'),document.getElementById('cal_period_enddate'));
					if(parseInt(temp) == 2){
						alert("[SFTEXT:ERPeriod to be Evaluated End Date must be greater than or equal to Period to be Evaluated Start Date]");
						$('##cal_period_enddate').focus();
						return false;
					}
					//if ($('##inp_lookup_period').val()!=''){
						/*var temp2 = date_compare(document.getElementById('cal_period_startdate'),document.getElementById('cal_plan_startdate'));
						if(parseInt(temp2) == 2){
							alert("[SFTEXT:Planning Start Date must be greater than or equal to Period to be Evaluated Start Date]");
							$('##cal_plan_startdate').focus();
							return false;
						}*/
						
						var plan_startdate = new Date(document.getElementById('inp_plan_startdate').value);
						var plan_enddate = new Date(document.getElementById('inp_plan_enddate').value);
						var period_enddate = new Date(document.getElementById('inp_period_enddate').value);
						var period_startdate = new Date(document.getElementById('inp_period_startdate').value);
						var eval_startdate =  new Date(document.getElementById('inp_final_startdate').value);
						var eval_enddate =  new Date(document.getElementById('inp_final_enddate').value);
						
						/*if(plan_startdate > period_enddate){
							alert("[SFTEXT:Planning Start Date must be less than or equal to Period to be Evaluated End Date]");
							$('##cal_plan_startdate').focus();
							return false;
						}
						if(plan_enddate > period_enddate){
							alert("[SFTEXT:Planning End Date must be less than or equal to Period to be Evaluated End Date]");
							$('##cal_plan_enddate').focus();
							return false;
						}*/
							
						
					
					//if(document.getElementById('orgKPI').checked==true){
						if ($('##inp_plan_startdate').val()==''){
							alert("[SFTEXT:ERPlease Insert Planning Start Date]");
							$('##cal_plan_startdate').focus();
							return false;
						}else if ($('##inp_plan_enddate').val()==''){
							alert("[SFTEXT:ERPlease Insert Planning End Date]");
							$('##cal_plan_enddate').focus();
							return false;
						}
						
						/*var temp2 = date_compare(document.getElementById('cal_period_startdate'),document.getElementById('cal_plan_startdate'));
						if(parseInt(temp2) == 2){
							alert("[SFTEXT:Planning Start Date must be greater than or equal to Period to be Evaluated Start Date]");
							$('##cal_plan_startdate').focus();
							return false;
						}
					
					if(document.getElementById('persKPI').checked==true){
						if ($('##inp_plan_startdate').val()==''){
							alert("[SFTEXT:ERPlease Insert Planning Start Date]");
							$('##cal_plan_startdate').focus();
							return false;
							
						}else if ($('##inp_plan_enddate').val()==''){
							alert("[SFTEXT:ERPlease Insert Planning End Date]");
							$('##cal_plan_enddate').focus();
							return false;
						}
						
						var temp2 = date_compare(document.getElementById('cal_period_startdate'),document.getElementById('cal_plan_startdate'));
						if(parseInt(temp2) == 2){
							alert("[SFTEXT:Planning Start Date must be greater than or equal to Period to be Evaluated Start Date]");
							$('##cal_plan_startdate').focus();
							return false;
						}*/
					
					
					if ($('##inp_reference_date').val()==''){				
						alert("[SFTEXT:ERPlease Insert Reference Date]");
						$('##cal_reference_date').focus();
						return false;
					}
					if (($('##inp_plan_startdate').val()!='')[and]($('##inp_plan_enddate').val()!='')){
						var temp3 = date_compare(document.getElementById('cal_plan_startdate'),document.getElementById('cal_plan_enddate'));
						if(parseInt(temp3) == 2){
							alert("[SFTEXT:ERPlanning End Date must be greater than or equal to Planning Start Date]");
							$('##cal_plan_enddate').focus();
							return false;
						}
						
						var date1 = new Date(document.getElementById('cal_plan_enddate').value);
						var date2 = new Date(document.getElementById('cal_final_startdate').value);
						date1 = Date.parse(date1);
						date2 = Date.parse(date2);
						/*if (eval(date2 - date1) == 0) { 
							alert("[SFTEXT:EREvaluation Start Date must be greater than Planning End Date]");
						   $('##cal_final_startdate').focus();
							return false;
						}
						var tempR = date_compare(document.getElementById('cal_plan_enddate'),document.getElementById('cal_final_enddate'));
						if(parseInt(tempR) == 2){
							alert("[SFTEXT:EREvaluation End Date must be equal or greater than Planning End Date]");
							$('##cal_final_startdate').focus();
							return false;
						}*/
						
						/*var tempR = date_compare(document.getElementById('cal_period_startdate'),document.getElementById('cal_final_startdate'));
						if(parseInt(tempR) == 2){
							alert("[SFTEXT:EREvaluation Start Date must be equal or greater than Period to be Evaluated Start Date]");
							$('##cal_final_startdate').focus();
							return false;
						}
						
						var tempR = date_compare(document.getElementById('cal_plan_startdate'),document.getElementById('cal_final_startdate'));
						if(parseInt(tempR) == 2){
							alert("[SFTEXT:EREvaluation Start Date must be equal or greater than Plan Start Date]");
							$('##cal_final_startdate').focus();
							return false;
						}*/
						
						
						/*if(eval_startdate > period_enddate){
							alert("[SFTEXT:EREvaluation Start Date must be less than or equal to Period to be Evaluated End Date]");
							$('##cal_final_startdate').focus();
							return false;
						}
						if(eval_enddate > period_enddate){
							alert("[SFTEXT:EREvaluation End Date must be less than or equal to Period to be Evaluated End Date]");
							$('##cal_final_enddate').focus();
							return false;
						}*/
						
					}

					// Final Evaluation
					if($("##inp_period_type").val()=='PERIOD' &amp;&amp; $('##inp_final_startdate').val()==''){
						alert("[SFTEXT:ERPlease Insert Final Evaluation Start Date]");
						$('##cal_final_startdate').focus();
						return false;
					}else if($("##inp_period_type").val()=='PERIOD' &amp;&amp; $('##inp_final_enddate').val()==''){
						alert("[SFTEXT:ERPlease Insert Final Evaluation End Date]");
						$('##cal_final_enddate').focus();
						return false;
					}
					
					var temp2 = date_compare(document.getElementById('cal_final_startdate'),document.getElementById('cal_final_enddate'));
					if(parseInt(temp2) == 2){
						alert("[SFTEXT:ERFinal Evaluation End Date must be greater than or equal to Final Evaluation Start Date]");
						$('##cal_final_enddate').focus();
						return false;
					}else{
						return true;
					}

				}
				
				function copyPeriod(){
					var thisform=document.frmPerformancePeriod;
					var tmpAction = sLink;    
					sLink="?ofid=PerformancePeriod.Copy";
				   thissubmit = validateForm(thisform,null,true);
				   sLink=tmpAction; 
				}
			</SCRIPT>
		</SFFORM>
	</SFPAGE>







