<SFPAGE TITLE="Additional and Deduction Point " ACCESS="hrm.setting.performance.period:add">
	<SFFORM TITLE="Additional and Deduction Point" DATASOURCE="PerformancePeriod.GetConfigAdditionalDeductionPoint" ACTION="PerformancePeriod.ConfigureAdditionalDeductionPoint" NAME="frmAdiionaldeductpointConfig" WIDTH="100%" HEIGHT="100%">
		<TOOLBAR>
			<BUTTON TYPE="Help"></BUTTON>
			<BUTTON TYPE="Close"></BUTTON>
		</TOOLBAR>
		
		<FIELDSET>
		        <INPUT LABEL="" NAME="period_code" PARAM="period_code" TYPE="HIDDEN" DEFAULT="#periodcode#"/>
				<INPUT LABEL="Deduction Point" NAME="usedeductionpoint" PARAM="usedeductionpoint" TYPE="CHECKBOX" OPTIONS="Y=Use deduction point" ONCHANGE='chkUseDeduct()'/>
				<INPUT LABEL="~" NAME="deduction_point" PARAM="deduction_point" TYPE="FILTER" LISTSOURCE="PerformancePeriod.filterDeductionPoint&amp;comp_type=D" LISTMEMBER="PerformancePeriod.getDataSelectedDeduct&amp;comp_type=D" ROW="10" NAXROW="10000" />
				<INPUT LABEL="Deduction Formula" NAME="deduction_formula" PARAM="deduction_formula" TYPE="MEMO" MAXLEN="255"/>
				<INPUT LABEL="Show deduction history in form" NAME="showdeductinform" PARAM="showdeductinform" TYPE="CHECKBOX" OPTIONS="Y=Yes" />
		</FIELDSET>
		
		<FIELDSET>
				<INPUT LABEL="Additional Point" NAME="useadditionalpoint" PARAM="useadditionalpoint" TYPE="CHECKBOX" OPTIONS="Y=Use additional point" ONCHANGE='chkUseAdditional()'/>
				<INPUT LABEL="~" NAME="additional_point" PARAM="additional_point" TYPE="FILTER" LISTSOURCE="PerformancePeriod.filterAdditionlPoint&amp;comp_type=A" LISTMEMBER="PerformancePeriod.getDataSelectedAddition&amp;comp_type=A" ROW="10" NAXROW="10000" />
				<INPUT LABEL="Additional Formula" NAME="additional_formula" PARAM="additional_formula" TYPE="MEMO" MAXLEN="255"/>
				<INPUT LABEL="Show additional history in form" NAME="showadditionalinform" PARAM="showadditionalinform" TYPE="CHECKBOX" OPTIONS="Y=Yes" />
		</FIELDSET>
		
		
	    <BUTTONLIST>
			<BUTTON TYPE="CANCEL" LABEL="CLOSE" ></BUTTON>
			<BUTTON TYPE="SUBMIT" LABEL="SUBMIT"></BUTTON>
		</BUTTONLIST>
		
		
	    <SCRIPT FOR="FOOTER">
	        var evalhaveusedpoint = parseInt('#qForm.evalhaveusedpoint#');
	        if(evalhaveusedpoint &gt;= 1){
	            $('[id=btn_a_1]').hide();
	        }
	    
	        function chkUseDeduct(){
	            if($('[id=inp_usedeductionpoint]:checked').val() == 'Y'){
                    $('[id=inp_deduction_point]').removeAttr('disabled','disabled');
                    $('[id=unselinp_deduction_point]').removeAttr('disabled','disabled');
                    $('[id=unselinp_deduction_point]').css('background-color','');
                    $('[id=selinp_deduction_point]').removeAttr('disabled','disabled');
                    $('[id=selinp_deduction_point]').css('background-color','');
                    $('[id=inp_deduction_formula]').removeAttr('disabled','disabled');
                    $('[id=inp_showdeductinform]').removeAttr('disabled','disabled');
	            }else{           
                    $('[id=inp_deduction_point]').attr('disabled','disabled');
                    $('[id=unselinp_deduction_point]').attr('disabled','disabled');
                    $('[id=unselinp_deduction_point]').css('background-color','##f2f2f2');
                    $('[id=selinp_deduction_point]').attr('disabled','disabled');
                    $('[id=selinp_deduction_point]').css('background-color','##f2f2f2');
                    $('[id=inp_deduction_formula]').attr('disabled','disabled');
                    $('[id=inp_showdeductinform]').attr('disabled','disabled');
                    
	            }
	        }; chkUseDeduct();
	        
	        function chkUseAdditional(){
	            if($('[id=inp_useadditionalpoint]:checked').val() == 'Y'){
                    $('[id=inp_additional_point]').removeAttr('disabled','disabled');
                    $('[id=unselinp_additional_point]').removeAttr('disabled','disabled');
                    $('[id=unselinp_additional_point]').css('background-color','');
                    $('[id=selinp_additional_point]').removeAttr('disabled','disabled');
                    $('[id=selinp_additional_point]').css('background-color','');
                    $('[id=inp_additional_formula]').removeAttr('disabled','disabled');
                    $('[id=inp_showadditionalinform]').removeAttr('disabled','disabled');
	            }else{           
                    $('[id=inp_additional_point]').attr('disabled','disabled');
                    $('[id=unselinp_additional_point]').attr('disabled','disabled');
                    $('[id=unselinp_additional_point]').css('background-color','##f2f2f2');
                    $('[id=selinp_additional_point]').attr('disabled','disabled');
                    $('[id=selinp_additional_point]').css('background-color','##f2f2f2');
                    $('[id=inp_additional_formula]').attr('disabled','disabled');
                    $('[id=inp_showadditionalinform]').attr('disabled','disabled');
                    
	            }
	        }; chkUseAdditional();
	        
            	        
            var origmoveSelect = moveSelect;
            moveSelect = function(a,b,c) {
                origmoveSelect(a,b,c);
                
                var idcontainer = a.replace("unselinp_", "").replace("selinp_", "").replace("_point", "");
                var listSelected = $('[id=hdnSelectedinp_'+idcontainer+'_point]').val();
                var arrSelected = listSelected.split(',');
                
                $.each(arrSelected,function(idx,val){
                	var currformula = $('[id=inp_'+idcontainer+'_formula]').val();
                	currformula = currformula.replace(/\s/g,'');
                	//currformula.search(val);
                	if(currformula.search(val) &lt; 0){
                	    if (currformula !== ''){
                	        $('[id=inp_'+idcontainer+'_formula]').val(currformula+'+'+val);
                	    }else{
                	        $('[id=inp_'+idcontainer+'_formula]').val(val);
                	    }
                	}
                });
                
                //remove unselected
                $('[id=unselinp_'+idcontainer+'_point] option').map(function(){ 
                	var currformula = $('[id=inp_'+idcontainer+'_formula]').val();
                	currformula = currformula.replace(/\s/g,'');
                    var tempval = currformula.replace(this.value,'');
                    $('[id=inp_'+idcontainer+'_formula]').val(tempval);
                });
                        
                return true;
            }
            
            
            function validateOther(){
                if( $('[id=inp_usedeductionpoint]:checked').val() == 'Y' ){
                    var tempFormula = $('[id=inp_deduction_formula]').val();
                    var tempForEvaluate = tempFormula.replace(/[a-zA-Z]/g, "1");
                    try{
                        eval(tempForEvaluate);
                    }catch(err){
                        alert('[SFTEXT:JSPlease Check Deduction Formula]');
                        $('[id=inp_deduction_formula]').focus();
                        return false;
                    }
                    
                    //validate component formula
                    var selectedDeduct = $('[id=hdnSelectedinp_deduction_point]').val();
                    var arrDefined = selectedDeduct.split(',');
                    var arrUsed = [];
                    var separators = [' ', '\\\+', '-', '\\\(', '\\\)', '\\*', '/', ':'];
                    //console.log(separators.join('|'));
                    var arrElem = tempFormula.split(new RegExp(separators.join('|'), 'g'));
                    var gotUnmatched = '';
                    $.each(arrElem,function(index,val){
                        var tempval = trim(val);
                        if (arrUsed.indexOf(tempval) === -1 &amp;&amp; arrDefined.indexOf(tempval) !== -1 &amp;&amp; tempval !== '') arrUsed.push(tempval);
                        if(tempval !== '' &amp;&amp; $.isNumeric(tempval) == false &amp;&amp; selectedDeduct.indexOf(tempval) &lt; 0 ){
                            gotUnmatched = tempval;
                        }
                    });
                    
                    if(gotUnmatched !== ''){
                        alert( gotUnmatched + ' ' +'[SFTEXT:JSis not valid]');
                        $('[id=inp_deduction_formula]').focus();
                        return false;
                    }

                    if(arrUsed.length !== arrDefined.length){
                        alert('[SFTEXT:JSSome Point is not used in formula]');
                        $('[id=inp_deduction_formula]').focus();
                        return false;
                    }
                    
                    if (trim(selectedDeduct) == ''){
                        alert('[SFTEXT:JSDeduction Point cannot be empty]');
                        $('[id=inp_deduction_formula]').focus();
                        return false;
                    }
                    
                }
                

                if( $('[id=inp_useadditionalpoint]:checked').val() == 'Y' ){
                    var tempFormula = $('[id=inp_additional_formula]').val();
                    var tempForEvaluate = tempFormula.replace(/[a-zA-Z]/g, "1");
                    try{
                        eval(tempForEvaluate);
                    }catch(err){
                        alert('[SFTEXT:JSPlease Check Additional Formula]');
                        $('[id=inp_additional_formula]').focus();
                        return false;
                    }
                    
                    //validate component formula
                    var selectedAddition = $('[id=hdnSelectedinp_additional_point]').val();
                    var arrUsed = [];
                    var arrDefined = selectedAddition.split(',');
                    var separators = [' ', '\\\+', '-', '\\\(', '\\\)', '\\*', '/', ':'];
                    //console.log(separators.join('|'));
                    var arrElem = tempFormula.split(new RegExp(separators.join('|'), 'g'));
                    var gotUnmatched = '';
                    $.each(arrElem,function(index,val){
                        var tempval = trim(val);
                        if (arrUsed.indexOf(tempval) === -1 &amp;&amp; arrDefined.indexOf(tempval) !== -1 &amp;&amp; tempval !== '') arrUsed.push(tempval);
                        if(tempval !== '' &amp;&amp; $.isNumeric(tempval) == false &amp;&amp; selectedAddition.indexOf(tempval) &lt; 0 ){
                            gotUnmatched = tempval;
                        }
                    });
                    
                    if(gotUnmatched !== ''){
                        alert( gotUnmatched + ' ' +'[SFTEXT:JSis not valid]');
                        $('[id=inp_deduction_formula]').focus();
                        return false;
                    }
                    
                    if(arrUsed.length !== arrDefined.length){
                        alert('[SFTEXT:JSSome Point is not used in formula]');
                        $('[id=inp_deduction_formula]').focus();
                        return false;
                    }
                    
                    if (trim(selectedAddition) == ''){
                        alert('[SFTEXT:JSAdditional Point cannot be empty]');
                        $('[id=inp_deduction_formula]').focus();
                        return false;
                    }
                    
                }
                
                return true;
            }
		</SCRIPT>
	</SFFORM>
	
</SFPAGE>







