<SFPAGE TITLE="period" ACCESS="hrm.setting.performance.period:add">
	<SFFORM TITLE="Weight Configuration" DATASOURCE="" PASSING ="appr,lstposcode,lstlibcode" ACTION="PerformancePeriod.Add" NAME="frmWeight" WIDTH="800" HEIGHT="500" SHOWWINDOW="No">
		<FIELDSET LABEL="Weight Configuration">
			<INPUT TYPE="HIDDEN" NAME="hdnposcode3"/>
			<INPUT TYPE="HIDDEN" NAME="hdnlibcode3"/>
			<INPUT LABEL="-" NAME="a" TYPE="SCRIPT" TEMPLATE="hrm.setting.performance.period.weightconfig&amp;type=appr&amp;lstposcode=#url.lstposcode#&amp;lstlibcode=#url.lstlibcode#&amp;periodcode=#url.periodcode#"/>
		</FIELDSET>
		<SCRIPT FOR="FOOTER">
			function inittemp2(){
				document.frmWeight.inp_hdnposcode3.value = top.document.getElementById('inp_hdnposcode').value;
				document.frmWeight.inp_hdnlibcode3.value = top.document.getElementById('inp_hdnlibcode').value;
				var lstposcodeTemp = top.document.getElementById('inp_hdnposcode').value;
				var lstlibcodeTemp = top.document.getElementById('inp_hdnlibcode').value;
				var appr 		   =  top.document.getElementById('inp_hdntype').value;	
				var periodcode	   = top.document.getElementById('inp_hdnperiodcode').value;	
				var d 			   = new Date();
				var n 			   = d.getTime();
				//alert(lstlibcodeTemp);
				if (lstlibcodeTemp != ""){
				getAJAXContent("?sfid=hrm.setting.performance.period.weightconfig&amp;txtime="+n+"&amp;type="+appr+"&amp;lstposcode="+lstposcodeTemp+"&amp;lstlibcode="+lstlibcodeTemp+"&amp;periodcode="+periodcode,$sf("AttDataDiv"));
				}
			}
			setTimeout(function(){inittemp2()},(bwtype.toLowerCase()=="ie"?1000:700));

		</SCRIPT>		
	</SFFORM>
</SFPAGE>
