<SFPAGE TITLE="period" ACCESS="hrm.setting.performance.period:add">
	<SFFORM TITLE="Lookup Achievement Configuration" DATASOURCE="" PASSING ="appr,lstposcode,lstlibcode" ACTION="PerformancePeriod.Add" NAME="frmLookup" WIDTH="800" HEIGHT="500" SHOWWINDOW="No">
		<FIELDSET LABEL="Lookup Achievement Configuration">
			<INPUT TYPE="HIDDEN" NAME="hdnposcode6"/>
			<INPUT TYPE="HIDDEN" NAME="hdnlibcode6"/>
			<INPUT LABEL="-" NAME="a" TYPE="SCRIPT" TEMPLATE="hrm.setting.performance.period.lookupconfig&amp;type=appr&amp;lstposcode=#url.lstposcode#&amp;lstlibcode=#url.lstlibcode#"/>
		</FIELDSET>
		<SCRIPT FOR="FOOTER">
			function inittemp6(){
				document.frmLookup.inp_hdnposcode6.value = top.document.getElementById('inp_hdnposcode').value;
				document.frmLookup.inp_hdnlibcode6.value = top.document.getElementById('inp_hdnlibcode').value;
				var lstposcodeTemp = top.document.getElementById('inp_hdnposcode').value;
				var lstlibcodeTemp = top.document.getElementById('inp_hdnlibcode').value;
				var appr 		   =  top.document.getElementById('inp_hdntype').value;		
				var d 			   = new Date();
				var n 			   = d.getTime();
				//alert(lstlibcodeTemp);
				if (lstlibcodeTemp != ""){
				getAJAXContent("?sfid=hrm.setting.performance.period.lookupconfig&amp;txtime="+n+"&amp;type="+appr+"&amp;lstposcode="+lstposcodeTemp+"&amp;lstlibcode="+lstlibcodeTemp,$sf("AttDataDiv"));
				}
			}
			setTimeout(function(){inittemp6()},(bwtype.toLowerCase()=="ie"?1000:700));

		</SCRIPT>		
	</SFFORM>
</SFPAGE>
