<SFPAGE TITLE="period" ACCESS="hrm.setting.performance.period:add">
	<SFFORM TITLE="Appraisal Configuration" DATASOURCE="" ACTION="PerformancePeriod.Add" NAME="frmPerfPeriod" WIDTH="800" HEIGHT="500">
		<TOOLBAR>
			<BUTTON TYPE="Help"></BUTTON>
			<BUTTON TYPE="Close"></BUTTON>
		</TOOLBAR>
		<SCRIPT>
			//loadScript('#application.path.lib#/scripts/pm/jquery.fixedheadertable.min.js');
			//loadScript('#application.path.lib#/scripts/pm/jquery.ba-throttle-debounce.min.js');
			//loadScript('#application.path.lib#/scripts/pm/jquery.stickyheader.js');
		</SCRIPT>
		<FIELDSET>
			<INPUT LABEL="Position" TYPE="FILTER" ERRMSG="Please Filter Position" 
				LISTSOURCE="PerformancePeriod.filterPos" ROW="6" MAXROW="1000" NAME="lstposcode"/>
			<INPUT LABEL="Appraisal Library" TYPE="FILTER" ERRMSG="Please Filter Grade" 
				LISTSOURCE="AppraisalLibrary.filterAppraisalLib" ROW="6" MAXROW="50" NAME="lstapprlib"/>
			<INPUT LABEL="Set Table" TYPE="BUTTON" ONCLICK="setPMLibTable();"/>
		</FIELDSET>
		<FIELDSET LABEL="Appraisal Configuration">
			<INPUT LABEL="-" NAME="a" TYPE="SCRIPT" TEMPLATE="hrm.setting.performance.period.config&amp;type=appr"/>
		</FIELDSET>
		<SCRIPT FOR="FOOTER">
			function setPMLibTable(){
				var a = pmPeriod;
				a.setPMSettingTable();
			}
			function saveToLocal(){
				var testTextYan = savePMJSONToLocal();
				//opener.localStorage.setItem("SFPMPeriodSettingAPPR",testTextYan);
				opener.$('textarea##config_appraisal').val(testTextYan);
				alert("Successfully Save Appraisal Configuration")
				popClose();
			}
		</SCRIPT>
		<BUTTONLIST>
			<BUTTON TYPE="Cancel"></BUTTON>
			<BUTTON Label="Save" ACTION="saveToLocal()"></BUTTON>
		</BUTTONLIST>
	</SFFORM>
</SFPAGE>
