<SFPAGE TITLE="period" ACCESS="hrm.setting.performance.period:add">
	<SFFORM TITLE="Target Configuration" DATASOURCE="" ACTION="PerformancePeriod.Add" NAME="frmTarget" WIDTH="800" HEIGHT="500" SHOWWINDOW="No">
		<FIELDSET LABEL="Target Configuration">
			<INPUT TYPE="HIDDEN" NAME="hdnposcode4"/>
			<INPUT TYPE="HIDDEN" NAME="hdnlibcode4"/>
			<INPUT LABEL="-" NAME="a" TYPE="SCRIPT" TEMPLATE="hrm.setting.performance.period.targetconfig&amp;type=appr&amp;lstposcode=#url.lstposcode#&amp;lstlibcode=#url.lstlibcode#"/>
		</FIELDSET>
		<SCRIPT FOR="FOOTER">
			
			function inittemp3(){
				document.frmTarget.inp_hdnposcode4.value  = top.document.getElementById('inp_hdnposcode').value;
				document.frmTarget.inp_hdnlibcode4.value  = top.document.getElementById('inp_hdnlibcode').value;
				var lstposcodeTemp = top.document.getElementById('inp_hdnposcode').value;
				var lstlibcodeTemp = top.document.getElementById('inp_hdnlibcode').value;
				var appr 		   = top.document.getElementById('inp_hdntype').value;		
				var d 			   = new Date();
				var n 			   = d.getTime();
				//alert(lstlibcodeTemp);
				if (lstlibcodeTemp != ""){
				getAJAXContent("?sfid=hrm.setting.performance.period.targetconfig&amp;txtime="+n+"&amp;type="+appr+"&amp;lstposcode="+lstposcodeTemp+"&amp;lstlibcode="+lstlibcodeTemp,$sf("AttDataDiv"));
				}
			}
			setTimeout(function(){inittemp3()},(bwtype.toLowerCase()=="ie"?1000:700));
		</SCRIPT>		
	</SFFORM>
</SFPAGE>
