<SFPAGE TITLE="period" ACCESS="hrm.setting.performance.period:add">
	<SFFORM TITLE="Default Library Configuration" PASSING ="appr,lstposcode,lstlibcode,periodcode" DATASOURCE="" ACTION="PerformancePeriod.Add" NAME="frmDefWeight" WIDTH="800" HEIGHT="500" SHOWWINDOW="No">
		<FIELDSET LABEL="Default Library Configuration">
			<INPUT TYPE="HIDDEN" NAME="hdnposcode2"/>
			<INPUT TYPE="HIDDEN" NAME="hdnlibcode2"/>
			<INPUT LABEL="-" NAME="a" TYPE="SCRIPT" TEMPLATE="hrm.setting.performance.period.defconfig&amp;type=appr&amp;lstposcode=#url.lstposcode#&amp;lstlibcode=#url.lstlibcode#&amp;periodcode=#url.periodcode#"/>
		</FIELDSET>
		<SCRIPT FOR="FOOTER">
			function inittemp(){
				document.frmDefWeight.inp_hdnposcode2.value = top.document.getElementById('inp_hdnposcode').value;
				document.frmDefWeight.inp_hdnlibcode2.value = top.document.getElementById('inp_hdnlibcode').value;
				var lstposcodeTemp = top.document.getElementById('inp_hdnposcode').value;
				var lstlibcodeTemp = top.document.getElementById('inp_hdnlibcode').value;
				var appr 		   = top.document.getElementById('inp_hdntype').value;	
				var periodcode	   = top.document.getElementById('inp_hdnperiodcode').value;		
				var d 			   = new Date();
				var n 			   = d.getTime();
				//alert(lstlibcodeTemp);
				if (lstlibcodeTemp != ""){
				getAJAXContent("?sfid=hrm.setting.performance.period.defconfig&amp;txtime="+n+"&amp;type="+appr+"&amp;lstposcode="+lstposcodeTemp+"&amp;lstlibcode="+lstlibcodeTemp+"&amp;periodcode="+periodcode,$sf("AttDataDiv"));
				}
			}
			setTimeout(function(){inittemp()},(bwtype.toLowerCase()=="ie"?1000:700));

		</SCRIPT>		
	</SFFORM>
</SFPAGE>
