<SFPAGE TITLE="period" ACCESS="hrm.setting.performance.period:add">
	<SFFORM TITLE="Library Configuration" DATASOURCE="" ACTION="PerformancePeriod.Add" NAME="frmPerfPeriod" WIDTH="800" HEIGHT="500">
		<TOOLBAR>
			<BUTTON TYPE="Help"></BUTTON>
			<BUTTON TYPE="Close"></BUTTON>
		</TOOLBAR>
		<SCRIPT>
			loadScript('#application.path.lib#/scripts/pm/jquery.fixedheadertable.min.js');
			//loadScript('#application.path.lib#/scripts/pm/jquery.ba-throttle-debounce.min.js');
			//loadScript('#application.path.lib#/scripts/pm/jquery.stickyheader.js');
		</SCRIPT>
		<FIELDSET>
			<INPUT LABEL="Position" TYPE="FILTER" ERRMSG="Please Filter Position" 
				LISTSOURCE="SimplePerformanceSetting.filterPos" ROW="6" MAXROW="50" NAME="lstposcode"/>
			<INPUT LABEL="Appraisal Library" TYPE="FILTER" ERRMSG="Please Filter Grade" 
				LISTSOURCE="AppraisalLibrary.filterAppraisalLib" ROW="6" MAXROW="50" NAME="lstapprlib"/>
			<INPUT LABEL="Display" TYPE="BUTTON" ONCLICK="setPMSettingTable();"/>
		</FIELDSET>
		<FIELDSET LABEL="Library Configuration">
			<INPUT LABEL="-" NAME="a" TYPE="SCRIPT" TEMPLATE="hrm.setting.performance.period.config2&amp;type=appr"/>
		</FIELDSET>
		<SCRIPT FOR="FOOTER">
		</SCRIPT>
		<BUTTONLIST>
			<BUTTON TYPE="Cancel"></BUTTON>
			<BUTTON Label="Save" ACTION="saveToLocal()"></BUTTON>
		</BUTTONLIST>
	</SFFORM>
</SFPAGE>
