<SFPAGE TITLE="period" ACCESS="hrm.setting.performance.period:add">
	<SFFORM TITLE="Competency Configuration" DATASOURCE="" ACTION="PerformancePeriod.ConfigureCompetence" NAME="frmPerfPeriod" WIDTH="100%" HEIGHT="100%">
		<TOOLBAR>
			<BUTTON TYPE="Help"></BUTTON>
			<BUTTON TYPE="Close"></BUTTON>
		</TOOLBAR>
		<FIELDSET>
		    <INPUT LABEL="Job Title" TYPE="FILTER" ERRMSG="Please Select Job Title" LISTSOURCE="CompetencyLibrary.filterJTCompetenceConfig" ROW="6" MAXROW="5000" NAME="lstposcode" REQUIRED="YES"/>
			<INPUT LABEL="Competency Library" TYPE="FILTER" ERRMSG="Please Select Competence Library" LISTSOURCE="CompetencyLibrary.filterLibCompetenceConfig" ROW="6" MAXROW="5000" NAME="lstapprlib" REQUIRED="YES"/>
			<INPUT LABEL="~" NAME="hdntype"  PARAM="hdntype" TYPE="HIDDEN" default="COMPETENCE"/>
			<INPUT LABEL="~" NAME="hdnperiodcode"  PARAM="hdnperiodcode" TYPE="HIDDEN" default="#URL.periodcode#"/>
			<INPUT LABEL="~" NAME="hdnposcode"  PARAM="hdnposcode" TYPE="HIDDEN" default=" "/>
			<INPUT LABEL="~" NAME="hdnlibcode"  PARAM="hdnlibcode" TYPE="HIDDEN" default=" "/>
			<INPUT LABEL="~" NAME="hdnopner"  PARAM="hdnopner" TYPE="HIDDEN" default=""/>

			<INPUT LABEL="Set Configuration" TYPE="BUTTON" ONCLICK="setPMLibTable();"/>
			<INPUT LABEL="" TYPE="HIDDEN" PARAM="tabrowhide" NAME="tabrowhide"/>
		</FIELDSET>
		<TABPAGE HEIGHT="550">
			<TABROW>
				<TAB LABEL="Weight">
					<FIELDSET LABEL="Weight Configuration">
						<INPUT TYPE="HIDDEN" NAME="hdnposcode3"/>
						<INPUT TYPE="HIDDEN" NAME="hdnlibcode3"/>
						<INPUT LABEL="-" NAME="Weight" TYPE="SCRIPT" TEMPLATE="hrm.setting.performance.period.weightconfig&amp;type=COMPETENCE"/>
					</FIELDSET>
				</TAB>
			</TABROW>
		</TABPAGE>
		
		<SCRIPT FOR="FOOTER">
			function isNumberKey(evt){
                var charCode = (evt.which) ? evt.which : evt.keyCode;
                if (charCode != 46 &amp;&amp; charCode &gt; 31 &amp;&amp; (charCode &lt; 48 || charCode &gt; 57))
                    return false;
                    
                return true;
            }
			
			if(opener.frmPerformancePeriod.hdn_score_type != null){
					var tempopener = opener.frmPerformancePeriod.hdn_score_type.value;
					document.getElementById('inp_hdnopner').value = tempopener;
			}

			var gllstposcode = '';
			var gllstlibcode = '';
			
			function setvariabelpos(lstposcode){
				gllstposcode = lstposcode;
			}
			
			function getvariabelpos(){
				return gllstposcode;
			}
			
			function setvariabellib(lstlibcode){
				gllstlibcode = lstlibcode;
			}
			
			function getvariabellib(){
				return gllstlibcode;
			}

			function inittempweight(){
				document.frmPerfPeriod.inp_hdnposcode3.value = document.getElementById('inp_hdnposcode').value;
				document.frmPerfPeriod.inp_hdnlibcode3.value = document.getElementById('inp_hdnlibcode').value;
				var lstposcodeTemp = document.getElementById('inp_hdnposcode').value;
				var lstlibcodeTemp = document.getElementById('inp_hdnlibcode').value;
				var appr 		   = 'COMPETENCE';	
				var periodcode	   = document.getElementById('inp_hdnperiodcode').value;	
				var d 			   = new Date();
				var n 			   = d.getTime();

				if (lstlibcodeTemp != ""){
				getAJAXContent("?sfid=hrm.setting.performance.period.weightconfig&amp;txtime="+n+"&amp;type="+appr+"&amp;lstposcode="+lstposcodeTemp+"&amp;lstlibcode="+lstlibcodeTemp+"&amp;periodcode="+periodcode,$sf("AttDataDivWeight"));
				}
			}

			function setPMLibTable()
			{
				var lstposcode = ''; 
				var lstlibcode = ''; 
				var periodcode = document.getElementById('inp_hdnperiodcode').value;
				
				if(document.getElementById('selinp_lstposcode').length &gt; 0)
					{
						for(i=0; i &lt; document.getElementById('selinp_lstposcode').length;i++)
						{
							if(i==0 &amp;&amp; lstposcode=='')
							{
								lstposcode = document.getElementById('selinp_lstposcode')[i].value;
							}
							else
							{
								lstposcode = lstposcode +','+ document.getElementById('selinp_lstposcode')[i].value;
							}
						}
						document.getElementById('inp_hdnposcode').value = lstposcode;
						setvariabelpos(lstposcode);
					}
				else
				{
					alert("[SFTEXT:ERPlease Select At Least One Job Title]");
					return false;
				}
				if(document.getElementById('selinp_lstapprlib').length &gt; 0)
					{
						for(i=0; i &lt; document.getElementById('selinp_lstapprlib').length;i++)
						{
							if(i==0 &amp;&amp; lstlibcode=='')
							{
								lstlibcode = document.getElementById('selinp_lstapprlib')[i].value;
							}
							else
							{
								lstlibcode = lstlibcode +','+ document.getElementById('selinp_lstapprlib')[i].value;
							}
						}
						document.getElementById('inp_hdnlibcode').value = lstlibcode;
						setvariabellib(lstlibcode);
						
						/* ENC51117-81286 */ 
						var arrposcode = $('[id=selinp_lstposcode] > option');
						var arrlibcode =  $('[id=selinp_lstapprlib] > option');
						if(arrposcode.length > 500 &amp;&amp; arrlibcode.length > 1){
        					alert("[SFTEXT:Job Title is more than 500, please select one library only to get best perform while setting]");
        					return false;
        				}
        				/* ENC51117-81286 */


						setTimeout(function(){inittempweight()},(bwtype.toLowerCase()=="ie"?1000:300));

						return true;
					}
				else
				{
					alert("[SFTEXT:ERPlease Select At Least One Competency Library]");
					return false;
				}	
				
			}
			
			

			function validateOther(){
				if(document.getElementById('selinp_lstposcode').length == 0)
				{
					alert("[SFTEXT:ERPlease Select At Least One Job Title]");
					return false;
				}
				if(document.getElementById('selinp_lstapprlib').length == 0)
				{
					alert("[SFTEXT:ERPlease Select At Least One Competency Library]");
					return false;
				}
				
				var isValid = true;

				/*
				if(isValid){
					$('input[name*="inp_weight_"]').each(function(){
						if($(this).val().length == 0){
							isValid = false;
						}
					});
					if(!isValid){
						alert("[SFTEXT:ERPlease Set Weight for All Appraisal Libraries in Default Tab]");
					}
				}
				if(isValid){
					$('input[name*="txtTarget_"]').each(function(){
						if($(this).val().length == 0){
							isValid = false;
						}
					});
					if(!isValid){
						alert("[SFTEXT:ERPlease Set Target for All Appraisal Libraries and Positions in Target Tab]");
					}
				}
				
				$('input[id^="txtWeight_"]').each(function(a,b) {
				    if($(b).val()==''){
				    	console.log(a + " dan " + b);
				        alert("Please insert weight");
				        $(b).focus();
						isValid = false;
				        return false;
				    }
				    else if(isNaN($(b).val())){
				    	console.log(a + " dan " + b);
				        alert("Please insert weight with numeric value");
				        $(b).focus();
						isValid = false;
				        return false;
				    }
				})
				*/
				return isValid;
			}

			/*add by brurce Abraham*/
			var strData = "1";

			function ListAppend(strData, strValue)
			{
				if(strData == "")
					strData = strValue;
				else
					strData = strData + "," + strValue;
					
				return strData;
			}
			
			
			try { /**try to add callback on the existing js function (showTab)**/
				    if (typeof(oldShowTab)==="undefined" [AND] typeof(showTab)==="function") {
				     var oldShowTab = showTab;
					 showTab = function(actid) {	
				     strData = ListAppend(strData,actid);
				     $sf('inp_tabrowhide').value = strData;
					 oldShowTab(actid);
				};
				}
				}
			catch(e){}
			/*End add by brurce Abraham*/
			
			
            // <!--ENC51117-81286-->
            function resizeWinConfPerPeriode() {
    			if(!window){
    			}else{
    			    var innerWidth = 1300;
    				var innerHeight = 600;
					window.resizeTo(1300,600);
					self.moveTo((screen.availwidth-innerWidth)/2,(screen.availheight-innerHeight)/2);
    				document.getElementById('pop_title').style="display:block; max-width:screen.availWidth";
    				document.getElementById('pop_title').width="screen.availWidth";
    			}  
            }
            window.onload = resizeWinConfPerPeriode;
		</SCRIPT>		
		<BUTTONLIST>
			<BUTTON TYPE="Cancel"></BUTTON>
			<BUTTON LABEL="Submit" TYPE="submit"></BUTTON>
			<!-- <BUTTON Label="Save" ACTION="saveToLocal()"></BUTTON> -->
		</BUTTONLIST>
	</SFFORM>
</SFPAGE>
