<SFPAGE TITLE="period" ACCESS="hrm.setting.performance.period:add">
	<SFFORM TITLE="Component Configuration" DATASOURCE="" ACTION="PerformancePeriod.ConfigureComponent" NAME="frmPerfPeriod" WIDTH="800" HEIGHT="500">
		<TOOLBAR>
			<BUTTON TYPE="Help"></BUTTON>
			<BUTTON TYPE="Close"></BUTTON>
		</TOOLBAR>
		<FIELDSET>
		    <!--
			<INPUT LABEL="Position" TYPE="FILTER" ERRMSG="Please Filter Position" 
				LISTSOURCE="PerformancePeriod.filterPos" ROW="6" MAXROW="5000" NAME="lstposcode"/>
            -->
		    <INPUT LABEL="Only show configured position" PARAM="configuredonly" TYPE="CHECKBOX" OPTIONS="Y=Yes" ONCHANGE="setShow(this)"/>
			<INPUT LABEL="Position" TYPE="FILTER" ERRMSG="Please Select at least One Position" REQUIRED="YES"
			    LISTSOURCE="PerformancePeriod.filterPos" ROW="6" MAXROW="1000" NAME="lstposcode" SHOWCHECKBOXALL="YES" CHECKBOXOPTION="1=All Positions" CHECKBOXPARAM="isallpos" CHECKBOXCHECKED="NO"/>

			<INPUT LABEL="~" NAME="hdnperiodcode"  PARAM="hdnperiodcode" TYPE="HIDDEN" default="#URL.periodcode#"/>
			<INPUT LABEL="~" NAME="hdnposcode"  PARAM="hdnposcode" TYPE="HIDDEN"/>
			<INPUT LABEL="~" NAME="hdntype"  PARAM="hdntype" TYPE="HIDDEN" default="component"/>

			<INPUT LABEL="Set Configuration" TYPE="BUTTON" ONCLICK="setPMLibTable();"/>
		</FIELDSET>
		<FIELDSET LABEL="Component Configuration">
			<INPUT LABEL="-" NAME="a" TYPE="SCRIPT" TEMPLATE="hrm.setting.performance.period.config&amp;type=comp"/>
		</FIELDSET>
		<SCRIPT FOR="FOOTER">
		    function isNumberKey(evt){
                var charCode = (evt.which) ? evt.which : evt.keyCode;
                if (charCode != 46 &amp;&amp; charCode &gt; 31 &amp;&amp; (charCode &lt; 48 || charCode &gt; 57))
                    return false;
                    
                return true;
            }
            
            function validateOther(){
			    var validate_totweight_perfcomponents = $('[id=validate_totweight_perfcomponents]').val();
			    var allowable_totweight_perfcomponents = $('[id=allowable_totweight_perfcomponents]').val();
            
                if(validate_totweight_perfcomponents == 'Y'){
        			try{
                        var selectedPos = $('[id=hdnSelectedinp_lstposcode]').val();
                        var arrPos = selectedPos.split(",");
                        var isValidalltotal = true;
                        var isThereEmpty = false;
                        var arrEmptyPos = [];
                        var totComp = $('[name=lstperiodcomponent]').val().split(',').length;
            			
                        arrPos.forEach(function(valuePos){ 
    
                            var totalWeightForValidate = 0;
                            var totalWeightChecked = 0;
                            $('input[id^=txtCW_'+valuePos+'_]').each(function(objidx){
                                var tempvalCom = parseInt(this.value) || 0;
                                totalWeightForValidate = parseInt(totalWeightForValidate) + tempvalCom;
                                if(trim(this.value) !==''){
                                    totalWeightChecked++;
                                }
                            });
                            if(totComp &gt; totalWeightChecked &amp;&amp; totalWeightChecked !== 0){ isThereEmpty = true; arrEmptyPos.push($('[name=namePos_'+valuePos+']').val()); }
                            if(validate_totweight_perfcomponents == 'Y' &amp;&amp; parseInt(totalWeightForValidate) !== parseInt(allowable_totweight_perfcomponents) &amp;&amp; totalWeightChecked !== 0){
            					isValidalltotal = false;
                            }
                        });
                        
                        if(isThereEmpty){
                            alert("[SFTEXT:ERPlease fill all Weight Components for position ] " + arrEmptyPos.join(',') );
                            return false;
                        }
                        if(isValidalltotal == false){
                            alert("[SFTEXT:ERTotal Weight on Period Components per position must be] " + allowable_totweight_perfcomponents);
                            return false;
                        }
        			
        			}catch(err){}
    			}
    			
    			return true;
            
            }
            
            function setShow(o){
                searchFilter(null,'?ofid=PerformancePeriod.filterPos','inp_lstposcode',10000);
            }
            
            function getComponentUsed(){
                var arrcompcode = [];
                
                opener.$(".periodcomp").each(function(){
                    if($(this).is(":checked")){
                        arrcompcode.push($(this).attr("name"));
                    }
                });
    			return arrcompcode;
            }
            
			function getPosCodeList(){
			    var arrposcode = [];

				if(!($('##isinp_lstposcode').is(':checked'))){
                    $('##selinp_lstposcode option').each(function() {
                        arrposcode.push($(this).val());
                    });
    			}
    			else{
                    $('##selinp_lstposcode option').each(function() {
                        arrposcode.push($(this).val());
                    });
                    $('##unselinp_lstposcode option').each(function() {
                        arrposcode.push($(this).val());
                    });
    			}
    			return arrposcode;
			}

			function setPMLibTable(){
				var lstposcodeTemp = '';
				lstposcodeTemp = getPosCodeList().join(',');
				
				var lstlibcodeTemp = '';
				lstlibcodeTemp = getComponentUsed().join(',');
				
				var periodcode = '#URL.periodcode#';
				var appr 		   = 'COMP';		
				var d 			   = new Date();
				var n 			   = d.getTime();

				if(lstposcodeTemp.length == 0){
					alert("[SFTEXT:ERPlease Select at least One Position]");
				}
				else if(lstlibcodeTemp.length == 0){
					alert("[SFTEXT:ERPlease Select at least One Period Component]");
				}
				else{
    				if (lstlibcodeTemp != ""){
    				    $('##inp_hdnposcode').val(lstposcodeTemp);
        				$.post( "?sfid=hrm.setting.performance.period.config", { txtime: n, type: appr, lstposcode: lstposcodeTemp, lstlibcode: lstlibcodeTemp, periodcode: periodcode} )
            				.done(function( data ) {
                                $("##PMDataDivCompConfig").html(data);
                        });
    				}
        			$('##btn_a_1').show();
				}
			}
			
			$('##btn_a_1').hide();
			
            $( document ).ajaxStart(function() {
                var $klon = $("##divBlockSpace").clone().prop('id', 'blockSpaceAppr' );
                var $klon2 = $("##divBlock").clone().prop('id', 'blockAppr' );
                
                $klon.insertAfter("##divBlockSpace");
                $klon2.insertAfter("##divBlock");
                
                $klon.show();
                $klon2.show();
            });
            $( document ).ajaxStop(function() {
                $('##blockAppr').remove();
                $('##blockSpaceAppr').remove();
            });
		</SCRIPT>
		<BUTTONLIST>
			<BUTTON TYPE="Cancel"></BUTTON>
			<BUTTON TYPE="Submit"></BUTTON>
		</BUTTONLIST>
	</SFFORM>
</SFPAGE>

