	<SFPAGE TITLE="period" ACCESS="hrm.setting.performance.period:add">
		<SFFORM TITLE="Detail Performance Period" DATASOURCE="" ACTION="PerformancePeriod.Add" NAME="frmPerformancePeriod" WIDTH="750" HEIGHT="600">
			<TOOLBAR>
				<BUTTON TYPE="Help"></BUTTON>
				<BUTTON TYPE="Close"></BUTTON>
			</TOOLBAR>
			<SCRIPT>
				//loadScript('#application.path.lib#/scripts/pm/chosen.jquery.js');
				//loadScript('#application.path.lib#/scripts/pm/jquery.fixedheadertable.min.js');
				
			</SCRIPT>
			<FIELDSET>
			   <INPUT LABEL="-" NAME="frmEvalQuestion" TYPE="SCRIPT" TEMPLATE="hrm.setting.performance.period.detailperiod?periodcode=#period_code#&amp;typeperiod=#typeperiod#&amp;status=#status#"/>
			</FIELDSET>
	
		
			<SCRIPT FOR="FOOTER">
			
			</SCRIPT>
		</SFFORM>
	</SFPAGE>








