<SFPAGE TITLE="period" ACCESS="hrm.setting.performance.period:add">
	<SFFORM TITLE="Edit Performance Period" DATASOURCE="PerformancePeriod" ACTION="PerformancePeriod.Save" NAME="frmPerformancePeriod" WIDTH="750" HEIGHT="600">
		<TOOLBAR>
			<BUTTON TYPE="Help"></BUTTON>
			<BUTTON TYPE="Close"></BUTTON>
		</TOOLBAR>
		<FIELDSET>
			<INPUT LABEL="Performance Period Code" NAME="period_code" PARAM="period_code" TYPE="LABEL"/>
			<!--<INPUT LABEL="Copy From Period" NAME="lookup_period" PARAM="lookup_period" TYPE="SELECT" LISTSOURCE="PerformancePeriod"/>-->
			<INPUT LABEL="Performance Period Name" NAME="period_name" PARAM="period_name" TYPE="TEXT" REQUIRED="YES" MULTILANG="YES"/>
			<INPUT LABEL="Period Type" NAME="period_type" PARAM="period_type" TYPE="SELECT" OPTIONS="PERIOD=Periodic|BASEDON=Based On Join Date" ONCHANGE="changePeriodType(this.value)" REQUIRED="YES" GROUP="periodtype~"/>
			<INPUT LABEL=" " NAME="aftermonth" PARAM="aftermonth" TYPE="TEXT" GROUP="periodtype~" MAXLEN="3" SIZE="3"/>
			<INPUT LABEL="Months" NAME="month" PARAM="month" TYPE="LABEL" DEFAULT=" " GROUP="periodtype~"/>
			<INPUT LABEL="" NAME="score_type_code" PARAM="score_type_code" TYPE="HIDDEN"/>
			<INPUT LABEL="Score Type" NAME="score_type" PARAM="score_type" TYPE="SUGGEST" LISTSOURCE="ScoreType.FilterScoreType" REQUIRED="YES" GROUP="scoretype~"/>
			<INPUT LABEL='' DEFAULT="[+]" TYPE="BUTTON" title="Add Score Type" ONCLICK="window.open('?xfid=sys.setting.scoretype.add&amp;code=1','Score Setting Form','width=600,height=500,toolbar=1,resizable=0');" GROUP="scoretype~"/>
			<INPUT LABEL="Conclusion Score" NAME="conclusion_lookup" PARAM="conclusion_lookup" TYPE="SUGGEST" LISTSOURCE="ScoreType.FilterConclusion" REQUIRED="YES"/>   
			<INPUT LABEL="Gauge Type" NAME="gaugetype" PARAM="gaugetype" TYPE="SELECT" OPTIONS="HIGHER=Higher|LOWER=Lower" />
			<INPUT LABEL="Use Normal Curve Percentage" NAME="usenormalcurve" PARAM="usenormalcurve" TYPE="CHECKBOX" OPTIONS="Y=Yes" ONCHANGE='chkUseNormalEdit()'/>
			<INPUT LABEL=" " TYPE="SCRIPT" NAME="NormalDistributions" PARAM="NormalDistributions" TEMPLATE="hrm.setting.performance.period.normaldistribution?score_type={conclusion_old}&amp;period_code=#period_code#"/>
			<INPUT LABEL=" " NAME="old_score_type" PARAM="score_type" TYPE="HIDDEN"/>
			<INPUT LABEL=" " NAME="type_hidden" PARAM="period_type" TYPE="HIDDEN"/>
			<INPUT LABEL=" " NAME="conclusion_hidden" PARAM="conclusion_lookup" TYPE="HIDDEN"/>
			<INPUT LABEL=" " NAME="conclusion_old" PARAM="conclusion_old" TYPE="HIDDEN"/>
		</FIELDSET>
		<FIELDSET LABEL="Period Stages">
			<!--INPUT LABEL="Planning Date" NAME="plan_startdate" PARAM="plan_startdate" TYPE="DATE" GROUP="plansdate~"/>
			<INPUT LABEL="To" NAME="plan_enddate" PARAM="plan_enddate" TYPE="DATE" GROUP="plansdate~"/>
			<INPUT LABEL="Mid Term Evaluation" NAME="midterm" PARAM="midterm" TYPE="LABEL" DEFAULT=" "/>
			<INPUT LABEL="Final Evaluation Date" NAME="final_startdate" PARAM="final_startdate" TYPE="DATE" GROUP="finaldate~"/>
			<INPUT LABEL="To" NAME="final_enddate" PARAM="final_enddate" TYPE="DATE" GROUP="finaldate~"/-->
			
			<INPUT LABEL="-" TYPE="SCRIPT" NAME="RR" TEMPLATE="hrm.setting.performance.period.periodstagesedit?period_code=#period_code#"/>
		</FIELDSET>
		<FIELDSET LABEL="Period Components">			
			<INPUT LABEL="-" TYPE="SCRIPT" NAME="AB" TEMPLATE="hrm.setting.performance.period.componentsedit?period_code=#period_code#"/>
		</FIELDSET>
		
		<FIELDSET LABEL="Filter Employee">			
			<INPUT LABEL="Filter Job Family Level" TYPE="FILTER"  NAME="jfl" PARAM="period_code" SHOWALL="Yes"  LISTSOURCE="PerformancePeriod.filterJobFamilyLevelME" LISTMEMBER="PerformancePeriod.getDataObjectJfl" />
			<INPUT LABEL="Filter Employment Status" TYPE="FILTER"  NAME="employstatus" PARAM="period_code" SHOWALL="Yes"  LISTSOURCE="PerformancePeriod.filterEmploymentStatus" LISTMEMBER="PerformancePeriod.getDataObjectEmploymentStatus" />
			<INPUT LABEL="Filter Job Status" TYPE="FILTER"  NAME="jobstatus" PARAM="period_code" SHOWALL="Yes"  LISTSOURCE="PerformancePeriod.filterJobstatus" LISTMEMBER="PerformancePeriod.getDataObjectJSts" />
		</FIELDSET>
		
		<FIELDSET LABEL="Notes">			
			<INPUT LABEL="Total Notes" NAME="note_amount" PARAM="note_amount" TYPE="SELECT"  OPTIONS="1=1|2=2|3=3|4=4|5=5" ONCHANGE="setNotesTable(this.value)"/>
			<INPUT LABEL="~" TYPE="SCRIPT" NAME="AD" TEMPLATE="hrm.setting.performance.period.notes?period_code=#period_code#"/>
		</FIELDSET>
		<BUTTONLIST>
			<BUTTON TYPE="Cancel"></BUTTON>
			<BUTTON TYPE="Delete"></BUTTON>
			<BUTTON TYPE="Submit"></BUTTON>
		</BUTTONLIST>
		<SCRIPT FOR="FOOTER">
			$("##tr_inp_period_type").hide();		
			
			function isNumberKey(evt){
                var charCode = (evt.which) ? evt.which : evt.keyCode;
                if (charCode != 46 &amp;&amp; charCode &gt; 31 &amp;&amp; (charCode &lt; 48 || charCode &gt; 57))
                    return false;
                    
                return true;
            }
			
			function chkUseNormalEdit(){
				if($('##inp_usenormalcurve').is(':checked')==true){
					$("##tr_inp_NormalDistributions").show();
					if ($('##hdn_conclusion_lookup').val()!=$('##inp_conclusion_hidden').val()){
						var score_type = $('##hdn_conclusion_lookup').val();			
					}else{
						var score_type = $('##inp_conclusion_old').val();
					}
					getAJAXContent('?sfid=hrm.setting.performance.period.normaldistribution&amp;score_type='+score_type+'&amp;period_code=#period_code#',$sf('inp_NormalDistributions'));
				}else{
					$("##tr_inp_NormalDistributions").hide();
				}				
			}
			function chkUseNormalEditLoad(){
				if($('##inp_usenormalcurve').is(':checked')==true){
					$("##tr_inp_NormalDistributions").show();
				}else{
					$("##tr_inp_NormalDistributions").hide();
				}			
				//$('##hdn_conclusion_lookup').val($('##inp_conclusion_old').val());				
			}
			chkUseNormalEditLoad();
			function changePeriodType(periodType){
				if(periodType=="BASEDON"){
					$("##inp_aftermonth").show();
					$("##inp_aftermonth").after('  [SFTEXT:Months]');
					try{
						$("##lbl_inp_period_startdate").html($("##lbl_inp_period_startdate").html().replace('&lt;span class=\"required\"&gt; *&lt;/span&gt;',''));
						$("##lbl_inp_final_startdate").html($("##lbl_inp_final_startdate").html().replace('&lt;span class=\"required\"&gt; *&lt;/span&gt;',''));
					}catch(err){
					
					}
				}else{
					$("##inp_aftermonth").hide();
					$("##tr_inp_period_type").html($("##tr_inp_period_type").html().replace('[SFTEXT:Months]',''));
					$("##lbl_inp_period_startdate").append('&lt;span class=\"required\"&gt; *&lt;/span&gt;');
					$("##lbl_inp_final_startdate").append('&lt;span class=\"required\"&gt; *&lt;/span&gt;');
				}
			}
			
			changePeriodType('{period_type}');
			function pickScoreList(vval, vtxt, cfunc, selm) {
				if (typeof(selm) == 'undefined') {
					top.isPickLookupList = true;
				}
				var otip = $sf("spTip");
				if (otip == null) return;
				if (selm != null) {
					var oelm = $sf(selm);
					if (oelm != null)
						otip.elm = oelm;
				}
			 
				if (otip.elm != null) {
					if ($sf('err' + otip.elm.id)) {
						$sf('err' + otip.elm.id).style.display = "none";
					}
					if (otip.elm.value != null) {
						if (vtxt != null) {
							logthis(vtxt);
							otip.elm.value = vtxt.split('|')[0];
							if (selm == null)
								formodified(otip.elm);
							var ohdn_ = "hdn" + otip.elm.id.substr(3);
							var ohdn = $sf(ohdn_);
							if (!ohdn) {
								if (frames) { 
									for (var i = 0; i &lt; frames.length; i++) {
									   
										if ($sf(ohdn_, frames[i]) != null) {
											ohdn = $sf(ohdn_, frames[i]);
											break;
										}
									}
								}
							}
							if (ohdn != null) {
								ohdn.value = vval;
							}
						} else {
							otip.elm.value = vval;
						}
					} else if (otip.elm.innerHTML != null) {
						if (vtxt != null)
							otip.elm.innerHTML = vtxt;
						else
							otip.elm.innerHTML = vval;
					}
				}
				hideTip();
				if (cfunc) {
					cfunc();
				}
			}
			
			function pickConclusionList(vval, vtxt, cfunc, selm) {
				if (typeof(selm) == 'undefined') {
					top.isPickLookupList = true;
				}
				var otip = $sf("spTip");
				if (otip == null) return;
				if (selm != null) {
					var oelm = $sf(selm);
					if (oelm != null)
						otip.elm = oelm;
				}
			 
				if (otip.elm != null) {
					if ($sf('err' + otip.elm.id)) {
						$sf('err' + otip.elm.id).style.display = "none";
					}
					if (otip.elm.value != null) {
						if (vtxt != null) {
							//logthis(vtxt);
							otip.elm.value = vtxt.split('|')[0];
							if (selm == null)
								formodified(otip.elm);
							var ohdn_ = "hdn" + otip.elm.id.substr(3);
							var ohdn = $sf(ohdn_);
							if (!ohdn) {
								if (frames) { 
									for (var i = 0; i &lt; frames.length; i++) {
									   
										if ($sf(ohdn_, frames[i]) != null) {
											ohdn = $sf(ohdn_, frames[i]);
											break;
										}
									}
								}
							}
							if (ohdn != null) {
								ohdn.value = vval;
							}
						} else {
							otip.elm.value = vval;
						}
					} else if (otip.elm.innerHTML != null) {
						if (vtxt != null)
							otip.elm.innerHTML = vtxt;
						else
							otip.elm.innerHTML = vval;
					}
				}
				hideTip();
				if (cfunc) {
					cfunc();
				}
				chkUseNormalEdit();
			}
			
			
			function validateComponents(){
				var listComp = 'appraisal,orgKPI,persKPI,competency,task,feedback';
				var thearrComp = listComp.split(',');
				
				for (xx=0;xx &lt; thearrComp.length;xx++ ){
					if($('##'+thearrComp[xx]).is(':checked')==true){
						if($('##weight'+thearrComp[xx]).val()==''){
							alert("[SFTEXT:ERPlease Insert Weight for ]"+thearrComp[xx]);
							$('##weight'+thearrComp[xx]).focus();
							return false;
						}
						else if (isNaN($('##weight'+thearrComp[xx]).val())){
							alert("[SFTEXT:ERPlease Insert Weight for ]"+thearrComp[xx]+" [SFTEXT:ERwith Numeric Value]");
							$('##weight'+thearrComp[xx]).focus();
							return false;
						}
						if(xx==1||xx==2||xx==0){
							if($('##actual_'+thearrComp[xx]).val()==''||$('##actual_'+thearrComp[xx]).val()=='Not Specified'){
								alert("[SFTEXT:ERPlease Select Achievement Type for ]"+thearrComp[xx]);
    							$('##actual_'+thearrComp[xx]).focus();
								return false;
							}
						}
						
					}
				}
			}
			
			function validateOther(){
				var thereturn = validateComponents();
				if (thereturn == false){
					return false;
				}
				if($('##inp_usenormalcurve').is(':checked')==true){
					var loopcek = parseInt($('##alldistribution').val());
					var totalpercent = 0;
					for(xx=1;xx &lt;= loopcek;xx++){
						if (!isNaN(parseInt($('##dist_percent'+xx).val()))){
							totalpercent = totalpercent + parseInt($('##dist_percent'+xx).val());
						}
					}
					if (totalpercent!=100){
						alert("[SFTEXT:ERTotal Distribution Percent should be 100]");
						return false;
					}
				}
				
				if($("##inp_period_type").val()=='PERIOD' &amp;&amp; $('##inp_period_startdate').val()==''){
					alert("[SFTEXT:ERPlease Insert Period to be Evaluated Start Date]");
					 $('##cal_period_startdate').focus();
					return false;
				}else if($("##inp_period_type").val()=='PERIOD' &amp;&amp; $('##inp_period_enddate').val()==''){
					alert("[SFTEXT:ERPlease Insert Period to be Evaluated End Date]");
					$('##cal_period_enddate').focus();
					return false;
				}
				
			    var temp = date_compare(document.getElementById('cal_period_startdate'),document.getElementById('cal_period_enddate'));
				if(parseInt(temp) == 2){
					alert("[SFTEXT:ERPeriod to be Evaluated End Date must be greater than or equal to Period to be Evaluated Start Date]");
    				$('##cal_period_enddate').focus();
					return false;
			    }
			    
			    if(document.getElementById('orgKPI').checked==true){
                    if ($('##inp_plan_startdate').val()==''){
					    alert("[SFTEXT:ERPlease Insert Planning Start Date]");
    				    $('##cal_plan_startdate').focus();
					    return false;
				    }
				    
				    var temp2 = date_compare(document.getElementById('cal_period_startdate'),document.getElementById('cal_plan_startdate'));
    			    if(parseInt(temp2) == 2){
    					alert("[SFTEXT:Planning Start Date must be greater than or equal to Period to be Evaluated Start Date]");
        				$('##cal_plan_startdate').focus();
    					return false;
    			    }
                }
                if(document.getElementById('persKPI').checked==true){
                    if ($('##inp_plan_startdate').val()==''){
					    alert("[SFTEXT:ERPlease Insert Planning Start Date]");
    				    $('##cal_plan_startdate').focus();
					    return false;
				    }
				    
				    var temp2 = date_compare(document.getElementById('cal_period_startdate'),document.getElementById('cal_plan_startdate'));
    			    if(parseInt(temp2) == 2){
    					alert("[SFTEXT:Planning Start Date must be greater than or equal to Period to be Evaluated Start Date]");
        				$('##cal_plan_startdate').focus();
    					return false;
    			    }
                }
                
				if ($('##inp_reference_date').val()==''){				
					alert("[SFTEXT:ERPlease Insert Reference Date]");
					$('##cal_reference_date').focus();
					return false;
				}else if (($('##inp_plan_startdate').val()!='')[and]($('##inp_plan_enddate').val()=='')){
					alert("[SFTEXT:ERPlease Insert Planning End Date]");
					$('##cal_plan_enddate').focus();
					return false;
				}
				else if (($('##inp_plan_startdate').val()=='')[and]($('##inp_plan_enddate').val()!='')){
					alert("[SFTEXT:ERPlease Insert Planning Start Date]");
    				$('##cal_plan_startdate').focus();
					return false;
				}
			    if (($('##inp_plan_startdate').val()!='')[and]($('##inp_plan_enddate').val()!='')){
    			    var temp3 = date_compare(document.getElementById('cal_plan_startdate'),document.getElementById('cal_plan_enddate'));
    			    if(parseInt(temp3) == 2){
    					alert("[SFTEXT:ERPlanning End Date must be greater than or equal to Planning Start Date]");
    					$('##cal_plan_enddate').focus();
    					return false;
    		        }
    		        
    		        var date1 = new Date(document.getElementById('cal_plan_enddate').value);
    		        var date2 = new Date(document.getElementById('cal_final_startdate').value);
    		        date1 = Date.parse(date1);
                    date2 = Date.parse(date2);
                    if (eval(date2 - date1) == 0) { 
                        alert("[SFTEXT:EREvaluation Start Date must be greater than Planning End Date]");
                       $('##cal_final_startdate').focus();
    					return false;
                    }
    		        var tempR = date_compare(document.getElementById('cal_plan_enddate'),document.getElementById('cal_final_startdate'));
    		        if(parseInt(tempR) == 2 ){
    					alert("[SFTEXT:EREvaluation Start Date must be greater than Planning End Date]");
    					$('##cal_final_startdate').focus();
    					return false;
    		        }
    		        
				}
                
                
                // Final Evaluation
				if($("##inp_period_type").val()=='PERIOD' &amp;&amp; $('##inp_final_startdate').val()==''){
					alert("[SFTEXT:ERPlease Insert Final Evaluation Start Date]");
					$('##cal_final_startdate').focus();
					return false;
				}else if($("##inp_period_type").val()=='PERIOD' &amp;&amp; $('##inp_final_enddate').val()==''){
					alert("[SFTEXT:ERPlease Insert Final Evaluation End Date]");
					$('##cal_final_enddate').focus();
					return false;
				}

			    var temp2 = date_compare(document.getElementById('cal_final_startdate'),document.getElementById('cal_final_enddate'));
				if(parseInt(temp2) == 2){
					alert("[SFTEXT:ERFinal Evaluation End Date must be greater than or equal to Final Evaluation Start Date]");
    				$('##cal_final_enddate').focus();
					return false;
			    }else{
					return true;
				}
			} 
		</SCRIPT>
	</SFFORM>
</SFPAGE>
