<SFPAGE TITLE="Filter Position" ACCESS="hrm.setting.performance.period:add">
	<SFFORM TITLE="Filter Position" DATASOURCE="" ACTION="" NAME="frmFilterPosition" WIDTH="800" HEIGHT="500">
		<TOOLBAR>
			<BUTTON TYPE="Help"></BUTTON>
			<BUTTON TYPE="Close"></BUTTON>
		</TOOLBAR>
		<SCRIPT>
			//loadScript('#application.path.lib#/scripts/pm/jquery.fixedheadertable.min.js');
			//loadScript('#application.path.lib#/scripts/pm/jquery.ba-throttle-debounce.min.js');
			//loadScript('#application.path.lib#/scripts/pm/jquery.stickyheader.js');
		</SCRIPT>
		<FIELDSET>
		    <INPUT LABEL="Based On" PARAM="baseon" TYPE="RADIO" OPTIONS="JT*=Job Title|JFL=Job Family Level" ONCHANGE="chgBaseonFilter()"/>
		    <INPUT LABEL="~" TYPE="FILTER" LISTSOURCE="PerformancePeriod.filterJobTitle" ROW="8" MAXROW="1000" NAME="lstjobtitlecode"/>
		    <INPUT LABEL="~" TYPE="FILTER" LISTSOURCE="PerformancePeriod.filterJobFamilyLevel" ROW="8" MAXROW="1000" NAME="lstjobfamilylevelcode"/>
		</FIELDSET>

		<SCRIPT FOR="FOOTER">
		    function chgBaseonFilter(){
                var mf = $('##inp_baseon:checked').val();
                if(mf == 'JT'){
                    $('##tr_inp_lstjobfamilylevelcode').hide();
                    $('##tr_inp_lstjobtitlecode').show();
                }
                else{
                    $('##tr_inp_lstjobtitlecode').hide();
                    $('##tr_inp_lstjobfamilylevelcode').show();
                }
            }
            
            chgBaseonFilter();
            
            function getJTCodeList(){
			    var arrjtcode = [];

                $('##selinp_lstjobtitlecode option').each(function() {
                    arrjtcode.push($(this).val());
                });
    			return arrjtcode;
			}
			
			function getJFLCodeList(){
			    var arrjflcode = [];

                $('##selinp_lstjobfamilylevelcode option').each(function() {
                    arrjflcode.push($(this).val());
                });
    			return arrjflcode;
			}
            
            function postFilter(){
                var arrjtcode = getJTCodeList();
                var arrjflcode = getJFLCodeList();
                var mf = $('##inp_baseon:checked').val();
                
                if(mf == 'JT'){
                    opener.document.frmPerfPeriod.inp_hdnjtcode.value= arrjtcode;
    		        opener.document.frmPerfPeriod.inp_hdnjflcode.value= '';
                }
                else{
                    opener.document.frmPerfPeriod.inp_hdnjtcode.value= '';
    		        opener.document.frmPerfPeriod.inp_hdnjflcode.value= arrjflcode;
                }
                
    		    opener.filterPos();
    		    window.close();
			}

            function initfilterpositon(txtval){
                var arrval=txtval.split('|')
                $(':input[name="inp_baseon"][value="'+arrval[0]+'"]').click();
                if(arrval[0]=='JT'){
                  $(':input[name="unselinp_lstjobtitlecode"]').val(arrval[1].split(','));
                  moveSelect('unselinp_lstjobtitlecode','selinp_lstjobtitlecode',1);
                }else if(arrval[0]=='JFL'){
                  $(':input[name="unselinp_lstjobfamilylevelcode"]').val(arrval[1].split(','));
                  moveSelect('unselinp_lstjobfamilylevelcode','selinp_lstjobfamilylevelcode',1);
                }
            }
            
            

			
		</SCRIPT>	
		
		<BUTTONLIST>
			<BUTTON TYPE="Cancel"></BUTTON>
			<BUTTON LABEL="Reset" ACTION="reloadPage()"></BUTTON>
			<BUTTON LABEL="Submit" ACTION="postFilter()"></BUTTON>
		</BUTTONLIST>
	</SFFORM>
	
	
</SFPAGE>
