<SFPAGE TITLE="period" ACCESS="hrm.setting.performance.period:read">
	<SFGRID DATASOURCE="PerformancePeriod" TITLE="Performance Period Setting">
		<TOOLBAR>
			<BUTTON TYPE="Add"></BUTTON>
			<BUTTON TYPE="Print"></BUTTON>
			<BUTTON TYPE="PDF"></BUTTON>
			<BUTTON TYPE="Excel"></BUTTON>
			<BUTTON TYPE="Openoffice"></BUTTON>
			<BUTTON TYPE="Reload"></BUTTON>
			<BUTTON TYPE="Help"></BUTTON>
		</TOOLBAR>
		<COLUMN TITLE="Period Code" FIELD="period_code" LINK="hrm.setting.performance.period.edit?period_code=[period_code]" LINKTYPE="INNERPOP"  WIDTH="220"></COLUMN>
		<COLUMN TITLE="Period Name" FIELD="period_name"   WIDTH="220"></COLUMN>
		<COLUMN TITLE="Performance Date" FIELD="reference_date" FORMAT="sdate"   WIDTH="220"></COLUMN>
		<COLUMN TITLE="Preview" ICON="usergroup.png" LINK="hrm.setting.performance.period.preview?period_code=[period_code]" LINKTYPE="INNERPOP" TIP="Preview Form"   WIDTH="220"></COLUMN>
		<COLUMN TITLE="Pre-generate Reviewer" FIELD="pregenerate_reviewer"  LINK="hrm.setting.performance.period.pregenerate_reviewer?period_code=[period_code]" LINKTYPE="INNERPOP" TIP="Pre-generate Reviewer" SHOWIF="REQUEST.SHOWCOLUMNGENERATEPERIOD EQ 'Y'" SEARCHABLE="No" SORTABLE="No"   WIDTH="220"></COLUMN>
		
		<SCRIPT FOR="FOOTER">
		</SCRIPT>
	</SFGRID>
</SFPAGE>




