<SFPAGE TITLE="period" ACCESS="hrm.setting.performance.period:add">
	<SFFORM TITLE="Default Library Configuration" DATASOURCE="" PASSING ="appr,lstposcode,lstlibcode" ACTION="PerformancePeriod.Add" NAME="frmDefWeight" WIDTH="700" SHOWWINDOW="No">
		<FIELDSET LABEL="Default Library Configuration">
			<INPUT TYPE="HIDDEN" NAME="hdnposcode2"/>
			<INPUT TYPE="HIDDEN" NAME="hdnlibcode2"/>
			<INPUT LABEL="-" NAME="a" TYPE="SCRIPT" TEMPLATE="hrm.setting.performance.period.defconfig&amp;type=ORG&amp;lstposcode=#url.lstposcode#&amp;lstlibcode=#url.lstlibcode#"/>
		</FIELDSET>
		<SCRIPT FOR="FOOTER">
			function inittemp2(){
				document.frmDefWeight.inp_hdnposcode2.value = top.document.getElementById('inp_hdnposcode').value;
				document.frmDefWeight.inp_hdnlibcode2.value = top.document.getElementById('inp_hdnlibcode').value;
				var lstposcodeTemp = top.document.getElementById('inp_hdnposcode').value;
				var lstlibcodeTemp = top.document.getElementById('inp_hdnlibcode').value;
				var appr 		   = 'ORG';		
				var d 			   = new Date();
				var n 			   = d.getTime();
				//alert(lstlibcodeTemp);
				if (lstlibcodeTemp != ""){
				getAJAXContent("?sfid=hrm.setting.performance.period.defconfig&amp;txtime="+n+"&amp;type="+appr+"&amp;lstposcode="+lstposcodeTemp+"&amp;lstlibcode="+lstlibcodeTemp,$sf("AttDataDiv"));
				}
			}
			setTimeout(function(){inittemp2()},(bwtype.toLowerCase()=="ie"?1000:700));
		</SCRIPT>		
	</SFFORM>
</SFPAGE>
