<SFPAGE TITLE="period" ACCESS="hrm.setting.performance.period:add">
	<SFFORM TITLE="Achievement Type Configuration" DATASOURCE="" PASSING ="appr,lstposcode,lstlibcode" ACTION="PerformancePeriod.Add" NAME="frmAchType" WIDTH="800" HEIGHT="500" SHOWWINDOW="No">
		<FIELDSET LABEL="Achievement Type Configuration">
			<INPUT TYPE="HIDDEN" NAME="hdnposcode5"/>
			<INPUT TYPE="HIDDEN" NAME="hdnlibcode5"/>
			<INPUT LABEL="-" NAME="a" TYPE="SCRIPT" TEMPLATE="hrm.setting.performance.period.achtypeconfig&amp;type=ORG&amp;lstposcode=#url.lstposcode#&amp;lstlibcode=#url.lstlibcode#"/>
		</FIELDSET>
		<SCRIPT FOR="FOOTER">
			function inittemp5(){
				document.frmAchType.inp_hdnposcode5.value  = top.document.getElementById('inp_hdnposcode').value;
				document.frmAchType.inp_hdnlibcode5.value  = top.document.getElementById('inp_hdnlibcode').value;
				var lstposcodeTemp = top.document.getElementById('inp_hdnposcode').value;
				var lstlibcodeTemp = top.document.getElementById('inp_hdnlibcode').value;
				var appr 		   = 'ORG';		
				var d 			   = new Date();
				var n 			   = d.getTime();
				//alert(lstlibcodeTemp);
				if (lstlibcodeTemp != ""){
				getAJAXContent("?sfid=hrm.setting.performance.period.targetconfig&amp;txtime="+n+"&amp;type="+appr+"&amp;lstposcode="+lstposcodeTemp+"&amp;lstlibcode="+lstlibcodeTemp,$sf("AttDataDiv"));
				}
			}
			setTimeout(function(){inittemp5()},(bwtype.toLowerCase()=="ie"?1000:700));
		</SCRIPT>		
	</SFFORM>
</SFPAGE>
