<SFPAGE TITLE="period" ACCESS="hrm.setting.performance.period:add">
	<SFFORM TITLE="Org Unit KPI Configuration" DATASOURCE="" ACTION="PerformancePeriod.Add" NAME="frmPerfPeriod" WIDTH="800" HEIGHT="500">
		<TOOLBAR>
			<BUTTON TYPE="Help"></BUTTON>
			<BUTTON TYPE="Close"></BUTTON>
		</TOOLBAR>
		<SCRIPT>
			//loadScript('#application.path.lib#/scripts/pm/jquery.fixedheadertable.min.js');
			//loadScript('#application.path.lib#/scripts/pm/jquery.ba-throttle-debounce.min.js');
			//loadScript('#application.path.lib#/scripts/pm/jquery.stickyheader.js');
		</SCRIPT>
		<FIELDSET>
			<INPUT LABEL="Organization Unit" TYPE="FILTER" ERRMSG="Please Filter Position" 
				LISTSOURCE="KPILibrary.filterOrgUnit" ROW="6" MAXROW="50" NAME="lstposcode"/>
			<INPUT LABEL="KPI Library" TYPE="FILTER" ERRMSG="Please Filter Grade" 
				LISTSOURCE="KPILibrary.filterKPILib" ROW="6" MAXROW="50" NAME="lstapprlib"/>
			<INPUT LABEL="Set Table" TYPE="BUTTON" ONCLICK="setPMLibTable();"/>
		</FIELDSET>
		<FIELDSET LABEL="Org Unit KPI Configuration">
			<INPUT LABEL="-" NAME="a" TYPE="SCRIPT" TEMPLATE="hrm.setting.performance.period.config&amp;type=org"/>
		</FIELDSET>
		<SCRIPT FOR="FOOTER">
			function setPMLibTable(){
				var a = pmPeriod;
				a.setPMSettingTable();
			}
			function saveToLocal(){
				var testTextYan = savePMJSONToLocal();
				opener.localStorage.setItem("SFPMPeriodSettingORG",testTextYan);
				opener.$('textarea##config_orgKPI').val(testTextYan);
				alert("Successfully Save Org Unit KPI Configuration")
				popClose();
			}
		</SCRIPT>
		<BUTTONLIST>
			<BUTTON TYPE="Cancel"></BUTTON>
			<BUTTON Label="Save" ACTION="saveToLocal()"></BUTTON>
		</BUTTONLIST>
	</SFFORM>
</SFPAGE>
