<SFPAGE TITLE="Pre-generate Reviewer" ACCESS="hrm.setting.performance.period:edit">
	<SFFORM TITLE="Pre-generate Reviewer" DATASOURCE="PerformancePeriod.getGeneralInfoPeriod" NAME="frmPregenerateReviewer" WIDTH="1050" HEIGHT="500" >
		<TOOLBAR>
			<BUTTON TYPE="Help"></BUTTON>
			<BUTTON TYPE="Close"></BUTTON>
		</TOOLBAR>
		<FIELDSET>
			<INPUT LABEL="Performance Period Code" NAME="period_code" PARAM="period_code" TYPE="LABEL"/>
			<INPUT LABEL="Performance Period Name" NAME="period_name" PARAM="period_name" TYPE="LABEL"  />
			<INPUT LABEL="Performance Date" NAME="reference_date" PARAM="reference_date" TYPE="LABEL"  />
		
		</FIELDSET>
		<TABPAGE WIDTH="300" HEIGHT="500">
			<TABROW>
				<TAB LABEL="Unprocessed Employee" PAGELINK="hrm.setting.performance.period.tabunprocess&amp;period_code=[period_code]&amp;form_type=[form_type]"/>
				<TAB LABEL="Processed Employee" PAGELINK="hrm.setting.performance.period.tabprocess&amp;period_code=[period_code]"/>
			</TABROW>
		</TABPAGE>
		
		<SCRIPT FOR="FOOTER">
			
		</SCRIPT>
		
	</SFFORM>
</SFPAGE>










