<SFPAGE TITLE="period" ACCESS="hrm.setting.performance.period:edit">
	<SFFORM TITLE="Performance Form Preview" DATASOURCE="PerformancePeriod.Preview" ACTION="" NAME="frmPmFormPreview" WIDTH="1050" HEIGHT="500">
		<TOOLBAR>
			<BUTTON TYPE="Help"></BUTTON>
			<BUTTON TYPE="Close"></BUTTON>
		</TOOLBAR>
		<FIELDSET>
			<INPUT LABEL="Performance Form" NAME="period_name_lbl" PARAM="period_name" TYPE="LABEL"/>
			<INPUT LABEL="Performance Date" NAME="reference_date_lbl" PARAM="reference_date" TYPE="LABEL" LABELDATE="#request.config.DATE_OUTPUT_FORMAT#"/>
			<!-- <INPUT LABEL="Position" NAME="posfor" PARAM="posfor" TYPE="FILTER" REQUIRED="Yes" ERRMSG="Please Select Form Status" LISTSOURCE="PerformancePeriod.filterPos" ROW="10" MAXROW="10000" SHOWCHECKBOXALL="No" CHECKBOXOPTION="1=All Positions" CHECKBOXPARAM="isallposition" CHECKBOXCHECKED="YES"/> -->
			<!--<INPUT LABEL="Position" NAME="posfor" PARAM="posfor" TYPE="SELECT" LISTSOURCE="SimplePerformanceSetting.SelPosition" REQUIRED="YES"/>-->
			<INPUT LABEL="Position" TYPE="SUGGEST" PARAM="pos" LISTSOURCE="SimplePerformanceSetting.SelTipPosition"  ONCHANGE = "onPosChange()" REQUIRED="YES"/>
			<INPUT LABEL="~" NAME="posfor" PARAM="BoxAnalysis" TYPE="HIDDEN"/>
			<INPUT LABEL="Components" NAME="showfor" PARAM="showfor" TYPE="FILTER" REQUIRED="Yes" ERRMSG="Please select component to preview" LISTSOURCE="PerformancePeriod.filterPreview" ROW="5" MAXROW="10000" SHOWCHECKBOXALL="YES" CHECKBOXOPTION="1=All Components" CHECKBOXPARAM="isallcomponent" CHECKBOXCHECKED="YES"/>
			<INPUT LABEL="Preview" TYPE="BUTTON" ONCLICK="reloadPreview();" GROUP="btnconfig"/>
		</FIELDSET>
		<FIELDSET LABEL="Preview">
			<INPUT LABEL="-" NAME="detail" PARAM="detail" TYPE="SCRIPT" TEMPLATE="hrm.setting.performance.period.preview?period_code={period_code}"/>
		</FIELDSET>
		<SCRIPT FOR="FOOTER">

		    function reloadPreview(){
		        var pcode = '#period_code#';
		        var poscode = $('##inp_posfor').val();
		        var showcode = "";
		        var refdate = "#qForm.refdate#";
		        var isValid = true;
		 
		        if(!poscode.length){
		            isValid = false;
		            alert("[SFTEXT:ERPlease select position]");
		        }
		        else if(!($('##isinp_showfor').is(":checked"))){
    		        showcode = $('##hdnSelectedinp_showfor').val();

    		        console.log("yan "+showcode.length);
    		        if(!showcode.length){
    		            isValid = false;
    		            alert("[SFTEXT:ERPlease select at least one component]");
    		        }
		        }
		        
		        if(isValid){
    		        getAJAXContent('?sfid=hrm.setting.performance.period.preview&amp;period_code='+pcode+'&amp;posfor='+poscode+'&amp;showfor='+showcode+'&amp;refdate='+refdate,$sf("prv_content"));
		        }
		    }
		    function onPosChange(){
		     var pos = $('[id=hdn_pos]').val();
		      $('[id=inp_posfor]').val(pos);
		      
		     
		    }
		</SCRIPT>
		<BUTTONLIST>
			<BUTTON TYPE="Cancel"></BUTTON>
		</BUTTONLIST>
	</SFFORM>
</SFPAGE>


