<SFPAGE TITLE="Preview Approver" ACCESS="hrm.setting.performance.period:delete">
	<SFFORM TITLE="Preview Approver" DATASOURCE="" ACTION="" NAME="frmPreviewApprover" WIDTH="100%" HEIGHT="100%">
	
		<TOOLBAR>
			<BUTTON TYPE="Help"></BUTTON>
			<BUTTON TYPE="Close"></BUTTON>
		</TOOLBAR>
		
		<FIELDSET LABEL="Workflow Approval Performance Plan">
			<INPUT LABEL="-" TYPE="SCRIPT" TEMPLATE="hrm.setting.performance.period.previewapprover&amp;period_code=#period_code#&amp;emp_id=#emp_id#&amp;form_type=#form_type#"/>
		</FIELDSET>

		<BUTTONLIST>
			<BUTTON TYPE="Cancel"></BUTTON>
		</BUTTONLIST>
		
		<SCRIPT FOR="FOOTER">
	    </SCRIPT>
	</SFFORM>
</SFPAGE>












