<SFPAGE TITLE="360 Question Upload" ACCESS="hrm.performance.evalform:read">
	<SFFORM TITLE="360 Question Upload" DATASOURCE="" NAME="frmPerfEvalUpload" WIDTH="100%" HEIGHT="100%" ACTION="PerformancePeriod.uploadquestion">
		<TOOLBAR TYPE="GRID">
			<BUTTON TIP="Back" ICON="back.png" ACTION="?xfid=hrm.setting.performance.period.360questionconfig&amp;periodcode=#period_code#" LINKTYPE="LINK" ></BUTTON>
			<BUTTON TYPE="Reload"></BUTTON>
			<BUTTON TYPE="Help"></BUTTON>

		</TOOLBAR>

		<FIELDSET LABEL="360 Question Upload">
			
                	<INPUT LABEL="Performance Period Name" NAME="period_code" PARAM="pariod_code" TYPE="HIDDEN" DEFAULT="{period_code}" />
    			<INPUT LABEL="Example Template  "  PARAM="template_eval" TYPE="SCRIPT" TEMPLATE="hrm.setting.performance.period.linkdownload360question"/>
    			<INPUT LABEL="Upload Excel File" NAME="fileupload" TYPE="FILE" REQUIRED="YES"/>	
				<INPUT TYPE="HIDDEN" NAME="temp" PARAM="temp"/>
		</FIELDSET>
		<BUTTONLIST>
			<BUTTON TYPE="Submit"></BUTTON>
		</BUTTONLIST>
		<SCRIPT FOR="FOOTER">
	  	</SCRIPT>
	</SFFORM>
</SFPAGE>




















