<SFPAGE TITLE="Replace By Request" ACCESS="hrm.setting.replaceworkflowapprv:edit">
	<!-- <SFFORM TITLE="Replace By Request" DATASOURCE="ReplaceWorkflowApprover.ViewRequest" ACTION="ReplaceWorkflowApprover.SaveRequest" NAME="frmEditReplaceApprv" WIDTH="800" HEIGHT="500"> -->
	<SFFORM TITLE="Replace By Request" DATASOURCE="ReplaceWorkflowApprover.ViewRequest" ACTION="PerformancePeriod.SaveReplaceApprover" NAME="frmEditReplaceApprv" WIDTH="800" HEIGHT="500">
		<SCRIPT SRC="sformula.js"></SCRIPT>
		<TOOLBAR>
			<BUTTON TYPE="Help"></BUTTON>
			<BUTTON TYPE="Close"></BUTTON>
		</TOOLBAR>
		<FIELDSET>
			<INPUT LABEL="Request No" PARAM="req_no" TYPE="LABEL" />
			<INPUT LABEL="Request Date" PARAM="req_date" TYPE="LABEL" LABELDATE="#request.config.DATE_OUTPUT_FORMAT#"/>
			<INPUT LABEL="Request Type" PARAM="req_type" TYPE="LABEL" />
			<INPUT LABEL="Request For" PARAM="reqemp_name" TYPE="LABEL" />
			<INPUT LABEL="Requested By" PARAM="requester_name" TYPE="LABEL" />
			<INPUT LABEL="Status" PARAM="status_name" TYPE="LABEL" />

			<INPUT LABEL="~" PARAM="period_code"  TYPE="HIDDEN" DEFAULT="{period_code}"/>
			<INPUT LABEL="~" PARAM="form_type"  TYPE="HIDDEN" DEFAULT="{form_type}"/>
			<INPUT LABEL="~" PARAM="req_no"  TYPE="HIDDEN"/>
			<INPUT LABEL="~" PARAM="form_no" TYPE="HIDDEN" DEFAULT="{form_no}"/>
		</FIELDSET>
		<FIELDSET LABEL="Workflow Approval">
			<INPUT LABEL="-" NAME="request_approval_formula" PARAM="seq_id" TYPE="SCRIPT" TEMPLATE="sys.setting.workflow.approvalreplace?wid=" />
		</FIELDSET>
		<BUTTONLIST>
			<BUTTON TYPE="Cancel"></BUTTON>
			<BUTTON TYPE="Submit"></BUTTON>
		</BUTTONLIST>
		<SCRIPT FOR="FOOTER">
		</SCRIPT>
	</SFFORM>
</SFPAGE>


