<SFPAGE TITLE="Tab Processed Employee" ACCESS="hrm.setting.performance.period:delete">
	<SFFORM TITLE="Tab Processed Employee" DATASOURCE="" ACTION="PerformancePeriod.ReprocessGenerateReviewer" NAME="frmProcessedEmployee" WIDTH="100%" HEIGHT="100%" SHOWWINDOW="NO">
	
		<TOOLBAR>
			<BUTTON TYPE="Help"></BUTTON>
			<BUTTON TYPE="Close"></BUTTON>
		</TOOLBAR>
		
		<FIELDSET>
		    <INPUT LABEL="Item Type" NAME="form_type" PARAM="form_type" TYPE="RADIO" OPTIONS="PLAN*=Planning Form|EVAL=Evaluation Form" ONCLICK="reloadListEmployee(this.value)"/><!-- ONCLICK="changeIsCategory(this.value) -->
			<INPUT LABEL="~" NAME="hdnListEmpProcess" PARAM="hdnListEmp" TYPE="HIDDEN"/>
	
		    <INPUT LABEL="Employee" NAME="empProcess" PARAM="empProcess" TYPE="CHECKBOX" OPTIONS="Y*=All" ONCHANGE="actionCheckAllEmp(this.checked);" />
            <INPUT LABEL="~" TYPE="FILTEREMPLOYEE" REQUIRED="Yes" ERRMSG="Please Select Employee" FILTERADDON="EMPNOLIST" LISTSOURCE="PerformancePeriod.FilterProcessedEmployee&amp;period_code=#period_code#" NAME="emp_idProcess"  INCLUSIVE="param" PARAM="emp_idProcess"/>
		    <INPUT LABEL="~" NAME="hdnperiod_code" PARAM="period_code" DEFAULT="#period_code#" TYPE="HIDDEN" />
		    
		    <!--<INPUT LABEL="~" NAME="lst_display" PARAM="lst_display" ONCHANGE="isDisplayAllChecked(this)" TYPE="CHECKBOX" OPTIONS="all*=All|empno=Employee No|empname=Employee Name|pos=Position|org=Org Unit|nextlast=Next and Last Reviewer|rep=Replace Approver" />-->
		    <INPUT LABEL="~" NAME="lst_display" PARAM="lst_display" ONCHANGE="isDisplayAllChecked(this)" TYPE="CHECKBOX" OPTIONS="all*=All|pos=Position|org=Org Unit|nextlast=Next and Last Reviewer|rep=Replace Approver" />
		    <INPUT LABEL="~" NAME="generate" PARAM="generate" DEFAULT="0" TYPE="HIDDEN" />
		    

			<INPUT LABEL="Display" TYPE="BUTTON" NAME="display" ONCLICK="displayDetail();"/>
			<INPUT LABEL="-" TYPE="SCRIPT" NAME="DISCONTAINER" TEMPLATE="hrm.setting.performance.period.tabprocess"/>
		</FIELDSET>
		
		
		<BUTTONLIST>
			 <BUTTON TYPE="Button" LABEL="Delete" ACTION="deleteRecord();" CONDITION="request.scookie.user.EMPID NEQ ''"></BUTTON>
		     <BUTTON TYPE="Button" LABEL="Re-process" ACTION="reprocessRecord();" CONDITION="request.scookie.user.EMPID NEQ ''"></BUTTON>
		</BUTTONLIST>
		
		<SCRIPT FOR="FOOTER">
		    var objlistemp = "";
            var listemp = "";
            var batch = 5;
            var maxbatch = 100;
            var minbatch = 5;
            var batch_limittime = 5000;
            var totemp = "";
            var starttime = "";
            var elapsedtimer = "";
            var remainingtime = "";
            var batch_proccesstime = "";
            var checkall = "";
            var errorcount = 0;
            var period="";
            var form_type = "";
            var listProcess = "";
		    var listDisplay = "";
		    var empnolist = "";
		    var all_emp = "";
		    var isDelete = false;
		$(document).ready(function(){                
                $("head").append("&lt;link rel='stylesheet' type='text/css' href='?rcid=css/progressbar/progress.css'&gt;");
                $("body").append("&lt;div class='divProgressBarBlock' id='divProgressBarBlock'&gt;&lt;/div&gt;");
                $("##divProgressBarBlock").append("&lt;div class='pie_progress' id='pie_progress'&gt;"+
                                      "&lt;div class='divTitle' id='divTitle'&gt;Generate Performance Period Process&lt;/div&gt;"+  
                                      "&lt;div class='divPercentage' id='divPercentage'&gt;0%&lt;/div&gt;"+
                                      "&lt;div class='divCurrentProgress' id='divCurrentProgress'&gt;&amp;nbsp;&lt;/div&gt;"+
                                      "&lt;div class='divRemainingtime' id='divRemainingtime'&gt;&lt;/div&gt;"+
                                      "&lt;div class='divElapsedtime' id='divElapsedtime'&gt;&lt;/div&gt;"+
                                      "&lt;div class='divLog' id='divLog' style='overflow:auto;height:200px;display:none'&gt;&lt;/div&gt;"+
									  "&lt;div class='divDetail' id='divDetail' &gt;  "+
									  	"&lt;input type='button' value='view' style='display:none;' name='btnviewall' id='btnviewall' onclick='viewall(1);' &gt; &lt;input type='button' value='hide' style='display:none;' name='btnhideall' id='btnhideall' onclick='viewall(2);' &gt; &lt;/div&gt;"+
                                      "&lt;div class='divProcessDetail' id='divProcessDetail' style='display:none;' &gt;&lt;table class='tblProcessDetail' id='tblProcessDetail'&gt;"+
									  "&lt;/table&gt; &lt;table border='1' cellpadding='0' cellspacing='0' class='tblProcessDetailAll' width='100%' style='display:none;' id='tblProcessDetailAll' &gt; &lt;/table&gt; &lt;/div&gt;"+
									  "&lt;table class='prg_footer' cellpadding='0' cellspacing='0' &gt;&lt;tr&gt;&lt;td id='error'&gt;&lt;/td&gt;&lt;td&gt;&lt;div class='divClose' id='divClose'&gt;  &lt;/div&gt;&lt;/td&gt;&lt;/tr&gt;&lt;tr&gt;&lt;td colspan='2'&gt;&lt;div class='errorlog' id='errorlog'&gt;&lt;/div&gt;&lt;/td&gt;&lt;/tr&gt;&lt;/table&gt;"+ 
                                    "&lt;/div&gt;");
            });
		
		function initCustPerf(){
		    actionCheckAllEmp($('[id=inp_empProcess]').is(':checked'));
		    isDisplayAllChecked($('[id=inp_lst_display][langed=all]'));
		    $('[id=inp_lst_display]').attr('checked',true); 
		}
		initCustPerf();
		
	    function reloadListEmployee(val){
	            if(document.getElementById('inp_form_type').checked == true){
                    form_type = 'PLAN'
                }else{
                    form_type = 'EVAL';
                }
                
		         document.getElementById('selinp_emp_idProcess').options.length = null;
        		 searchFilter(null,'?ofid=PerformancePeriod.FilterProcessedEmployee&amp;period_code=#period_code#&amp;form_type='+form_type,'inp_emp_idProcess',rowperfilter);
		} 
		function displayDetail(){
		    //<!-- Validasi empty employee -->
		    if(!$('[id=inp_empProcess]').is(':checked') &amp;&amp; $('[id=hdnSelectedinp_emp_idProcess]').val() == '' ){
		        alert('[SFTEXT:ERPlease select at least one employee]');
		        return false;
		    }
		         
            if(document.getElementById('inp_form_type').checked == true){
                form_type = 'PLAN'
            }else{
                form_type = 'EVAL';
            }
            
		    var lstDisplay = $('[id=inp_lst_display]:checked').map(function(){return this.value}).get().join(',');
		    //<!-- Validasi empty display -->
		    if(lstDisplay == ''){
		        alert('[SFTEXT:ERPlease check at least one criteria to display]');
		        return false;
		    }
		
		    var period_code = $('[id=inp_hdnperiod_code]').val();
		    var empnolist = $('[id=hdnSelectedinp_emp_idProcess]').val();
		    var all_emp = $('[id=inp_empProcess]:checked').val();
		    var searchtext = $('[id=inp_emp_idProcess]').val();
		    
		    //<!--getAJAXContent("?sfid=hrm.setting.performance.period.tabprocess&amp;period_code="+period_code+"&amp;empnolist="+empnolist+"&amp;all_emp="+all_emp+"&amp;form_type="+form_type+"&amp;lstDisplay="+lstDisplay,"inp_DISCONTAINER",1,function (){},null,$sf("frmProcessedEmployee"));-->
		    getAJAXContent("?sfid=hrm.setting.performance.period.tabprocess&amp;search="+ searchtext +"&amp;period_code="+period_code+"&amp;all_emp="+all_emp+"&amp;form_type="+form_type+"&amp;lstDisplay="+lstDisplay,"inp_DISCONTAINER",1,function (){},$sf("frmProcessedEmployee"));
		};
		function deleteRecord(){
		    
		     listProcess = $('[id=inp_lstprocess]:checked').map(function() {return this.value}).get().join(',');
	            
	        if(listProcess == ''){
		            alert("[SFTEXT:ERPlease check at least one processed employee]");
		            isDelete =  false;
		    }else{
    		        isDelete = confirm("[SFTEXT:JSAre you sure want to delete this processed employee?]");
		    }
	            
		    if(isDelete){
    		   var oldSLink = sLink;
    		    sLink = '?ofid=PerformancePeriod.DeleteGeneratedReviewer';
    		    validateForm(document.frmProcessedEmployee);
			
		    }
		}
		function reprocessRecord(){
		    isDelete = false;
		    validateForm(document.frmProcessedEmployee);
		}
		
		function actionCheckAllEmp(isChecked){
		    if(isChecked){
		        $('[id=tr_inp_emp_idProcess]').hide();
		    } else {
                $('[id=tr_inp_emp_idProcess]').show();
		    }
		}
		
		function isDisplayAllChecked(obj){
		    if(obj.value == 'all'){ 
		        if($('[id=inp_lst_display][langed=all]').is(':checked')){
		            $('[id=inp_lst_display]').attr('checked',true); 
		        }else{
		            $('[id=inp_lst_display]').attr('checked',false); 
		        }
	        }
		    if($('[id=inp_lst_display]:not(:checked)').length &gt; 0){ 
		        $('[id=inp_lst_display][langed=all]').attr('checked',false); 
	        }
		}
		
		
		function validateOther(){
			
		    listProcess = $('[id=inp_lstprocess]:checked').map(function() {return this.value}).get().join(',');
		    listDisplay = $('[id=inp_lst_display]:checked').map(function() {return this.value}).get().join(',');
		    period = $('[id=inp_hdnperiod_code]').val();
		    empnolist = $('[id=hdnSelectedinp_emp_idProcess]').val();
		    all_emp = $('[id=inp_empProcess]:checked').val();
		    totemp = $('[id=inp_lstprocess]:checked').length;
		    listemp = $('[id=inp_lstprocess]:checked').map(function() {return this.value}).get();
         
            if(document.getElementById('inp_form_type').checked == true){
                form_type = 'PLAN'
            }else{
                form_type = 'EVAL';
            }
            
	         if(listProcess == ''){
		        alert("[SFTEXT:HRPlease check at least one employee]");
		        return false;
		    }else{
	           
			   if(sLink.indexOf("DeleteGeneratedReviewer") == -1){
					if(parseInt(totemp)  &lt; 5){
						return true;
					}else{
						maskButton(true);
						starttime = new Date();
						$(".divProgressBarBlock").show();
						countelapsed();
						lapsedtimer = setInterval(function(){countelapsed();}, 1000);
						dispProgressBar(totemp,1);
						progressbar(1);     
					}
					
			   }else{
					
					  $.post(sLink, {
                         empProcess:all_emp,
                        hdnperiod_code:period,
                        lst_display:listDisplay,
                        form_type:form_type,
                        lstprocess:listProcess
                        }).done(function(result) {
                              $("##spAjax").html(result);			
                          });     
			   }
			  
			   
		    }

	    }
			
			function countelapsed(){
		    
               // $(".divProgressBarBlock").show();
                var seconds = 1000;
                var minutes = seconds * 60;
                var hours = minutes * 60;
                var currenttime = new Date();
                var elapsedtime = currenttime.getTime() - starttime.getTime();
                var second = Math.floor(elapsedtime / seconds) % 60;
                var minute = Math.floor(elapsedtime / minutes) % 60;
                var hour = Math.floor(elapsedtime / hours);
                document.getElementById("divElapsedtime").innerHTML = "";
                if(hour &gt; 0){
                    document.getElementById("divElapsedtime").innerHTML += hour+" hour ";
                }
                if(minute  &gt; 0){
                    document.getElementById("divElapsedtime").innerHTML += minute+" minute ";
                }
                document.getElementById("divElapsedtime").innerHTML += second+" s ";
        }
        	//process detail
			function processdetail(result){
			  
				xmlDoc=loadXMLString(result);	
                if(typeof xmlDoc.getElementsByTagName("PROCESS_DETAIL") != 'undefined'){
                    //var listLog = xmlDoc.getElementsByTagName("LOG");
                    //for(idx=0;idx&lt;listLog.length;idx++){
                    //  $("##divLog").append(xmlDoc.getElementsByTagName("LOG")[idx].childNodes[0].nodeValue + "&lt;BR&gt;");
                    //}
                    
                    var listLog = xmlDoc.getElementsByTagName("ERROR");
                   
                    if(listLog.length > 0){
                       //document.getElementById("divClose").innerHTML = "&lt;input type='button' value='close' name='btnclose' onclick='closebar();' &gt; ";
                        errorcount = errorcount + listLog.length;
                        var x = document.createElement("A");
                        x.href="##";
                        x.className = "displayError";
                        x.innerHTML = "Show Error ("+errorcount+")";
                        $("##error").html(x);
                        $(".displayError").click(function(){
                            $("##errorlog").toggle();
                        });
                        
                        for(idx=0;idx&lt;listLog.length;idx++){
                            $("##errorlog").append(xmlDoc.getElementsByTagName("ERROR")[idx].childNodes[0].nodeValue+ "&lt;BR&gt;");
                        }
                    }
                }
			
			}
			
			function loadXMLDoc(filename)
			{
			    
				if (window.XMLHttpRequest)
			  	{
			  		xhttp=new XMLHttpRequest();
			  	}
				else // code for IE5 and IE6
				 {
				  xhttp=new ActiveXObject("Microsoft.XMLHTTP");
				}
				xhttp.open("GET",filename,false);
				xhttp.send();
				return xhttp.responseXML;
			}
            			
			function loadXMLString(txt)
			{
			 
			if (window.DOMParser)
			  {
			  parser=new DOMParser();
			  xmlDoc=parser.parseFromString(txt,"text/xml");
			  }
			else // code for IE
			  {
			  xmlDoc=new ActiveXObject("Microsoft.XMLDOM");
			  xmlDoc.async=false;
			  xmlDoc.loadXML(txt);
			  }
			return xmlDoc;
			}
			
            function progressbar(start){
               
                var startprocess = new Date();                
                var frm=document.frmPayProcess;
               // var sLink = "?ofid=PerformancePeriod.ReprocessGenerateReviewer";   //diremark agar dia baca form action current -lena-
                var vpass="";
                var vparam="fsearch=true&amp;arid="+arcounter;
                var vsort="";
				
				if(sLink.indexOf("DeleteGeneratedReviewer") == -1){
				
					var msgAfterProcessCompleteWithException = 'Process Complete with Exception';
					var msgAfterProcessComplete = 'Process Complete';
					
			   }else{
				   
				   var msgAfterProcessCompleteWithException = 'Delete Complete with Exception';
				   var msgAfterProcessComplete = 'Delete Complete';
			   }
                try {
                var wnd=(top==self?(opener?self:(frmSFBody?frmSFBody:self)):self);
                }
                catch(e) {var wnd=self}

                timer=setTimeout("resetSubmit()",submitinterval*1000);
                var vplc=wnd.$sf("spAjax");
            
                var templist = []; 
                var countemp = 0;
                for(x=start;x&lt;(totemp+1);x++){
                
                    templist[countemp] = listemp[x];
             
                    countemp += 1;
                    if(x ==totemp){
                        $.post(sLink+"&amp;start="+start, {
                        form_type:form_type,
                        empProcess:all_emp,
                        hdnperiod_code:period,
                        lst_display:listDisplay,
                        lstprocess:templist.join(","),
						batch:batch,
                        generate : 1
                        }).done(function(result) {
                              $("##spAjax").html(result);								  
							  //processdetail(result);
                              clearInterval(elapsedtimer);
                              dispProgressBar(totemp,x+1);
								if(document.getElementById('errorlog').innerHTML.length != 0){
								    alert(msgAfterProcessCompleteWithException);
                                    document.getElementById("divClose").innerHTML = "&lt;input type='button' value='close' name='btnclose' onclick='closebar();' &gt; ";
                                  
								}
                                else{
                                    alert(msgAfterProcessComplete);	
                                    document.getElementById("divClose").innerHTML = "&lt;input type='button' value='close' name='btnclose' onclick='closebar();' &gt; ";
                  
                                }
                              	xmlDoc=loadXMLString(result);
								var h=xmlDoc.documentElement.childNodes;					
								if (typeof xmlDoc.getElementsByTagName("DATA") != 'undefined') {															
								
									processdetail(result);
								}else{
								
                              		$(".divProgressBarBlock").hide();
								}
                              objlistemp.value = listemp;
							 
                              maskButton(false);
                              clearall();
                          });                     
            
                        templist = [];
                        countemp = 0;
                        break;
                    }                
                    else if(countemp == batch){
                      
                        $.post(sLink+"&amp;start="+start, {
                        form_type:form_type,
                        empProcess:all_emp,
                        hdnperiod_code:period,
                        lst_display:listDisplay,
                        lstprocess:templist.join(","),
                         generate : 1,
						 batch:batch
                        }).done(function(result) {
                              var endprocess = new Date();
                              var elapsedtime = endprocess.getTime() - startprocess.getTime();
                              var calcbatch = Math.floor(batch_limittime/elapsedtime * batch);
                              batch = Math.max(Math.min(calcbatch,maxbatch),minbatch);  
                              dispProgressBar(totemp,x+1);
                            progressbar(x+1);
                          processdetail(result);
                        });   
            
                        templist = [];
                        countemp = 0;
                        break;
                    }
                }                
                                
            }
            
            function dispProgressBar(total,current){
                
                var seconds = 1000;
                var minutes = seconds * 60;
                var hours = minutes * 60;
                var currenttime = new Date();
                var elapsetime = currenttime.getTime() - starttime.getTime();
                remainingtime = elapsetime*total/current - elapsetime;
                var second = Math.floor(remainingtime / seconds) % 60;
                var minute = Math.floor(remainingtime / minutes) % 60;
                var hour = Math.floor(remainingtime / hours);
                var percentage = Math.round(current/total*100);
                //document.getElementById("divCurrentProgress").innerHTML = current + " of " + total;
                //document.getElementById("divPercentage").innerHTML = Math.round(current/total*100)+"%";
                document.getElementById("divPercentage").innerHTML = current + " of " + total + " (" +percentage+"%)";
                document.getElementById("divCurrentProgress").style.width = Math.max(1,percentage)+"%";
                document.getElementById("divRemainingtime").innerHTML = "Estimated Time Left : ";
                if(current == total){
                    document.getElementById("divClose").innerHTML = "&lt;input type='button' value='close' name='btnclose' onclick='closebar();' &gt; ";
                }
                if(current == 0){
                    document.getElementById("divRemainingtime").innerHTML += "Unknown";
                }
                else{
                    if(hour &gt; 0){
                        document.getElementById("divRemainingtime").innerHTML += hour+" hour ";
                    }
                    if(minute  &gt; 0){
                        document.getElementById("divRemainingtime").innerHTML += minute+" minute ";
                    }
                    if(remainingtime  &lt; 60000){
                        document.getElementById("divRemainingtime").innerHTML += second+" s ";
                    }
                }
            }
    
			function closebar(){
		        clearInterval(elapsedtimer);
				$(".divProgressBarBlock").hide();
                $("##error").html("");
                $("##errorlog").html("").hide();
				 maskButton(false);
                 clearall();
				 reloadPage();
			}
				
            function clearall(){
              
                objlistemp = "";
                listemp = "";
                batch = 5;
                maxbatch = 100;
                minbatch = 5;
                batch_limittime = 5000;
                totemp = "";
                starttime = "";
                elapsedtimer = "";
                remainingtime = "";
                batch_proccesstime = "";
                errorcount = 0;
            }
	    </SCRIPT>
	</SFFORM>
</SFPAGE>








