<SFPAGE TITLE="Tab Unprocessed Employee" ACCESS="hrm.setting.performance.period:delete">
    <SFFORM TITLE="Tab Unprocessed Employee" DATASOURCE="" ACTION="PerformancePeriod.processGenerateReviewer" NAME="frmUnprocessedEmployee" WIDTH="100%" HEIGHT="100%" SHOWWINDOW="NO">
    
        <TOOLBAR>
            <BUTTON TYPE="Help"></BUTTON>
            <BUTTON TYPE="Close"></BUTTON>
        </TOOLBAR>
        
        <FIELDSET>
            <INPUT LABEL="Form Type" NAME="form_type" PARAM="form_type" TYPE="RADIO" OPTIONS="PLAN*=Planning Form|EVAL=Evaluation Form" ONCLICK="reloadListEmployee(this.value)"/><!-- ONCLICK="changeIsCategory(this.value) -->
             <INPUT LABEL="~" NAME="hdnlistemp" PARAM="hdnlistemp" TYPE="HIDDEN"/>
             <INPUT LABEL="~" NAME="generate" PARAM="generate" TYPE="HIDDEN" DEFAULT="0"/>
            <INPUT LABEL="Only Show Enterprise Employee" NAME="show_enterprise" PARAM="show_enterprise" TYPE="CHECKBOX" OPTIONS="Y=Yes" ONCHANGE="showEnterpriseUser(this.checked)"/>
            <INPUT LABEL="Employee" NAME="emp" PARAM="emp" TYPE="CHECKBOX" OPTIONS="Y*=All" ONCHANGE="actionCheckAllEmp(this.checked)"/>
            <INPUT LABEL="~" TYPE="FILTEREMPLOYEE" REQUIRED="Yes" ERRMSG="Please Select Employee" FILTERADDON="EMPNOLIST" LISTSOURCE="PerformancePeriod.FilterUnProcessedEmployee&amp;period_code=#period_code#" NAME="emp_id" INCLUSIVE="param" PARAM="emp_id" MAXROW="10000"/>
            <INPUT LABEL="~" NAME="hdnperiod_code" PARAM="period_code" DEFAULT="#period_code#" TYPE="HIDDEN" />
            <INPUT LABEL="~" NAME="ignorevalidateent" PARAM="ignorevalidateent" DEFAULT="N" TYPE="HIDDEN"/>
            <INPUT LABEL="~" NAME="tempidforwddx" PARAM="tempidforwddx" DEFAULT="#CreateUUID()#" TYPE="HIDDEN"/>
        </FIELDSET>
        
        <BUTTONLIST>
            <BUTTON TYPE="Submit" LABEL="Process" CONDITION="request.scookie.user.EMPID NEQ ''"></BUTTON>
        </BUTTONLIST>
        
        <SCRIPT FOR="FOOTER">
            var objlistemp = "";
            var listemp = "";
            var batch = 5;
            var maxbatch = 100;
            var minbatch = 5;
            var batch_limittime = 5000;
            var totemp = 0;
            var starttime = "";
            var elapsedtimer = "";
            var remainingtime = "";
            var batch_proccesstime = "";
            var checkall = "";
            var errorcount = 0;
            var period="";
            var form_type = "";
            var ignorevalidateent="";
            var tempidforwddx = Date.now();
           
        $(document).ready(function(){                
                $("head").append("&lt;link rel='stylesheet' type='text/css' href='?rcid=css/progressbar/progress.css'&gt;");
                $("body").append("&lt;div class='divProgressBarBlock' id='divProgressBarBlock'&gt;&lt;/div&gt;");
                $("##divProgressBarBlock").append("&lt;div class='pie_progress' id='pie_progress'&gt;"+
                                      "&lt;div class='divTitle' id='divTitle'&gt;Generate Performance Period Processs&lt;/div&gt;"+  
                                      "&lt;div class='divPercentage' id='divPercentage'&gt;0%&lt;/div&gt;"+
                                      "&lt;div class='divCurrentProgress' id='divCurrentProgress'&gt;&amp;nbsp;&lt;/div&gt;"+
                                      "&lt;div class='divRemainingtime' id='divRemainingtime'&gt;&lt;/div&gt;"+
                                      "&lt;div class='divElapsedtime' id='divElapsedtime'&gt;&lt;/div&gt;"+
                                      "&lt;div class='divLog' id='divLog' style='overflow:auto;height:200px;display:none'&gt;&lt;/div&gt;"+
                                      "&lt;div class='divDetail' id='divDetail' &gt;  "+
                                          "&lt;input type='button' value='view' style='display:none;' name='btnviewall' id='btnviewall' onclick='viewall(1);' &gt; &lt;input type='button' value='hide' style='display:none;' name='btnhideall' id='btnhideall' onclick='viewall(2);' &gt; &lt;/div&gt;"+
                                      "&lt;div class='divProcessDetail' id='divProcessDetail' style='display:none;' &gt;&lt;table class='tblProcessDetail' id='tblProcessDetail'&gt;"+
                                      "&lt;/table&gt; &lt;table border='1' cellpadding='0' cellspacing='0' class='tblProcessDetailAll' width='100%' style='display:none;' id='tblProcessDetailAll' &gt; &lt;/table&gt; &lt;/div&gt;"+
                                      "&lt;table class='prg_footer' cellpadding='0' cellspacing='0' &gt;&lt;tr&gt;&lt;td id='error'&gt;&lt;/td&gt;&lt;td&gt;&lt;div class='divClose' id='divClose'&gt;  &lt;/div&gt;&lt;/td&gt;&lt;/tr&gt;&lt;tr&gt;&lt;td colspan='2'&gt;&lt;div class='errorlog' id='errorlog'&gt;&lt;/div&gt;&lt;/td&gt;&lt;/tr&gt;&lt;/table&gt;"+ 
                                    "&lt;/div&gt;");
            });
        function initCustPerfUn(){
            actionCheckAllEmp($('[id=inp_emp]').is(':checked'));
            $('[id=tr_inp_show_enterprise]').hide();
        }
        initCustPerfUn();
        
        function reloadListEmployee(isform){
            var aa = document.getElementById('inp_form_type').checked;

            if(document.getElementById('inp_form_type').checked == true){
                form_type = 'PLAN'
            }else{
                form_type = 'EVAL';
            }
           
             document.getElementById('selinp_emp_id').options.length = null;
             searchFilter(null,'?ofid=PerformancePeriod.FilterUnProcessedEmployee&amp;period_code=#period_code#&amp;form_type='+form_type,'inp_emp_id',10000);
        }

        function actionCheckAllEmp(isChecked){
            if(isChecked){
                $('[id=tr_inp_emp_id]').hide();
            } else {
                $('[id=tr_inp_emp_id]').show();
            }
        }
        
        function showEnterpriseUser(isChecked){
            reloadListEmployee();
        }
    
        
        function countelapsed(){
              
               // $(".divProgressBarBlock").show();
                var seconds = 1000;
                var minutes = seconds * 60;
                var hours = minutes * 60;
                var currenttime = new Date();
                var elapsedtime = currenttime.getTime() - starttime.getTime();
                var second = Math.floor(elapsedtime / seconds) % 60;
                var minute = Math.floor(elapsedtime / minutes) % 60;
                var hour = Math.floor(elapsedtime / hours);
                document.getElementById("divElapsedtime").innerHTML = "";
                if(hour &gt; 0){
                    document.getElementById("divElapsedtime").innerHTML += hour+" hour ";
                }
                if(minute  &gt; 0){
                    document.getElementById("divElapsedtime").innerHTML += minute+" minute ";
                }
                document.getElementById("divElapsedtime").innerHTML += second+" s ";
        }
            //process detail
            function processdetail(result){
               
                xmlDoc=loadXMLString(result);	
                if(typeof xmlDoc.getElementsByTagName("PROCESS_DETAIL") != 'undefined'){
                  //  var listLog = xmlDoc.getElementsByTagName("LOG");
                    //for(idx=0;idx&lt;listLog.length;idx++){
                      //  $("##divLog").append(xmlDoc.getElementsByTagName("LOG")[idx].childNodes[0].nodeValue + "&lt;BR&gt;");
                    //}
                    
                    var listLog = xmlDoc.getElementsByTagName("ERROR");
                       if(listLog.length > 0){
                      //  document.getElementById("divClose").innerHTML = "&lt;input type='button' value='close' name='btnclose' onclick='closebar();' &gt; ";
                  
                        errorcount = errorcount + listLog.length;
                        var x = document.createElement("A");
                        x.href="##";
                        x.className = "displayError";
                        x.innerHTML = "Show Error ("+errorcount+")";
                        $("##error").html(x);
                      
                        $(".displayError").click(function(){
                            $("##errorlog").toggle();
                        });
                         $(".displayError").hide();
                        for(idx=0;idx&lt;listLog.length;idx++){
                            $("##errorlog").append(xmlDoc.getElementsByTagName("ERROR")[idx].childNodes[0].nodeValue+ "&lt;BR&gt;");
                        }
                    }
                }
            
            }
            
            function loadXMLDoc(filename)
            {
                 
                if (window.XMLHttpRequest)
                  {
                      xhttp=new XMLHttpRequest();
                  }
                else // code for IE5 and IE6
                 {
                  xhttp=new ActiveXObject("Microsoft.XMLHTTP");
                }
                xhttp.open("GET",filename,false);
                xhttp.send();
                return xhttp.responseXML;
            }
                        
            function loadXMLString(txt)
            {
              if (window.DOMParser)
              {
              parser=new DOMParser();
              xmlDoc=parser.parseFromString(txt,"text/xml");
              }
            else // code for IE
              {
              xmlDoc=new ActiveXObject("Microsoft.XMLDOM");
              xmlDoc.async=false;
              xmlDoc.loadXML(txt);
              }
            return xmlDoc;
            }
            
            function progressbar(start){
                var startprocess = new Date();                
                var frm=document.frmPayProcess;
                var sLink = "?ofid=PerformancePeriod.processGenerateReviewer";
                var vpass="";
                var vparam="fsearch=true&amp;arid="+arcounter;
                var vsort="";
                try {
                var wnd=(top==self?(opener?self:(frmSFBody?frmSFBody:self)):self);
                }
                catch(e) {var wnd=self}

                timer=setTimeout("resetSubmit()",submitinterval*1000);
                var vplc=wnd.$sf("spAjax");
                
                var templist = []; 
                var countemp = 0;
                for(x=start;x&lt;(totemp+1);x++){
                    templist[countemp] = listemp[x];
                    countemp += 1;
                    if(x == totemp){
                        objlistemp.value = templist;
                        $.post(sLink+"&amp;start="+start, {
                          emp: checkall,
                          hdnlistemp: "",
                          hdnSelectedemp_id :objlistemp.value,
                          hdnperiod_code:period,
                          form_type:form_type,
                          generate:1,
						  batch:batch,
                          ignorevalidateent:ignorevalidateent,
                          tempidforwddx:tempidforwddx
                        }).done(function(result) {
                              $("##spAjax").html(result);								  
                              //processdetail(result);
                              clearInterval(elapsedtimer);
                              dispProgressBar(totemp,x);
                                  xmlDoc=loadXMLString(result);
                                var h=xmlDoc.documentElement.childNodes;					
                                if (typeof xmlDoc.getElementsByTagName("DATA") != 'undefined') {															
                                    processdetail(result);
                                }else{
                                      $(".divProgressBarBlock").hide();
                                }
                                if(document.getElementById('errorlog').innerHTML.length != 0){
                                    alert('Process Complete with Exception');	  
                                    $(".displayError").show();
                                    document.getElementById("divClose").innerHTML = "&lt;input type='button' value='close' name='btnclose' onclick='closebar();' &gt; ";
                  
                                }
                                else{
                                    alert('Process Complete');	
                                    document.getElementById("divClose").innerHTML = "&lt;input type='button' value='close' name='btnclose' onclick='closebar();' &gt; ";
                  
                                }
                              objlistemp.value = listemp;
                             
                              maskButton(false);
                              clearall();
                          });                     
            
                        templist = [];
                        countemp = 0;
                        break;
                    }                
                    else if(countemp == batch){
                     
                        objlistemp.value = templist;
                        $.post(sLink+"&amp;start="+start, {
                          period: $('##inp_period').val(),
                          emp: checkall,
                          hdnlistemp: objlistemp.value,
                          hdnSelectedemp_id : objlistemp.value,
                          hdnperiod_code:period,
                          form_type:form_type,
                          generate:1,
						  batch:batch,
                          ignorevalidateent:ignorevalidateent,
                          tempidforwddx:tempidforwddx
                        }).done(function(result) {
                              var endprocess = new Date();
                              var elapsedtime = endprocess.getTime() - startprocess.getTime();
                              var calcbatch = Math.floor(batch_limittime/elapsedtime * batch);
                              batch = Math.max(Math.min(calcbatch,maxbatch),minbatch);  
                              dispProgressBar(totemp,x);
							
                            progressbar(x+1);
                          processdetail(result);
                        });   
            
                        templist = [];
                        countemp = 0;
                        break;
                    }
                }                
                                
            }
            
            function dispProgressBar(total,current){
             
                var seconds = 1000;
                var minutes = seconds * 60;
                var hours = minutes * 60;
                var currenttime = new Date();
                var elapsetime = currenttime.getTime() - starttime.getTime();
                remainingtime = elapsetime*total/current - elapsetime;
                var second = Math.floor(remainingtime / seconds) % 60;
                var minute = Math.floor(remainingtime / minutes) % 60;
                var hour = Math.floor(remainingtime / hours);
                var percentage = Math.round(current/total*100);
                //document.getElementById("divCurrentProgress").innerHTML = current + " of " + total;
                //document.getElementById("divPercentage").innerHTML = Math.round(current/total*100)+"%";
                document.getElementById("divPercentage").innerHTML = current + " of " + total + " (" +percentage+"%)";
                document.getElementById("divCurrentProgress").style.width = Math.max(1,percentage)+"%";
                document.getElementById("divRemainingtime").innerHTML = "Estimated Time Left : ";
           
                if(current == 0){
                    document.getElementById("divRemainingtime").innerHTML += "Unknown";
                }
                else{
                    if(hour &gt; 0){
                        document.getElementById("divRemainingtime").innerHTML += hour+" hour ";
                    }
                    if(minute  &gt; 0){
                        document.getElementById("divRemainingtime").innerHTML += minute+" minute ";
                    }
                    if(remainingtime  &lt; 60000){
                        document.getElementById("divRemainingtime").innerHTML += second+" s ";
                    }
                }
                
            }
            function validateOther()
            {
      
                var dt = new Date();
                var conf = true;
                var opt = $sf("selinp_filter_emp");

                if(document.getElementById('inp_form_type').checked == true){
                    form_type = 'PLAN';
                 }else{
                    form_type = 'EVAL';
                 }
                if($sf('inp_emp').checked == false)
                {
                    objlistemp = document.getElementById("hdnSelectedinp_emp_id");
                    checkall = "N";
                    listemp = objlistemp.value.split(",");
                    totemp = listemp.length;
                }
                else 
                {  
                    $("##unselinp_emp_id").val($.merge($.map($("select[name='unselinp_emp_id']>option"),function(e) {
			            return e.value; }),$.map($("select[name='selinp_emp_id']>option"),function(e) { return e.value; })).join(","));
                    objlistemp = document.getElementById("unselinp_emp_id");
                 
                    checkall = "Y";
                    var unselemp_id = objlistemp.value;
                   
                    listemp = objlistemp.value.split(",");
                    totemp = objlistemp.options.length;
                 
                              }
                if(parseInt(totemp)  &lt; 5){
                    return true;
                }else{
                    period = document.getElementById('inp_hdnperiod_code').value;
                    ignorevalidateent = document.getElementById('inp_ignorevalidateent').value;
                    maskButton(true);
                    starttime = new Date();
                    $(".divProgressBarBlock").show();
                    countelapsed();
                    lapsedtimer = setInterval(function(){countelapsed();}, 1000);
                    dispProgressBar(totemp,1);
                    progressbar(1); 
                }
           
         
            
        }
            function closebar(){
                clearInterval(elapsedtimer);
                $(".divProgressBarBlock").hide();
                $("##error").html("");
                $("##errorlog").html("").hide();
                 maskButton(false);
                 clearall();
                 reloadPage();
            }
                
            function clearall(){
             
                objlistemp = "";
                listemp = "";
                batch = 5;
                maxbatch = 100;
                minbatch = 5;
                batch_limittime = 5000;
                totemp = "";
                starttime = "";
                elapsedtimer = "";
                remainingtime = "";
                batch_proccesstime = "";
                errorcount = 0;
            }
            
        </SCRIPT>
    </SFFORM>
</SFPAGE>










