<SFPAGE TITLE="Add" ACCESS="hrm.setting.performance.successionparam:add" >
	<SFFORM TITLE="Add" TRACER="Setting|Performance Setting|Succession Parameter" DATASOURCE="PerformanceSuccessionParam" ACTION="PerformanceSuccessionParam.Add" NAME="frmAddSuccessionParam" WIDTH="700" HEIGHT="400">
		<SCRIPT>
		</SCRIPT>
		<TOOLBAR>
			<BUTTON TYPE="Help"></BUTTON>
			<BUTTON TYPE="Close"></BUTTON>
		</TOOLBAR>
		<SCRIPT>
		    loadScript('#application.path.lib#/scripts/pm/jquery.fixedheadertable.min.js');
		</SCRIPT>
		<FIELDSET>
			<INPUT LABEL="Name" NAME="succession_name" PARAM="succession_name" TYPE="TEXT" REQUIRED="YES" MULTILANG="YES" MAXLEN="255"/>
		</FIELDSET>
		<FIELDSET LABEL="Successor Filter">
			<INPUT LABEL="Maximum Displayed" NAME="maxdisplay" PARAM="maxdisplay" TYPE="NUMERIC" MAXLEN="10" SIZE="5" REQUIRED="YES" ONKEYPRESS="return isNumberKey(event);"/>
			<INPUT LABEL="Within Same Job Family" NAME="samejobfamily" PARAM="samejobfamily" TYPE="CHECKBOX" OPTIONS="Y=Yes"/>
			<INPUT LABEL="Job Family Level" NAME="samejobfamilylevel" PARAM="samejobfamilylevel" TYPE="CHECKBOX" OPTIONS="Y=Same Level" GROUP="jfl"/>
			<INPUT LABEL="or" NAME="lowerjobfamilylevel" PARAM="lowerjobfamilylevel" TYPE="SELECT" OPTIONS="1=1|2=2|3=3" TRAILTEXT="Lower Level" GROUP="jfl~"/>
			<INPUT LABEL="Grade Range" NAME="gradefrom" PARAM="gradefrom" TYPE="SELECT" LISTSOURCE="PerformanceSuccessionParam.refJobGrade" GROUP="grd"/>
			<INPUT LABEL="-" NAME="gradeto" PARAM="gradeto" TYPE="SELECT" LISTSOURCE="PerformanceSuccessionParam.refJobGrade" GROUP="grd~"/>
			<INPUT LABEL="Minimum Competency Match" NAME="mincompmatchpercent" PARAM="mincompmatchpercent" TYPE="NUMERIC" MAXLEN="3" SIZE="5" GROUP="tiga"/>
			<INPUT LABEL="~" TYPE="LABEL" PARAM="lblkosong" DEFAULT="%" GROUP="tiga~"/>
			<INPUT LABEL="~" NAME="exactcompmatch" PARAM="exactcompmatch" TYPE="CHECKBOX" OPTIONS="Y=over qualified counts against the score" GROUP="tiga~"/>
			<INPUT LABEL="Minimum Performance Achievement" NAME="minperformancepercent" PARAM="minperformancepercent" TYPE="NUMERIC" MAXLEN="3" SIZE="5" GROUP="empat"/>
			<INPUT LABEL="~" TYPE="LABEL" PARAM="lblkosong" DEFAULT="%" GROUP="empat~"/>
			<INPUT LABEL="Minimum Readiness" NAME="minreadiness" PARAM="minreadiness" TYPE="RADIO" OPTIONS="1=Low|2=Medium|3=High"/>
			<INPUT LABEL="Maximum Risk of Leaving" NAME="maxriskofleaving" PARAM="maxriskofleaving" TYPE="RADIO" OPTIONS="1=Low|2=Medium|3=High"/>
			<INPUT LABEL="Maximum Impact of Leaving" NAME="maximpactofleaving" PARAM="maximpactofleaving" TYPE="RADIO" OPTIONS="1=Low|2=Medium|3=High"/>
		</FIELDSET>
		<FIELDSET LABEL="Parameter Weight">
			<INPUT LABEL="Competency Match" NAME="compmatch" PARAM="compmatch" TYPE="NUMERIC" REQUIRED="YES" ONBLUR="setTotalWeight()" DEFAULT="0" MAXLEN="10" SIZE="5" GROUP="barissatu"/>
			<INPUT LABEL="Position Readiness" NAME="readiness" PARAM="readiness" TYPE="NUMERIC" REQUIRED="YES" ONBLUR="setTotalWeight()" DEFAULT="0" MAXLEN="10" SIZE="5" GROUP="barissatu~" NEWCELL="yes"/>
			<INPUT LABEL="Performance Achievement" NAME="performance" PARAM="performance" TYPE="NUMERIC" REQUIRED="YES" ONBLUR="setTotalWeight()" DEFAULT="0" MAXLEN="10" SIZE="5" GROUP="barisdua"/>
			<INPUT LABEL="Risk of Leaving" NAME="riskofleaving" PARAM="riskofleaving" TYPE="NUMERIC" REQUIRED="YES" ONBLUR="setTotalWeight()" DEFAULT="0" MAXLEN="10" SIZE="5" GROUP="barisdua~" NEWCELL="yes"/>
			<INPUT LABEL="Job Grade Position Match" NAME="gradematch" PARAM="gradematch" TYPE="NUMERIC" REQUIRED="YES" ONBLUR="setTotalWeight()" DEFAULT="0" MAXLEN="10" SIZE="5" GROUP="baristiga"/>
			<INPUT LABEL="Impact Of Leaving" NAME="impactofleaving" PARAM="impactofleaving" TYPE="NUMERIC" REQUIRED="YES" ONBLUR="setTotalWeight()" DEFAULT="0" MAXLEN="10" SIZE="5" GROUP="baristiga~" NEWCELL="yes"/>
			<INPUT LABEL="Job Family Level Distance" NAME="jflmatch" PARAM="jflmatch" TYPE="NUMERIC" REQUIRED="YES" ONBLUR="setTotalWeight()" DEFAULT="0" MAXLEN="10" SIZE="5" GROUP="barisempat"/>
			<INPUT LABEL="~" TYPE="LABEL" PARAM="lblkosong" DEFAULT="-"/>
			<INPUT LABEL="Total Parameter Weight" NAME="totalweight" PARAM="totalweight" TYPE="LABEL" DEFAULT="0" MAXLEN="10" SIZE="5"/>
		</FIELDSET>
		<BUTTONLIST>
			<BUTTON TYPE="Cancel"></BUTTON>
			<BUTTON TYPE="Submit"></BUTTON>
		</BUTTONLIST>
			
		<SCRIPT FOR="FOOTER">
			function setTotalWeight(){
				var compmatch = $('##inp_compmatch').val();
				var readiness = $('##inp_readiness').val();
				var performance = $('##inp_performance').val();
				var riskofleaving = $('##inp_riskofleaving').val();
				var gradematch = $('##inp_gradematch').val();
				var impactofleaving = $('##inp_impactofleaving').val();
				var jflmatch = $('##inp_jflmatch').val();
				var totweight = 0;
				
				if(!isNaN(parseFloat(compmatch)))		totweight += parseFloat(compmatch);
				if(!isNaN(parseFloat(readiness)))		totweight += parseFloat(readiness);
				if(!isNaN(parseFloat(performance)))		totweight += parseFloat(performance);
				if(!isNaN(parseFloat(riskofleaving)))	totweight += parseFloat(riskofleaving);
				if(!isNaN(parseFloat(gradematch)))		totweight += parseFloat(gradematch);
				if(!isNaN(parseFloat(impactofleaving)))	totweight += parseFloat(impactofleaving);
				if(!isNaN(parseFloat(jflmatch)))		totweight += parseFloat(jflmatch);
				
				$('##tr_inp_totalweight [gt] ##tdb_1').html(totweight);
				return totweight;
			}
			var totweightSuccParam = setTotalWeight();
			function validateOther(){
				 totweightSuccParam = setTotalWeight();
			    if(!check_spec_char($('##inp_maxdisplay').val(),'.')){
                    alert("[SFTEXT:ERPlease Input Valid Number, No Coma]");
                    $('##inp_maxdisplay').focus();
                    return false;
                 }
                 
			    if($('##inp_maxdisplay').val()&lt;1){
                    alert("Maximum Displayed field must be greater than equal 1");
                    $('##inp_maxdisplay').focus();
                    return false;
                }
				 if(totweightSuccParam == 0){
                    alert("[SFTEXT:JSTotal Weight must be greater than zero]");
                    return false;
                }
				return true;
			}
		</SCRIPT>
	</SFFORM>
</SFPAGE>

