<SFPAGE TITLE="successionparam" ACCESS="hrm.setting.performance.successionparam:read">
	<SFGRID DATASOURCE="PerformanceSuccessionParam" TITLE="Succession Parameter">
		<TOOLBAR>
			<BUTTON TYPE="Add"></BUTTON>
			<BUTTON TYPE="Print"></BUTTON>
			<BUTTON TYPE="PDF"></BUTTON>
			<BUTTON TYPE="Excel"></BUTTON>
			<BUTTON TYPE="Openoffice"></BUTTON>
			<BUTTON TYPE="Reload"></BUTTON>
			<BUTTON TYPE="Help"></BUTTON>
		</TOOLBAR>
		<COLUMN TITLE="Name" FIELD="succession_name" WIDTH="300" LINK="hrm.setting.performance.successionparam.edit?code=[succession_code]" LINKTYPE="INNERPOP"></COLUMN>
	</SFGRID>
</SFPAGE>
