<SFPAGE TITLE="CompetencePoint" ACCESS="hrm.setting.performance.compoint:add">
	<SFFORM TITLE="Add Competency Point" DATASOURCE="" ACTION="CompetencePoint.Add" NAME="frmcompoint" WIDTH="600" HEIGHT="500">
		<TOOLBAR>
			<BUTTON TYPE="Help"></BUTTON>
			<BUTTON TYPE="Close"></BUTTON>
		</TOOLBAR>
		<FIELDSET>
			<!--<INPUT LABEL="Competence Name" NAME="competence_code" PARAM="competence_code" TYPE="SUGGEST" LISTMANDATORY="YES" LISTSOURCE="CompetencePoint.filterCompetence" REQUIRED="YES" ERRMSG="Please Select Competence" ONBLUR="getCompetencePoint()"/>-->
			<INPUT LABEL="Competency Name" NAME="competence_code" PARAM="competence_code" TYPE="SELECT" LISTSOURCE="CompetencePoint.referenceCompetence" REQUIRED="YES" ONCHANGE="getCompetencePoint()"/> 
			<INPUT LABEL="Competency Point Value" DEFAULT="1 To " NAME="pp" PARAM="pp" TYPE="LABEL" GROUP="pvalue" SIZE="2" MAXLEN="1"/>
			<INPUT LABEL="" NAME="point_value" PARAM="point_value" TYPE="SELECT" LISTSOURCE="CompetencePoint.refCompValue" GROUP="pvalue~" />
			<INPUT LABEL="Competency Point Name" NAME="point_name" PARAM="point_name" TYPE="TEXT" MULTILANG="Yes" MAXLEN="100" REQUIRED="YES" ERRMSG="Please Input Competence Name"/>
			<INPUT LABEL="Competency Point Description" NAME="point_desc" PARAM="point_desc" TYPE="MEMO" MULTILANG="Yes" MAXLEN="1000" COL="30" ROW="3" REQUIRED="YES" ERRMSG="Please Input Description"/>
			<!--<INPUT LABEL="Competence Point Detail" NAME="comp_detail" PARAM="comp_detail" TYPE="MEMO" MULTILANG="Yes" MAXLEN="1000" COL="30" ROW="3"/>-->
		</FIELDSET>
		<BUTTONLIST>
			<BUTTON TYPE="Cancel"></BUTTON>
			<BUTTON TYPE="Submit"></BUTTON>
		</BUTTONLIST>
		
		<SCRIPT FOR="FOOTER">
			document.getElementById('lbl_inp_pp').innerHTML  = '[SFTEXT:JSCompetence Point Value] &lt;span class=\"required\"&gt;*&lt;/span&gt;' ;
			document.getElementById('inp_point_value').options.length = null;
			var myselect = document.getElementById('inp_point_value');
			myselect.options[myselect.options.length]= new Option("--Select One--","");
			
			function getCompetencePoint()
			{
				var competence_code = document.getElementById('inp_competence_code').value;
				
				var len = arrCOMPETENCEPOINTREFCOMPVALUE['optvalue'].length;
				var co0 = new Array();
				var co1 = new Array();
				var num = 0;
				
				for (i=0;i&lt;document.getElementById('inp_competence_code').length;i++)
				{
					if(document.getElementById('inp_competence_code')[i].selected == true)
					{
						var competence_code = document.getElementById('inp_competence_code')[i].value;
					}
				}
				
				var myselect = document.getElementById('inp_point_value');
				document.getElementById('inp_point_value').options.length = null;
				myselect.options[myselect.options.length]= new Option("--Select One--","");
				
				for (var i=0;i&lt;len;i++)	
				{	
					if (arrCOMPETENCEPOINTREFCOMPVALUE['optcompcode'][i] == competence_code) 
						{
							num++;
							co0.push(arrCOMPETENCEPOINTREFCOMPVALUE['optvalue'][i]);
							co1.push(arrCOMPETENCEPOINTREFCOMPVALUE['opttext'][i]);
						}
				}
				
				
				for (k=0;k[LT]num;k++)
				{
					myselect.options[myselect.options.length]= new Option(co1[k],co0[k]);
					if (k==0)
					{
						myselect.options[k].selected = true; 
					}
				}
				
			}
		</SCRIPT>
	</SFFORM>
</SFPAGE>

