<SFPAGE TITLE="Edit Competency Point" ACCESS="hrm.setting.performance.compoint:edit">
	<SFFORM TITLE="Edit Competency Point" DATASOURCE="CompetencePoint" ACTION="CompetencePoint.Save" NAME="frmcompoint" WIDTH="600" HEIGHT="500">
		<SCRIPT>
		</SCRIPT>
		<TOOLBAR>
			<BUTTON TYPE="Help"></BUTTON>
			<BUTTON TYPE="Close"></BUTTON>
		</TOOLBAR>
		<FIELDSET>
			<INPUT LABEL="Competence Item" NAME="competence_name" PARAM="competence_name" MAXLEN="100" TYPE="LABEL"/>
			<INPUT LABEL="~" NAME="hdn_competence_code" PARAM="competence_code" TYPE="HIDDEN"/>
			<INPUT LABEL="~" NAME="hdn_competence_code1" PARAM="competence_code" TYPE="HIDDEN"/>
			<INPUT LABEL="~" NAME="makspoint" PARAM="makspoint" TYPE="HIDDEN"/>
			<INPUT LABEL="Competency Point Value" NAME="point_value" PARAM="point_value" TYPE="LABEL" SIZE="3" MAXLEN="3"/>
			<INPUT LABEL="~" NAME="hdn_point_value" PARAM="point_value" TYPE="HIDDEN"/>
			<INPUT LABEL="Competency Point Name" NAME="point_name" PARAM="point_name" TYPE="TEXT" MULTILANG="Yes" MAXLEN="255" REQUIRED="YES" ERRMSG="Please Input Competence Name"/>
			<INPUT LABEL="Competency Point Description" NAME="point_desc" PARAM="point_desc" TYPE="MEMO" MULTILANG="Yes" MAXLEN="1000" COL="30" ROW="3" REQUIRED="YES" ERRMSG="Please Input Description"/>
		</FIELDSET>
		<BUTTONLIST>
			<BUTTON TYPE="Cancel"></BUTTON>
			<!-- <BUTTON TYPE="Delete"></BUTTON> -->
			<BUTTON TYPE="Submit"></BUTTON>
		</BUTTONLIST>
		
		<SCRIPT FOR="FOOTER">
			var makspoint = document.getElementById('inp_makspoint').value;
			var pvalue = document.getElementById('inp_hdn_point_value').value;
			var btnDel = document.getElementById('btn_a_1')
			
			/*if(makspoint != pvalue )
			{
				btnDel.style.display = 'none';
			}*/
			//btn_a_1
		</SCRIPT>
	</SFFORM>
</SFPAGE>


