<SFPAGE TITLE="compoint" ACCESS="hrm.setting.performance.compoint:read">
	<SFGRID DATASOURCE="CompetencePoint" TITLE="Competence Point">
		<TOOLBAR>
			<!-- <BUTTON TYPE="Add"></BUTTON> -->
			<BUTTON TYPE="Print"></BUTTON>
			<BUTTON TYPE="PDF"></BUTTON>
			<BUTTON TYPE="Excel"></BUTTON>
			<BUTTON TYPE="Reload"></BUTTON>
			<BUTTON TYPE="Help"></BUTTON>
		</TOOLBAR>
		<COLUMN TITLE="Competency Item" FIELD="competence_name"></COLUMN>
		<COLUMN TITLE="Competency Point Name" FIELD="point_name" ></COLUMN>
		<COLUMN TITLE="Competency Point Value" FIELD="point_value" WIDTH="30" LINK="hrm.setting.performance.compoint.edit?competence_code=[competence_code]&amp;point_value=[point_value]" LINKTYPE="INNERPOP"></COLUMN>
		<COLUMN TITLE="Competency Point Description" FIELD="point_desc"></COLUMN>
	</SFGRID>
</SFPAGE>

