<SFPAGE TITLE="unfinalize" ACCESS="hrm.performance.unfinalize:read">
	<SFFORM TITLE="Unfinalize Performance Form" DATASOURCE="" ACTION="UnfinalizePerformance.Submit" NAME="frmUnfinalPMForm" WIDTH="100%" HEIGHT="100%">
		<TOOLBAR TYPE="GRID">
			<BUTTON TYPE="Reload"></BUTTON>
			<BUTTON TYPE="Help"></BUTTON>
		</TOOLBAR>
		
		<SCRIPT FOR="FOOTER"> 
			function validateOther() {
				return true;
			}
			
			function EditEmpList() {
				searchFilter(null,'?ofid=UnfinalizePerformance.FilterEmployee','inp_emp_id',10000);
				document.getElementById('selinp_emp_id').options.length = null;
			}

			function empfilter(){
				if ( document.getElementById('inp_emp').checked || document.getElementById('inp_emp_id').checked === 'true'){
					document.getElementById('tr_inp_emp_id').style.display = 'none';
					$("##inp_hdnListEmp").val($.merge($.map($("select[name='unselinp_emp_id'][gt]option"),function(e) { return e.value; }),$.map($("select[name='selinp_emp_id'][gt]option"),function(e) { return e.value; })).join(","));
				} else {
					document.getElementById('tr_inp_emp_id').style.display = '';
					$("##inp_hdnListEmp").val($.map($("select[name='selinp_emp_id'][gt]option"),function(e) { return e.value; }).join(","));
				}
			}
			
			/*
			$("select[name='inp_simple_perform_code'] option").each(function(){
				$(this).attr("selected","selected");
			});
			*/
		</SCRIPT>

		<FIELDSET>
			<INPUT LABEL="Performance Form Name" TYPE="SELECT"  SIZE="5~200px" LISTSOURCE="SimplePerformance" NAME="simple_perform_code" PARAM="simple_perform_code" REQUIRED="YES" ERRMSG="Please select Simple Performance Code" ONCHANGE="EditEmpList();"/>
			<INPUT LABEL="Grade Code" TYPE="SELECT" SIZE="5~200px" LISTSOURCE="JobGrade" NAME="grade_order" PARAM="grade_order" ONCHANGE="EditEmpList();"/>
			<INPUT LABEL="Position" TYPE="SELECT" SIZE="5~200px" LISTSOURCE="Position" NAME="position_id" PARAM="position_id" ONCHANGE="EditEmpList();"/>
			<INPUT LABEL="~" NAME="hdnListEmp" PARAM="hdnListEmp" TYPE="HIDDEN"/>
			<INPUT LABEL="Employee" NAME="emp" PARAM="emp" TYPE="CHECKBOX" OPTIONS="Y=All" ONCLICK="empfilter();"/>
			<INPUT LABEL="~" TYPE="FILTER" REQUIRED="Yes" ERRMSG="Please Select Employee" LISTSOURCE="UnfinalizePerformance.FilterEmployee" ROW="10" MAXROW="10000" NAME="emp_id" PARAM="emp_id" />
			<!--
			<INPUT LABEL="Performance Form Date" TYPE="DATE" NAME="startdt" PARAM="startdt" DATECOMPARE="enddt" GROUP="tanggal"/>
			<INPUT LABEL="To" NAME="enddt" TYPE="DATE" PARAM="enddt" GROUP="tanggal~"/>
			-->
		</FIELDSET>
		<BUTTONLIST>
			<BUTTON TYPE="Submit"></BUTTON>
		</BUTTONLIST>
		
	</SFFORM>
	
</SFPAGE>
