<SFPAGE TITLE="Organization Structure" ACCESS="hrm.performance:read">
	<SFFORM TITLE="Job Description" DATASOURCE="OrgStruct" NAME="frmOrgStruct"  WIDTH="630" HEIGHT="400">
		<TOOLBAR NO="Help">
			<BUTTON TYPE="Help"></BUTTON>
			<BUTTON TYPE="Close"></BUTTON>
		</TOOLBAR>
		<FIELDSET >
			<INPUT LABEL="Position Name" NAME="pos_name" PARAM="pos_name" TYPE="LABELHTML"/>
			<INPUT LABEL="Description" NAME="jobdesc" PARAM="jobdesc" TYPE="LABELHTML"/>
		</FIELDSET>		
	</SFFORM>
</SFPAGE>
