<SFPAGE TITLE="successionplan" ACCESS="hrm.performance.evalform.successionplan:read">
	<SFFORM TITLE="Succession Plan" DATASOURCE="" ACTION="" NAME="frmPerfEval" WIDTH="100%" HEIGHT="100%" SHOWWINDOW="NO">
		<TOOLBAR>
			<BUTTON TYPE="Help"></BUTTON>
			<BUTTON TYPE="Close"></BUTTON>
		</TOOLBAR>
		<FIELDSET LABEL="-">
			<INPUT LABEL="-" NAME="dpempid" TYPE="HIDDEN" PARAM="empid" DEFAULT="#empid#"/>
			 <INPUT LABEL="-" NAME="frmEvalHistory" TYPE="SCRIPT" TEMPLATE="hrm.performance.evalform.successionplan.successionplandetail&amp;empid=#empid#&amp;posid=#posid#&amp;succode=#succode#&amp;isdashboard=#isdashboard#&amp;prevposid=#prevposid#&amp;varcoid=#varcoid#"/>
		</FIELDSET>
		<SCRIPT FOR="FOOTER">
		try {
				document.getElementById('pop_title').style.display = 'none';
				document.getElementById('form_toolbar').style.display = 'none';
				document.getElementById('pop_data').style = 'height:100%;border:none;';
			}
			catch(err) {

			}
		</SCRIPT>
	</SFFORM>
</SFPAGE>
