<SFPAGE TITLE="Succession Plan" ACCESS="hrm.performance.evalform:read">
	<SFFORM TITLE="Succession Plan" DATASOURCE="" ACTION="" TRACER="Employee Development" NAME="frmSucplan" WIDTH="100%" HEIGHT="100%"  SHOWWINDOW="YES">
		<TOOLBAR>
			<BUTTON TYPE="Help"></BUTTON>
			<BUTTON TYPE="Close"></BUTTON>
		</TOOLBAR>
		<FIELDSET LABEL="Succession Plan">
		 	<INPUT LABEL="-" NAME="frmSucplan" TYPE="SCRIPT" TEMPLATE="hrm.performance.successionplan.tree&amp;empid=#empid#&amp;posid=#posid#&amp;succode=#succode#&amp;isdashboard=2&amp;prevposid=#prevposid#"/>
		</FIELDSET>
	</SFFORM>
</SFPAGE>
