<SFPAGE TITLE="successionplan" ACCESS="hrm.performance.evalform:read">
	<SFFORM TITLE="Succession Plan" DATASOURCE="" ACTION="" NAME="frmPerfEval" WIDTH="100%" HEIGHT="100%" SHOWWINDOW="NO">
		<TOOLBAR>
			<BUTTON TYPE="Help"></BUTTON>
			<BUTTON TYPE="Close"></BUTTON>
		</TOOLBAR>
		<FIELDSET LABEL="-">
			<INPUT LABEL="-" NAME="dpempid" TYPE="HIDDEN" PARAM="empid" DEFAULT="#empid#"/>
			 <INPUT LABEL="-" NAME="frmEvalHistory" TYPE="SCRIPT" TEMPLATE="hrm.performance.evalform.successionplan.successionplandetail?empid=#empid#"/>
		</FIELDSET>
	</SFFORM>
</SFPAGE>
