<SFPAGE TITLE="evalform" ACCESS="hrm.performance.evalform:read">
	<SFGRID DATASOURCE="PerformanceEvaluation.listingquestion" TITLE="360 Question">
		<TOOLBAR>
			<BUTTON TYPE="Back"></BUTTON>
			<BUTTON TYPE="Reload"></BUTTON>
			<BUTTON TYPE="Help"></BUTTON>
		</TOOLBAR>
		
		<COLUMN TITLE="Period Name" FIELD="period_name"></COLUMN>
		<COLUMN TITLE="Reviewee Name" FIELD="reviewee_name" LINK="javascript:openFormQuestion('[period_code];[ratercode];[reviewee_empid];[request_no];[form_no];[reference_date]')" LINKTYPE="JS"></COLUMN>
		<COLUMN TITLE="Position" FIELD="position_reviewee"></COLUMN>
		<COLUMN TITLE="Unit" FIELD="unit"></COLUMN>
		<COLUMN TITLE="Assigned By" FIELD="assigned_by"></COLUMN>
		<COLUMN TITLE="Date Assigned" FIELD="created_date"  FORMAT="sdate"></COLUMN>
		<COLUMN TITLE="Status" FIELD="status"></COLUMN>
		
		<SCRIPT FOR="FOOTER">
		    function openFormQuestion(dataStr){
		        dataParam = dataStr.split(";");
		        innerPop('?xfid=hrm.performance.evalform.360question/questionform&amp;periodcode='+dataParam[0]+'&amp;ratercode='+dataParam[1]+'&amp;reviewee_empid='+dataParam[2]+'&amp;refdate='+dataParam[5],reposBlock);
		    }
		</SCRIPT>
		
	</SFGRID>
</SFPAGE>
















