<SFPAGE TITLE="Manage Rater" ACCESS="hrm.performance.evalform:read">
	<SFFORM TITLE="360 Manage Rater" DATASOURCE="PerformanceEvaluation.ManageRater" ACTION="PerformanceEvaluation.ManageRaterSave" NAME="frmPerfPeriod" WIDTH="100%" HEIGHT="120%">
		<TOOLBAR>
			<BUTTON TYPE="Help"></BUTTON>
			<BUTTON TYPE="Close"></BUTTON>
		</TOOLBAR>
		<FIELDSET>
		    <INPUT LABEL="Manage using excel file" NAME="using_excel" PARAM="using_excel" TYPE="CHECKBOX" OPTIONS="1=Yes" ONCHANGE="isUsingExcel()" GROUP="uploadexcel~"/>
		    <INPUT LABEL="~" PARAM="template_rater" TYPE="SCRIPT" TEMPLATE="hrm.performance.evalform.360question.linkdownloadmanagerater&amp;empid=#URL.empid#&amp;periodcode=#URL.periodcode#" GROUP="uploadexcel~"/>
		    <INPUT LABEL="Upload" NAME="fileupload" TYPE="FILE"/>
		    
		    <INPUT LABEL="Employee" TYPE="FILTEREMPLOYEE" REQUIRED="YES" NAME="emp_rater" PARAM="emp_rater" FILTERADDON="EMPNOLIST" LISTSOURCE="PerformanceEvaluation.filterEmployeeQuestion" LISTMEMBER="PerformanceEvaluation.filterMemberEmployeeQuestion&amp;period_code=#URL.periodcode#&amp;empid=#URL.empid#" ROW="10" MAXROW="10000" INCLUSIVE="param"/> 
            <INPUT LABEL="~" NAME="hintAnswered" PARAM="hintAnswered" TYPE="LABEL" DEFAULT="*has been submitted"/>
		    <INPUT LABEL="" TYPE="HIDDEN" PARAM="formno" NAME="formno" DEFAULT="#URL.formno#"/>
		    <INPUT LABEL="" TYPE="HIDDEN" PARAM="empid" NAME="reviewee_empid" DEFAULT="#URL.empid#"/>
		    <INPUT LABEL="" TYPE="HIDDEN" PARAM="period_code" NAME="period_code" DEFAULT="#URL.periodcode#"/>
		    <INPUT LABEL="" TYPE="HIDDEN" PARAM="lstsubmitted_rater" NAME="lstsubmitted_rater"/>
		    <INPUT LABEL="" TYPE="HIDDEN" PARAM="final_enddate" NAME="fnlendate"/>
		</FIELDSET>
		<SCRIPT FOR="FOOTER">
		    function checkRaterAnswered(){
    		    var lst_answered = $('[id=inp_lstsubmitted_rater]').val();
                //disable mengurangi participant / emp
                $('[id=selinp_emp_rater]').find('option').each(function(){ 
                    if (lst_answered.includes($(this).val()))
                        $(this).attr('disabled','disabled'); 
                });
		    }
		    checkRaterAnswered(); 
		    
		    setTimeout(function(){ 
		        isUsingExcel();
		        $('[id=lbl_inp_fileupload]').append('&lt;span class="required"&gt; *&lt;/span&gt;');
		    }, 1000);
		    
		    function isUsingExcel(){
		        var isUsingExcel = $('[id=inp_using_excel]:checked').val();
		        if(isUsingExcel){
		            $('[id=tr_inp_emp_rater]').hide();   
		            $('[id=tr_inp_hintAnswered]').hide();   
		            $('[id=tr_inp_fileupload]').show();   
		            $('[id=downlinkref]').show();  
		        }else{
		            $('[id=tr_inp_emp_rater]').show();   
		            $('[id=tr_inp_hintAnswered]').show();   
		            $('[id=tr_inp_fileupload]').hide();  
		            $('[id=downlinkref]').hide();  
		        }
		    }
		    
		    
		    function validateOther(){
		        if($('[id=inp_using_excel]:checked').val() == 1 &amp;&amp; $('[id=inp_fileupload]').val() == ''){
                    alert('[SFTEXT:JSPlease Input File Upload]');		            
		            return false;
		        }
		        return true;
		    }
		</SCRIPT>		
		<BUTTONLIST>
			<BUTTON TYPE="Cancel"></BUTTON>
			<BUTTON LABEL="Submit" TYPE="submit"></BUTTON>
			<!-- <BUTTON Label="Save" ACTION="saveToLocal()"></BUTTON> -->
		</BUTTONLIST>
	</SFFORM>
</SFPAGE>









