<SFPAGE TITLE="evalform" ACCESS="hrm.performance.evalform:edit">
	<SFFORM TITLE="Answer Question" ACTION="PerformanceEvaluation.saveanswer" NAME="frm360QAnswer" WIDTH="700" HEIGHT="600" SHOWWINDOW="YES">
		<TOOLBAR>
			<BUTTON TYPE="Reload"></BUTTON>
			<BUTTON TYPE="Help"></BUTTON>
			<BUTTON TYPE="Close"></BUTTON>
		</TOOLBAR>
		<FIELDSET LABEL="-">
			<INPUT LABEL="-" NAME="frmPerfEval" TYPE="SCRIPT" TEMPLATE="hrm.performance.evalform.questionform?periodcode=#periodcode#&amp;ratercode=#ratercode#&amp;reviewee_empid=#reviewee_empid#&amp;refdate=#refdate#&amp;"/>
		</FIELDSET>
    	<SCRIPT FOR="FOOTER">
    	    function validateOther(){
    	        var ret = true;
    	        <!--$("##tbodyQuestion").find("input[type='text']").each(function(a,b,c){-->
    	        $("##tbodyQuestion").find("textarea").each(function(a,b,c){
    	           
                    if(trim(b.value) == ''){
                        //alert("[SFTEXT:ERPlease Fill Answer Question]");
                        b.focus();
        		        ret =  false;
        		        return ret;
                    }
                });
                
                if(ret == false){
                    alert("[SFTEXT:ERPlease Fill the Answer]");
                    return ret;
                }
                
    	        $("##tbodyQuestion").find("select").each(function(a,b,c){
    	           
                    if(trim(b.value) == ''){
                        b.focus();
        		        ret =  false;
        		        return ret;
                    }
                });
                
    	        $("##tbodyQuestion").find("input[type='radio']").each(function(a,b,c){
    	           
	           		var valueCheck = $(`[name=${this.name}]:checked`).val();
                    if(trim(valueCheck) == ''){
                        b.focus();
        		        ret =  false;
        		        return ret;
                    }
                });
                
                if(ret == false){
                    alert("[SFTEXT:ERPlease Fill the Answer]");
                    return ret;
                }
                
                return ret;
    	    }
    	    $("##btn_a_2").hide();
	        $("##btn_a_1").hide();
    	</SCRIPT>
    	<BUTTONLIST>
    	    <BUTTON TYPE="CANCEL" LABEL="CLOSE"></BUTTON>
    	    <BUTTON TYPE="DRAFT"></BUTTON>
    		<BUTTON TYPE="SUBMIT"></BUTTON>
    	</BUTTONLIST>
	</SFFORM>
</SFPAGE>












