<SFPAGE TITLE="View All Answer" ACCESS="hrm.performance.evalform:read">
	<SFFORM TITLE="View All Answer" DATASOURCE="" ACTION="" NAME="frmPerfAllAns" WIDTH="100%" HEIGHT="100%">
		<TOOLBAR>
			<BUTTON TYPE="Help"></BUTTON>
			<BUTTON TYPE="Close"></BUTTON>
		</TOOLBAR>
		<FIELDSET LABEL="-">
			<INPUT LABEL="-" NAME="frmEAllAnswer" TYPE="SCRIPT" TEMPLATE="hrm.performance.evalform.360question.viewallanswer?formno=#formno#&amp;empid=#empid#&amp;periodcode=#periodcode#&amp;varcocode=#varcocode#&amp;varcoid=#varcoid#"/>
		</FIELDSET>
		<SCRIPT FOR="FOOTER">
	
		</SCRIPT>		
		<BUTTONLIST>
			<!-- <BUTTON TYPE="Cancel"></BUTTON>
			<BUTTON LABEL="Submit" TYPE="submit"></BUTTON>
			<BUTTON Label="Save" ACTION="saveToLocal()"></BUTTON> -->
		</BUTTONLIST>
	</SFFORM>
</SFPAGE>





