<SFPAGE TITLE="Add KPI Cascade" ACCESS="hrm.performance.planform:delete">
	<SFFORM TITLE="Cascading Objectives" WIDTH="100%" HEIGHT="100%" NAME="frmcascade" ACTION="ObjectiveCascading.Add">
		<TOOLBAR>
			<BUTTON TYPE="Help"></BUTTON>
			<BUTTON TYPE="Close"></BUTTON>
		</TOOLBAR>

		<FIELDSET>
			<INPUT LABEL="-" TYPE="SCRIPT" TEMPLATE="hrm.performance.planform.addcascade&amp;periodcode=#periodcode#&amp;empid=#empid#&amp;formno=#formno#&amp;libcode=#libcode#"/>
			<INPUT LABEL="~" TYPE="HIDDEN" NAME="periodcode" PARAM="periodcode" DEFAULT="#url.periodcode#"/>
			<INPUT LABEL="~" TYPE="HIDDEN" NAME="formno" PARAM="formno" DEFAULT="#url.formno#"/>
			<INPUT LABEL="~" TYPE="HIDDEN" NAME="reqno" PARAM="reqno" DEFAULT="#url.reqno#"/>
			<INPUT LABEL="~" TYPE="HIDDEN" NAME="empid" PARAM="empid" DEFAULT="#url.empid#"/>
			<INPUT LABEL="~" TYPE="HIDDEN" NAME="libcode" PARAM="libcode" DEFAULT="#url.libcode#"/>
		</FIELDSET>
		<SCRIPT FOR="FOOTER">
		    function isNumberKey(evt){
                var charCode = (evt.which) ? evt.which : evt.keyCode;
                if (charCode != 46 &amp;&amp; charCode &gt; 31 &amp;&amp; (charCode &lt; 48 || charCode &gt; 57))
                    return false;
                    
                return true;
            }
          	function validateOther(){
	      	    var listemp = $('##inp_chkemp').val();
	      	  
	      	  	var valstatus = true;
	      	    $('input[name="inp_chkemp"]:checked').each(function() {
	      	    	var emp = this.value.split('chk_');
	      	        var target = $('##inp_target_'+emp[1]).val();
                    	if(target==''){
                    	    alert("Please Insert Target Employee");
                    	    valstatus = false;
                    	    return valstatus;
                    	}
                    
                });
		        return valstatus;
	    
	       }
        </SCRIPT>
        <BUTTONLIST>
			<BUTTON TYPE="Cancel"></BUTTON>
			<BUTTON TYPE="Submit"></BUTTON>
		</BUTTONLIST>
	
       
	</SFFORM>
</SFPAGE>










