<SFPAGE TITLE="Delete Performance Planning" ACCESS="hrm.performance.planform.deleteall:read">
	<SFFORM TITLE="Delete Performance Planning" DATASOURCE="" NAME="frmPerfPlanDelete" WIDTH="100%" HEIGHT="100%" ACTION="PerformancePlanning.DeletePlan">
		<TOOLBAR TYPE="GRID">
			<BUTTON TIP="Back" ICON="back.png" ACTION="?xfid=hrm.performance.planform.listing" LINKTYPE="LINK" ></BUTTON>
			<BUTTON TYPE="Reload"></BUTTON>
			<BUTTON TYPE="Help"></BUTTON>
		</TOOLBAR>
		<FIELDSET>
		    <!--<INPUT LABEL="Performance Period" TYPE="SELECT" LISTSOURCE="PerformancePeriod.refPeriod" NAME="period_code" PARAM="period_code" REQUIRED="YES" ERRMSG="Please select Performance Period" ONCHANGE="EditEmpList();"/>-->
		    <INPUT LABEL="Period Name" TYPE="SUGGEST" PARAM="periodcode" LISTSOURCE="PerformReport.filterPerfPeriodtech" ONBLUR="onPeriodChange()"/>
		    <INPUT LABEL="~" NAME="period_code" PARAM="period_code" TYPE="HIDDEN"/>
		    <INPUT LABEL="Performance Date" NAME="period_date" PARAM="period_date" TYPE="LABEL"/>
		    <INPUT LABEL="Employee" FILTERADDON="EMPNOLIST" TYPE="FILTEREMPLOYEE" REQUIRED="Yes" ERRMSG="Please Select Employee" LISTSOURCE="PerformancePlanning.FilterEmployeeFullyApprove"  INCLUSIVE="param" ROW="15" MAXROW="10000" NAME="emp_id" PARAM="emp_id" />
		
	    	<INPUT LABEL='~' DEFAULT="Display" TYPE="BUTTON" title="Add Score Type" ONCLICK="displayDelete();" />
	    	<INPUT LABEL="-" TYPE="SCRIPT" NAME="DISCONTAINER" TEMPLATE="hrm.performance.planform.deleteplan"/>
		</FIELDSET>
		<BUTTONLIST>
			<BUTTON LABEL="DELETE" ACTION="confirmDelete();"></BUTTON>
		</BUTTONLIST>
		<SCRIPT>
			function EditEmpList(){
        		document.getElementById('selinp_emp_id').options.length = null;
        		$('[id=hdnSelectedinp_emp_id]').val('');
        		searchFilter(null,'?ofid=PerformancePlanning.FilterEmployeeFullyApprove','inp_emp_id',10000);
			};
			function onPeriodChange(){
			   var period_code = $('[id=hdn_periodcode]').val();
			     $('[id=inp_period_code]').val(period_code);
			    	document.getElementById('selinp_emp_id').options.length = null;
        		$('[id=hdnSelectedinp_emp_id]').val('');
        		searchFilter(null,'?ofid=PerformancePlanning.FilterEmployeeFullyApprove','inp_emp_id',10000);
			}
			function confirmDelete(){
			    this.blur(); 
                return validateForm(document.frmPerfPlanDelete);
			};
			
			function displayDelete(){
			    var period_code = $('[id=inp_period_code]').val();
	
			    var empnolist = $('[id=hdnSelectedinp_emp_id]').val();
			    
			    if(period_code == ''){
			        alert("[SFTEXT:ERPlease select Performance Period]");
			        return false;
			    } 
			    
			    if(empnolist == ''){
			        alert("[SFTEXT:ERPlease select at least one employee]");
			        return false;
			    } 
			    
			    getAJAXContent("?sfid=hrm.performance.planform.deleteplan&amp;period_code="+period_code+"&amp;empnolist="+empnolist,"inp_DISCONTAINER",1,function (){});
			};
			
			function validateOther(){
			
			    var listDelete = $('[id=inp_lstdelete]:checked').map(function() {return this.value}).get().join(',');
			    if(listDelete == ''){
			        alert("[SFTEXT:ERPlease check at least one planning form]");
			        return false;
			    }
			
			    var confirmDelete = confirm("[SFTEXT:ERThis action will delete performance plan and performance evaluation. Are you sure want to delete this plannig form?]");

			    if(confirmDelete == false)
			        return false;

			    return true;
			}
		</SCRIPT>
	</SFFORM>
</SFPAGE>









