<SFPAGE TITLE="Performance Planning" ACCESS="hrm.performance.planform:read">
	<SFFORM TITLE="Edit" DATASOURCE="" ACTION="" NAME="frmDetailObjective" WIDTH="550" HEIGHT="400" SHOWWINDOW="YES">
		<TOOLBAR>
			<BUTTON TYPE="Help"></BUTTON>
			<BUTTON TYPE="Close"></BUTTON>
		</TOOLBAR>
		<FIELDSET LABEL="-">
			<INPUT LABEL="-" NAME="frmDetailObjective" TYPE="SCRIPT" TEMPLATE="hrm.performance.planform.detailobjective&amp;periodcode=#periodcode#&amp;libcode=#libcode#&amp;refdate=#refdate#&amp;compcode=#compcode#&amp;varcoid=#varcoid#&amp;varcocode=#varcocode#"/>
		</FIELDSET>
		<SCRIPT FOR="FOOTER">
		</SCRIPT>
	</SFFORM>
</SFPAGE>
