<SFPAGE TITLE="planform" ACCESS="hrm.performance.planform:read">
	<SFFORM TITLE="Edit" DATASOURCE="" GROUPFIELD="hierarchy" ACTION="SaveAll" NAME="frmPerfEval" WIDTH="100%" HEIGHT="100%" SHOWWINDOW="NO" PASSING ="empid">
		<TOOLBAR>
			<!--<BUTTON TYPE="Reload"></BUTTON>-->
			<BUTTON TYPE="Help"></BUTTON>
			<BUTTON TYPE="Close"></BUTTON>
		</TOOLBAR>
		<TABPAGE HEIGHT="500">
			<TABROW>
			    <TAB LABEL="Parent Org Unit Objective" PAGELINK="hrm.performance.planform.parentobjectiveorg&amp;reqno=#reqno#&amp;empid=#empid#&amp;periodcode=#periodcode#&amp;refdate=#refdate#&amp;formno=#formno#&amp;lpr=#lpr#"/><!--SHOWIF="(URL.flagdepthead EQ 1) AND (ListFindNoCase(URL.lstcomp,'ORGKPI') GTE 1)"-->
				<TAB LABEL="Org Unit Objective" PAGELINK="hrm.performance.planform.objectiveorg&amp;reqno=#reqno#&amp;empid=#empid#&amp;periodcode=#periodcode#&amp;refdate=#refdate#&amp;formno=#formno#&amp;lpr=#lpr#"/><!--SHOWIF="(URL.flagdepthead EQ 1) AND (ListFindNoCase(URL.lstcomp,'ORGKPI') GTE 1)"-->
				<TAB LABEL="Personal Objective" PAGELINK="hrm.performance.planform.objective&amp;reqno=#reqno#&amp;empid=#empid#&amp;periodcode=#periodcode#&amp;refdate=#refdate#&amp;formno=#formno#&amp;lpr=#lpr#"/><!--SHOWIF="ListFindNoCase(URL.lstcomp,'PERSKPI') GTE 1"-->
				<!--
				<TAB LABEL="Dummy" PAGELINK="hrm.performance.evaluation.tasks&amp;empid=#empid#"/>
				<TAB LABEL="Feedback" PAGELINK="hrm.performance.evaluation.feedbacks&amp;empid=#empid#"/>
				-->
			</TABROW>
		</TABPAGE>
		<SCRIPT FOR="FOOTER">
			function tabToDisplay(){
				
				for(i=1;i[lt]=3;i++){
					document.getElementById('vistab_'+i).style.display = 'none';
				}

				//tidak seperti ini yang dimenangkan tetap komponen apa yang dipakai
				/* 
				document.getElementById('vistab_2').style.display = '';
				if('#URL.flagdepthead#'=='1'){
					document.getElementById('vistab_1').style.display = '';
					showTab(2);
					showTab('tab_1');
				}
				else{
					showTab(2);
				}
				*/

				var arrETLstCompCode = '#URL.lstcomp#'.split(",");
				var arrTabCode = ['ORGKPI','PERSKPI','PARORGKPI'];
				for(i=0;i[lt]arrETLstCompCode.length;i++){
					var tempIsThere = parseInt($.inArray(arrETLstCompCode[i].toUpperCase(),arrTabCode));
					if(tempIsThere[gt]=0){
						++tempIsThere;
						document.getElementById('vistab_'+tempIsThere).style.display = '';
						
						if(tempIsThere == 2 [and] '#URL.flagdepthead#'=='1'){
        				    showTab(tempIsThere);
        				}
					}
				}
				
				if(tempIsThere != 1){
				    showTab(tempIsThere);
				}
			    if(('#URL.flagdepthead#'!='1')[and]($.inArray('orgKPI',arrETLstCompCode) [gt]= 0)){
					$('##vistab_1').hide();
					$('##vistab_2').hide();
			    }
			   
			}
			tabToDisplay();

			function getLookUpReturn(objdata,lookval,targetval){
				var val = lookval;
				var returnval = lookval;
				
				if(objdata.method == 'DIVIDE'){
					val = parseFloat(lookval)/parseFloat(targetval);
				}
				else if(objdata.method == 'MINUS'){
					val = parseFloat(lookval)-parseFloat(targetval);
				}
		
				if(objdata.symbol == 'EQ'){
					returnval = objdata.data[val];
				}
				else if(objdata.symbol == 'LTE'){
					for (key in objdata.data) {
						if (val [lt]= key){
							returnval = objdata.data[key];
							return;
						}
					}
				}
				else if(objdata.symbol == 'LT'){
					for (key in objdata.data) {
						if (val [lt] key){
							returnval = objdata.data[key];
							return;
						}
					}
				}
				else if(objdata.symbol == 'GT'){
					for (key in objdata.data) {
						if (val [gt] key){
							returnval = objdata.data[key];
							return;
						}
					}
				}
				else if(objdata.symbol == 'GTE'){
					for (key in objdata.data) {
						if (val [gt]= key){
							returnval = objdata.data[key];
							return;
						}
					}
				}
		
				return returnval;
			}		
		</SCRIPT>
	</SFFORM>
</SFPAGE>
