<SFPAGE TITLE="planform" ACCESS="hrm.performance.planform:read">
	<SFFORM TITLE="Edit" DATASOURCE="" GROUPFIELD="hierarchy" ACTION="SaveAll" NAME="frmPerfEval" WIDTH="100%" HEIGHT="100%" SHOWWINDOW="NO" PASSING ="empid">
		<TOOLBAR>
			<!--<BUTTON TYPE="Reload"></BUTTON>-->
			<BUTTON TYPE="Help"></BUTTON>
			<BUTTON TYPE="Close"></BUTTON>
		</TOOLBAR>
		<TABPAGE HEIGHT="450">
			<TABROW>
			    <TAB LABEL="Parent Org Unit Objective" PAGELINK="hrm.performance.planform.parentobjectiveorg&amp;reqno=#reqno#&amp;empid=#empid#&amp;periodcode=#periodcode#&amp;refdate=#refdate#&amp;formno=#formno#&amp;lpr=#lpr#&amp;varcoid=#varcoid#&amp;varcocode=#varcocode#&amp;flagcopy=#flagcopy#"/><!--SHOWIF="(URL.flagdepthead EQ 1) AND (ListFindNoCase(URL.lstcomp,'ORGKPI') GTE 1)"-->
				<TAB LABEL="Org Unit Objective" PAGELINK="hrm.performance.planform.objectiveorg&amp;reqno=#reqno#&amp;empid=#empid#&amp;periodcode=#periodcode#&amp;refdate=#refdate#&amp;formno=#formno#&amp;lpr=#lpr#&amp;varcoid=#varcoid#&amp;varcocode=#varcocode#&amp;flagcopy=#flagcopy#"/><!--SHOWIF="(URL.flagdepthead EQ 1) AND (ListFindNoCase(URL.lstcomp,'ORGKPI') GTE 1)"-->
				<TAB LABEL="Personal Objective" PAGELINK="hrm.performance.planform.objective&amp;reqno=#reqno#&amp;empid=#empid#&amp;periodcode=#periodcode#&amp;refdate=#refdate#&amp;formno=#formno#&amp;lpr=#lpr#&amp;varcoid=#varcoid#&amp;varcocode=#varcocode#&amp;flagcopy=#flagcopy#"/><!--SHOWIF="ListFindNoCase(URL.lstcomp,'PERSKPI') GTE 1"-->
				<!--
				<TAB LABEL="Dummy" PAGELINK="hrm.performance.evaluation.tasks&amp;empid=#empid#"/>
				<TAB LABEL="Feedback" PAGELINK="hrm.performance.evaluation.feedbacks&amp;empid=#empid#"/>
				-->
			</TABROW>
		</TABPAGE>
		<SCRIPT FOR="FOOTER">
			
			try {
				document.getElementById('pop_title').style.display = 'none';
				document.getElementById('form_toolbar').style.display = 'none';
				document.getElementById('pop_data').style = 'height:100%;border:none;';
			}
			catch(err) {

			}
			function tabToDisplay(){				
				for(i=1;i[lt]=3;i++){
					document.getElementById('vistab_'+i).style.display = 'none';
				}

				var arrETLstCompCode = '#URL.lstcomp#'.split(",");
				var arrTabCode = ['PARORGKPI','ORGKPI','PERSKPI'];
				
				var tempcounter=0
				for(i=0;i[lt]arrETLstCompCode.length;i++){
					var tempIsThere = parseInt($.inArray(arrETLstCompCode[i].toUpperCase(),arrTabCode));
					if(tempIsThere[gt]=0){
						var isthere =tempIsThere+1; tempcounter = tempcounter+1;
						document.getElementById('vistab_'+isthere).style.display = '';
						if(tempcounter == 1 [and] '#URL.flagdepthead#'!='1') showTab(isthere);
						if(tempIsThere != 3 [and] '#URL.flagdepthead#'=='1'){
        				    document.getElementById('vistab_'+isthere).style.display = '';
        				}
        				
        				if(isthere != 1 [and] '#URL.flagdepthead#'=='1'){
        				    showTab(isthere);
        				}
					}
				}
				

			   if(('#URL.flagdepthead#'!='1')[and]($.inArray('orgKPI',arrETLstCompCode) [gt]= 0)){
					$('##vistab_1').hide();
				//	$('##vistab_2').hide();
					showTab(3);
			    }
			}
			
			tabToDisplay();

			function getLookUpReturn(objdata,lookval,targetval){
				var val = lookval;
				var returnval = lookval;
				
				if(objdata.method == 'DIVIDE'){
					val = parseFloat(lookval)/parseFloat(targetval);
				}
				else if(objdata.method == 'MINUS'){
					val = parseFloat(lookval)-parseFloat(targetval);
				}
		
				if(objdata.symbol == 'EQ'){
					returnval = objdata.data[val];
				}
				else if(objdata.symbol == 'LTE'){
					for (key in objdata.data) {
						if (val [lt]= key){
							returnval = objdata.data[key];
							return;
						}
					}
				}
				else if(objdata.symbol == 'LT'){
					for (key in objdata.data) {
						if (val [lt] key){
							returnval = objdata.data[key];
							return;
						}
					}
				}
				else if(objdata.symbol == 'GT'){
					for (key in objdata.data) {
						if (val [gt] key){
							returnval = objdata.data[key];
							return;
						}
					}
				}
				else if(objdata.symbol == 'GTE'){
					for (key in objdata.data) {
						if (val [gt]= key){
							returnval = objdata.data[key];
							return;
						}
					}
				}
		
				return returnval;
			}
			
			$("##tab_1").css("width", "180px"); 
			
		</SCRIPT>
	</SFFORM>
</SFPAGE>


