<SFPAGE TITLE="planform" ACCESS="hrm.performance.planform:read">
	<SFGRID DATASOURCE="PerformancePlanning" TITLE="Performance Planning Form">
		<TOOLBAR>
		    <!--
			<BUTTON TIP="Delete Performance Planning" ICON="remove.png" ACTION="?xfid=hrm.performance.planform.deleteplan" LINKTYPE="LINK" CONDITION="request.scookie.user.utype EQ 9"></BUTTON>
			-->
			<BUTTON TIP="Replace Performance Planning" ICON="duplicate.png" ACTION="?xfid=hrm.performance.planform.replaceplan" LINKTYPE="LINK" CONDITION="StructKeyExists(session.secacces.func,'833') AND session.secacces.func.833 EQ 'D' AND REQUEST.SHOWCOLUMNGENERATEPERIOD EQ TRUE"></BUTTON> <!--hrm.performance.planform.deleteall-->
			<BUTTON TIP="Delete Performance Planning" ICON="remove.png" ACTION="?xfid=hrm.performance.planform.deleteplan" LINKTYPE="LINK" CONDITION="StructKeyExists(session.secacces.func,'753') AND session.secacces.func.753 EQ 'D'"></BUTTON> <!--hrm.performance.planform.deleteall-->
			<BUTTON TIP="Performance Planning Upload" ICON="upload.png" ACTION="?xfid=hrm.performance.planform.planupload" LINKTYPE="LINK" CONDITION="StructKeyExists(session.secacces.func,'765') AND session.secacces.func.765 EQ 'D' and request.scookie.user.utype NEQ 9"></BUTTON>
			<BUTTON TYPE="Print"></BUTTON>
			<BUTTON TYPE="PDF"></BUTTON>
			<BUTTON TYPE="Excel"></BUTTON>
			<BUTTON TYPE="Openoffice"></BUTTON>
			<BUTTON TYPE="Reload"></BUTTON>
			<BUTTON TYPE="Help"></BUTTON>
		</TOOLBAR>
        <FILTER TEXT="Filter Planning by Date" SUBMITLABEL="Go" WIDTH="380" ICON="toolicon-filter.png">
            <INPUT LABEL="Planning Form Date" TYPE="DATE" NAME="startdt" GROUP="tanggal"/>
            <INPUT LABEL="To" NAME="enddt" TYPE="DATE" GROUP="tanggal~"/>
        </FILTER>
		<COLUMN TITLE="Performance Form" FIELD="formname"></COLUMN>
		<COLUMN TITLE="Performance Date" FIELD="formdate" FORMAT="sdate"></COLUMN>
		<COLUMN TITLE="Employee No" FIELD="emp_no"></COLUMN>
		<!--
		<COLUMN TITLE="Employee Name" FIELD="emp_name" LINK="hrm.performance.planform.main?empid=[emp_id]&amp;reqno=[reqno]&amp;formno=[formno]&amp;periodcode=[periodcode]&amp;refdate=[refdate]" LINKTYPE="INNERPOP"></COLUMN>-->
		<COLUMN TITLE="Employee Name" FIELD="emp_name" LINK="javascript:WhatXML('[emp_id];[periodcode];[refdate];[formno];[reqno];[ReqAppOrder];[company_id];[company_code]');" LINKTYPE="JS" ></COLUMN>
		<COLUMN TITLE="Employment Status" FIELD="employmentstatus"></COLUMN>
		<COLUMN TITLE="Position" FIELD="emp_pos"></COLUMN>
		<COLUMN TITLE="Request Status" FIELD="status" LINK="javascript:PMStatusLink('[emp_id];[periodcode];[refdate];[formno];[reqno];[ReqAppOrder];[company_id];[company_code]');" LINKTYPE="JS"></COLUMN>
		<COLUMN TITLE="Previous Step Reviewer" FIELD="lastreviewer"></COLUMN>
		<!--COLUMN TITLE="Start Date" FIELD="plan_startdate" FORMAT="sdate"></COLUMN>
		<COLUMN TITLE="End Date" FIELD="plan_enddate" FORMAT="sdate"></COLUMN-->
		<!-- LOOKUP="0=Draft|1=Unverified|2=Partially Approved|3=Final Conclusion|4=Revised|5=Rejected|8=Cancelled|9=Closed|NULL=Not Requested" LINK="?ofid=RequestInbox.ListRequestByType&amp;reqtype=PERFORMANCE&amp;rno=[reqno]&amp;fButton=true" LINKTYPE="POP" -->
		<!-- <COLUMN TITLE="Last Reviewer" FIELD="lastreviewer" LOOKUP="3=Gordon Enns"></COLUMN> -->
		<!--<COLUMN TITLE="My Outstanding" FIELD="outs" LOOKUP="YES=Yes|NO=No" LOOKUPICON="YES=tick.png|NO=inactive.png"></COLUMN>-->
		<SCRIPT FOR="FOOTER">
		
			function WhatXML(str){
				var arrSTRPF = str.split(';')
				if(arrSTRPF[arrSTRPF.length-4].length==0){
					innerPop('?xfid=hrm.performance.planform.main&amp;empid='+arrSTRPF[0]+'&amp;periodcode='+arrSTRPF[1]+'&amp;refdate='+arrSTRPF[2]+'&amp;formno=&amp;reqno=&amp;reqorder='+arrSTRPF[5]+'&amp;varcoid='+arrSTRPF[6]+'&amp;varcocode='+arrSTRPF[7],reposBlock);
					//console.log("main");
				}
				else //kalo udah ada request
				{
					innerPop('?xfid=hrm.performance.planform.mainload&amp;empid='+arrSTRPF[0]+'&amp;periodcode='+arrSTRPF[1]+'&amp;refdate='+arrSTRPF[2]+'&amp;formno='+arrSTRPF[3]+'&amp;reqno='+arrSTRPF[4]+'&amp;reqorder='+arrSTRPF[5]+'&amp;varcoid='+arrSTRPF[6]+'&amp;varcocode='+arrSTRPF[7],reposBlock);
					//console.log("mainload");
				}
			}
			
			function PMStatusLink(str){
				var arrSTRPF = str.split(';')
				if(arrSTRPF[arrSTRPF.length-4].length==0){
					innerPop('?xfid=hrm.performance.planform.main&amp;empid='+arrSTRPF[0]+'&amp;periodcode='+arrSTRPF[1]+'&amp;refdate='+arrSTRPF[2]+'&amp;formno=&amp;reqno=&amp;reqorder='+arrSTRPF[5]+'&amp;varcoid='+arrSTRPF[6]+'&amp;varcocode='+arrSTRPF[7],reposBlock);
				}
				else //kalo udah ada request
				{
					popWindow('?ofid=RequestInbox.ListRequestByType&amp;reqtype=PERFORMANCE.PLAN&amp;rno='+arrSTRPF[4]+'&amp;varcoid='+arrSTRPF[6]+'&amp;varcocode='+arrSTRPF[7]+'&amp;fButton=true','popWin',500,400,null);
				}
			}
			
			function formatDate(abv) {
              var tgl = abv.substr(0, 2);
              var bln = abv.substr(3, 2);
              var thn = abv.substr(6, 4);
              return  thn+'/'+bln+'/'+tgl;
            }
			function formatDateMm(abv){
				var bln = abv.substr(0, 2);
				var tgl = abv.substr(3, 2);
				var thn = abv.substr(6, 4);
				return  thn+'/'+bln+'/'+tgl;
			}
            
			function filterSubmit(k) {
			  
			  if ('#REQUEST.CONFIG.DATE_INPUT_FORMAT#' == 'dd/mm/yyyy'){
			    var stdate = formatDate($('##cal_startdt').val());
                var endate = formatDate($('##cal_enddt').val());
			  }else if('#REQUEST.CONFIG.DATE_INPUT_FORMAT#' == 'mm/dd/yyyy'){
			    var stdate = formatDateMm($('##cal_startdt').val());
                var endate = formatDateMm($('##cal_enddt').val());
			  }
			 
			  
              var stdate = Date.parse(stdate);
              var endate = Date.parse(endate);
              
              
              if ($('##cal_startdt').val() == ''){
                alert("Please Input Start Date");
                return false;
              }
              if ($('##cal_enddt').val() == ''){
                alert("Please Input End Date");
                return false;
              }
              
              if(isNaN(stdate) || isNaN(endate)){
                alert("Invalid Date");
                return false;
              }
              
              if(endate &lt; stdate){
                alert("End Date must be greater than Start Date");
                return false;
              }
              hasfilter = false;
              var e = 0;
              for (var d = 0; d &lt; arrSearch.length; d++) {
                if (arrSearch[d][3] == 'filter') {
                  hasfilter = true;
                  break;
                }
              }
              if (!hasfilter) {
                var d = arrSearch.length;
              }
              var l = form2query(k, 'input_', true);
              var b = null;
              var g = null;
              for (var c = 0; c &lt; l[0].length; c++) {
                var a = l[1][c].split('=') [0];
                var f = $sf(a);
                if (!f) {
                  continue;
                }
                if (a.substr(0, 4) == 'cal_') {
                  b = l[0][c];
                } else {
                  if (a.substr(0, 4) == 'inp_') {
                    g = (b ? b : l[0][c]);
                    if (!hasfilter) {
                      arrSearch[d] = new Array();
                      arrSearch[d][0] = a;
                      arrSearch[d][2] = '';
                      arrSearch[d][3] = 'filter';
                      var h = f.parentNode.parentNode.childNodes[0].childNodes[0].innerHTML;
                      arrSearch[d][5] = h;
                    }
                    arrSearch[d][1] = l[1][c].split('=') [1];
                    arrSearch[d][6] = g;
                    if (arrSearch[d][1] != '') {
                      arrSearch[d][4] = 1;
                      selm = f;
                      e = d;
                    } else {
                      arrSearch[d][4] = 0;
                    }
                    b = null;
                    d++;
                  }
                }
              }
              arrFilter = arrSearch.slice();
              if (selm) {
                checkSubmit(null, selm, e + 1, false);
              }
            }
		</SCRIPT>
	</SFGRID>
</SFPAGE>
















