<SFPAGE TITLE="planform" ACCESS="hrm.performance.planform:read">
	<SFFORM TITLE="Edit" DATASOURCE="PerformancePlanning" GROUPFIELD="hierarchy" ACTION="PerformancePlanning.SendToNext" NAME="frmPerfPlan" WIDTH="1000" HEIGHT="800">
		<TOOLBAR>
			<BUTTON TYPE="Reload"></BUTTON>
			<BUTTON TYPE="Help"></BUTTON>
			<BUTTON TYPE="Close"></BUTTON>
		</TOOLBAR>
		
		<SCRIPT>
			loadScript('#application.path.lib#/scripts/pm/jquery.flot.min.js');
		</SCRIPT>
		<FIELDSET LABEL="-">
			<INPUT LABEL="~" NAME="requestfor" PARAM="empid" TYPE="HIDDEN" DEFAULT="{empid}"/>
			<INPUT LABEL="-" NAME="a" TYPE="SCRIPT" TEMPLATE="hrm.performance.planform.mainform?empid={empid}&amp;reqno=#reqno#&amp;formno=#formno#&amp;periodcode=#periodcode#&amp;refdate=#refdate#&amp;plandatevalid=#qForm.plandatevalid#&amp;reqorder=#reqorder#&amp;varcoid=#varcoid#&amp;varcocode=#varcocode#"/>
		</FIELDSET>
		<SCRIPT FOR="FOOTER">
            function isNumberKey(evt){
                var charCode = (evt.which) ? evt.which : evt.keyCode;
                if (charCode != 46 &amp;&amp; charCode &gt; 31 &amp;&amp; (charCode &lt; 48 || charCode &gt; 57)){
                   return false;
                 
                }
                    
                return true;
            }
			function validateOther(){
			
				//validasi load tab page
				try { 
	    		    // if(Object.keys(lstLoadedTab).length !== Object.keys(lstDefinedTab).length){
	    		    var IdlstLoadedTabvar = document.getElementById('IdlstLoadedTab').value;
	    		    var IdlstDefinedTabvar = document.getElementById('IdlstDefinedTab').value;
	    		    
	    		    if( Number(IdlstLoadedTabvar) &lt; Number(IdlstDefinedTabvar) ){
        		        alert("[SFTEXT:ERPlease wait until all tab is loaded]");
        		        return false;
        		    }
				} 
				catch(err) { 
    		        alert("[SFTEXT:ERPlease wait until all tab is loaded]");
				    return false;
				}
			
				var objOrgValues = {};
				$.each($('[name=iframe1]').contents().find('[name=framecontent_2]').contents().find('form##SaveObjectiveOrg').serializeArray(), function(i, field){
				  //$("##objectiveorgArray").append(field.name + ":" + field.value + ",");
 				  objOrgValues[field.name] = field.value;
				});
				$("##objectiveorgArray").val("");
				$("##objectiveorgArray").val(JSON.stringify(objOrgValues));

				var objPersValues = {};
				$.each($('[name=iframe1]').contents().find('[name=framecontent_3]').contents().find('form##SaveObjective').serializeArray(), function(i, field){
				  //$("##objectiveArray").append(field.name + ":" + field.value + ",");
 				  objPersValues[field.name] = field.value;
				});
				
				
				/* validasi add new lib perskpi */
				var needValidate = false;
				var isThereEmptyName = false;
				var isThereSpecialCharacter = false;
                $.each(objPersValues, function( index, value ) {
                   	var isvalid = true;
             		if(index.indexOf("perschk_kpi_") &gt;= 0){
                        needValidate = true;
                       
						$.each(objPersValues, function( subindex, subvalue ) {
						    if(subindex.indexOf("perstxtkpi_"+ index.replace('perschk_kpi_','') ) &gt;= 0){
                                if(trim(subvalue) === ''){
									isvalid = false;
									return false;
								}
							}
						});
                        // end cekf
 					    if(isvalid === false){
 					        isThereEmptyName = true;
							return false;
 					    }
                    }
					
                });


				// Get Visible Form input to validate, case hanya pilih antara Add New KPI from Lib atau Add New User Def KPI
				var objPersValToValidate = {};
				$.each($('[name=iframe1]').contents().find('[name=framecontent_3]').contents().find('form##SaveObjective').find('input:visible').serializeArray(), function(i, field){
 				  objPersValToValidate[field.name] = field.value;
				}); // Pers Select (suggestion) 
				$.each($('[name=iframe1]').contents().find('[name=framecontent_3]').contents().find('form##SaveObjective').find('textarea:visible').serializeArray(), function(i, field){
 				  objPersValToValidate[field.name] = field.value;
				}); // Pers Text (textarea) 
                $.each(objPersValToValidate, function( index, value ) { 
					if(index.indexOf("inp_cst_persselkpi_") &gt;= 0){
					    var rownumIdx = index.replace('inp_cst_persselkpi_','');
						 needValidate = true;
                         isvalid = false;
						if(trim(value) !== '' &amp;&amp; trim(objPersValues['persselkpi_'+rownumIdx]) !== '' ){
							isvalid = true;
						}
						if(isvalid == false){
 					        isThereEmptyName = true;
 					    }
                    }	
					if(index.indexOf("perstxtkpi_") &gt;= 0){
						
					    if(/^[a-zA-Z0-9- .,\[\]&lt;&gt;=+-/(/)*&amp;%$!?/:\t\n\r']*$/.test(value) == false ){
						    isThereSpecialCharacter = true;
							//console.log("test : ",value);
							return false;
							
						}
						
                    }
					
					if(index.indexOf("pers_target_") &gt;= 0){
					    if(/^[a-zA-Z0-9- .,\[\]&lt;&gt;=+-/(/)*&amp;%$!?/:\t\n\r']*$/.test(value) == false ){
						    isThereSpecialCharacter = true;
							//console.log("test kedua : ",value);
							return false;
							
						}
						
                    }
                });


                if(!isThereEmptyName){ }
				else {
					alert("[SFTEXT:ERObjective cannot be empty]");
                    return false;
				}
               if(!isThereSpecialCharacter){ }
			   else {
				 alert("[SFTEXT:ERObjective cannot contain special character]");
                return false;
			   }  


				/* END validasi add new lib perskpi */
				$("##objectiveArray").val("");
				$("##objectiveArray").val(JSON.stringify(objPersValues));
					/*start :  ENC51216-80748 */
				if(typeof objPersValues.persscore !== 'undefined' &amp;&amp;  (parseInt(objPersValues.canAddLib) == 1 ||  parseInt(objPersValues.canEditWeight) == 1)){
						 if(parseFloat(objPersValues.persscore) !== parseFloat(objPersValues.hdntot_persKPI) &amp;&amp; objPersValues.validatetot_persKPI == 'Y'){
								 alert("Total Weight  on Personal Objective must be "+objPersValues.hdntot_persKPI);
								  return false;
						}
				}
				if(typeof objOrgValues.orgscore !== 'undefined' &amp;&amp;  (parseInt(objOrgValues.canAddLib_orgKPI) == 1 ||  parseInt(objOrgValues.canEditWeight_orgKPI) == 1)){
						 if(parseFloat(objOrgValues.orgscore) !== parseFloat(objOrgValues.hdntot_orgKPI) &amp;&amp; objOrgValues.validatetot_orgKPI == 'Y'){
								 alert("Total Weight  on Org Unit Objective must be "+objOrgValues.hdntot_orgKPI);
								  return false;
						}
				}
					/*end :  ENC51216-80748 */
				if((typeof objOrgValues.hdn_totalrow !== 'undefined' &amp;&amp; objOrgValues.hdn_totalrow == 0) &amp;&amp; (typeof objPersValues.hdn_totalrowpers !== 'undefined' &amp;&amp; objPersValues.hdn_totalrowpers == 0)){
				    alert("You Need to Defined At Least One Org Unit Objective And One Personal Objective");
				    return false;
				}
				else if(typeof objOrgValues.hdn_totalrow !== 'undefined' &amp;&amp; objOrgValues.hdn_totalrow == 0 &amp;&amp; objOrgValues.hdn_flagdepthead ==1){
				    alert("You Need to Defined At Least One Org Unit Objective");
				    return false;
				}
				else if(typeof objPersValues.hdn_totalrowpers !== 'undefined' &amp;&amp; objPersValues.hdn_totalrowpers == 0){
				    alert("You Need to Defined At Least One Personal Objective");
				    return false;
				}
				else{
				
				    if(typeof objOrgValues.hdn_sudahterisi !== 'undefined' &amp;&amp; objOrgValues.hdn_sudahterisi == 1){
				            if(typeof objPersValues.persscore !== 'undefined' &amp;&amp; objPersValues.persscore == 0){
            				    if(confirm('Total Personal Objective Weight = 0. Do You Still Want To Continue ?')){
                    		        return true;
            				    }
            				    else{
            				        return false;
            				    }
        				    }
        				    else{
				                return true;
				            }
				        }
				    else{
    				    if((typeof objOrgValues.orgscore !== 'undefined' &amp;&amp; objOrgValues.orgscore == 0) &amp;&amp; (typeof objPersValues.persscore !== 'undefined' &amp;&amp; objPersValues.persscore == 0)){
        				    if(confirm('Total Org Unit Objective Weight And Personal Objective Weight = 0. Do You Still Want To Continue ?')){
        				        return true;
        				    }
        				    else{
        				        return false;
        				    }
        				}
        				else if(typeof objOrgValues.orgscore !== 'undefined' &amp;&amp; objOrgValues.orgscore == 0 &amp;&amp; objOrgValues.hdn_flagdepthead ==1){
        				    if(confirm('Total Org Unit Objective Weight = 0. Do You Still Want To Continue ?')){
        				        return true;
        				    }
        				    else{
        				        return false;
        				    }
        				}
        				else if(typeof objPersValues.persscore !== 'undefined' &amp;&amp; objPersValues.persscore == 0){
        				    if(confirm('Total Personal Objective Weight = 0. Do You Still Want To Continue ?')){
        				        return true;
        				    }
        				    else{
        				        return false;
        				    }
        				}
        				else{
        				   return true;
						
						 
        				}
				    }

				}
				

			}
			
			function senddraft(){
				strLinkOld=sLink;
				sLink=sLink+'&amp;sendtype=draft&amp;action=draft';
				validateForm(document.frmPerfPlan);
				sLink=strLinkOld;
				
			}
			function sendfromdraft(){
				strLinkOld=sLink;
				sLink='?ofid=PerformancePlanning.Save'+'&amp;action=sendtoapprover&amp;sendtype=sendfromdraft';
				validateForm(document.frmPerfPlan);
				sLink=strLinkOld;
			}
			function sendDirectFinal(){
				strLinkOld=sLink;
				sLink='?ofid=PerformancePlanning.Save'+'&amp;action=sendtoapprover&amp;sendtype=directfinal';
				validateForm(document.frmPerfPlan);
				sLink=strLinkOld;
			}
			function FinalConclusion(){
				strLinkOld=sLink;
				sLink=sLink+'&amp;sendtype=final';
				validateForm(document.frmPerfPlan);
				sLink=strLinkOld;
			}
			function ReviseFormPerf(){
				if(! $('##remarkNotesForPMForf').length){
					$('##btn_a_2').after(`[lt]div id="remarkNotesForPMForf" style="position: absolute; right: 20px; bottom: 50px; border: solid .15em; padding: 10px; background-color: beige;"[gt][SFTEXT:FDNotes] [lt]font color="red"[gt]*[lt]/font[gt] : 
					[lt]a class="minus" style="position:relative;left:1px;top:2px;float: right;" onclick="closeRevisePopUp();"[gt][lt]img src="#Application.PATH.LIB#/images/icons/delete.png" alt="[-]" class="button"[gt][lt]/a[gt]
					[lt]br /[gt][lt]br /[gt][lt]textarea name="revisingNotes" cols="30" rows="3" maxlength="255"[gt][lt]/textarea[gt][lt]/div[gt]`);
					$('[textarea[name="revisingNotes"]').focus();
				}
				else if($('textarea[name="revisingNotes"]').val().length [lt] 1){
					$('[textarea[name="revisingNotes"]').focus();
					alert("[SFTEXT:ERPlease write your notes to revise]");
				}
				else{
    		        var formno = document.getElementById("formno").value;
                    var reqno = document.getElementById("request_no").value;
                    var varcocode = document.getElementById("varcocode").value;
                   
                    var posting = $.post('?ofid=PerformancePlanning.GetEmpDraftRevised',{reqno:reqno,formno:formno,varcocode:varcocode}, function(data)
                    {
                		var temp = false;
                	
                		var jsonvar = data;
                		
                		var substrtill = parseInt(jsonvar.search("}"))+1;
                		//console.log(substrtill);
                		jsonvar = jsonvar.substring(0,substrtill);
                		jsonvar = JSON.parse(jsonvar);
                		
                	//	console.log("test",jsonvar);
                		
                		if(jsonvar.discExist){
                			input_box = confirm("[SFTEXT:ERYour Save Draft Will be deleted if this form is send back for revising. Do you sure want to continue?]");
                			if(input_box){
                				strLinkOld=sLink;
    					        sLink='?ofid=PerformancePlanning.Revise';
    					        validateForm(document.frmPerfPlan);
    					        sLink=strLinkOld;
    					        
                				temp=true;
                			}
                			else{
                			    maskButton(false);  
                			    temp=true;
                			}
                			temp=true;
                		}
                		if(temp==false)
                		{
                			strLinkOld=sLink;
    					    sLink='?ofid=PerformancePlanning.Revise';
    					    validateForm(document.frmPerfPlan);
    					    sLink=strLinkOld;
                		}
                	},"html");
                }
			}
			
		    function closeRevisePopUp(){
		        if($('textarea[name="revisingNotes"]').val().length [gt]= 1){
                    if(confirm('[SFTEXT:JSDelete revise notes?]')){
                        $('[id=remarkNotesForPMForf]').remove();
        		        return true;
				    }
				    else{
				        return false;
				    }
		        }
			    $('[id=remarkNotesForPMForf]').remove();
			}
			
			function deletePMForm(){
				strLinkOld=sLink;
				sLink='?ofid=PerformancePlanning.DeleteReqForm';
				validateForm(document.frmPerfPlan);
				sLink=strLinkOld;
			}
			
			function unfinalForm(){
				strLinkOld=sLink;
				sLink='?ofid=PerformancePlanning.UnfinalPerfEvalForm';
				validateForm(document.frmPerfPlan);
				sLink=strLinkOld;
			}

			function setInit(){
					$('a[id^="btn_a_"]').css("display","none");
					$('a[id="btn_a_0"]').css("display","");
			}
			setInit();
			function senddraftrevision(){
				strLinkOld=sLink;
				sLink='?ofid=PerformancePlanning.Add'+'&amp;action=draft&amp;sendtype=draft&amp;flagrevs=1';
				validateForm(document.frmPerfPlan);
				sLink=strLinkOld;
			}
			
			function sendapprevision(){
				strLinkOld=sLink;
				sLink='?ofid=PerformancePlanning.Add'+'&amp;action=sendtoapprover&amp;flagrevs=1';
				validateForm(document.frmPerfPlan);
				sLink=strLinkOld;
			}

			function sendafterrevise(){
				strLinkOld=sLink;
				sLink='?ofid=PerformancePlanning.SendToNext'+'&amp;action=sendtoapprover&amp;sendtype=sendfromrevise';
				validateForm(document.frmPerfPlan);
				sLink=strLinkOld;
			}
			
			function RejectFormPerf(){
				strLinkOld=sLink;
					sLink='?ofid=PerformancePlanning.Reject';
					validateForm(document.frmPerfPlan);
					sLink=strLinkOld;
			}
			
			function maskButton(flag) {
			
              if (flag == null) {
                flag = true
              }
              var vloader = $sf('divButton');
              if (vloader &amp;&amp; vloader.childNodes &amp;&amp; vloader.childNodes.length &amp;&amp; vloader.childNodes[0].className &amp;&amp; vloader.childNodes[0].className == 'loading') {
                if (vloader.childNodes[0] != null) {
                  if (vloader.childNodes[0].style.display == 'none' &amp;&amp; flag) {
                    with (vloader.childNodes[0].style) {
                      display = '';
                      width = parseInt(vloader.offsetWidth) + 'px';
                      height = parseInt(vloader.offsetHeight) + 'px'
                    }
                  } else {
                    if (!flag) {
                        vloader.childNodes[0].style.display = 'none'
                          
                        var canwidth = document.getElementById('btn_a_0').offsetWidth;
                        var divheight = document.getElementById('btn_a_0').offsetHeight;
                        var canwidth = parseInt(canwidth + (5% canwidth));
                        var divwidth = parseInt(document.getElementById('divButton').offsetWidth - canwidth);
                        var iDiv = document.createElement('div');
                        iDiv.id = 'buttonBlock';
                        $('##divButton').append(iDiv);
                        $('##buttonBlock').attr('style','margin: 0px 0px 0px '+canwidth+'px; width:'+divwidth+'px; position: absolute; background-color: white; opacity: 0.7; height:'+divheight+'px');
                    }
                  }
                }
              }
              if (!flag) {
                try {
                  parent.$sf('load_divButton').style.display = 'none'
                } catch (err) {
                }
                try {
                  $sf('frmSFBody').contentDocument.getElementById('load_divButton').style.display = 'none'
                } catch (err) {
                }
                try {
                  $sf('frmSFBody').contentDocument.getElementById('framecontent_1').contentDocument.getElementById('load_divButton').style.display = 'none';
                  $sf('frmSFBody').contentDocument.getElementById('framecontent_2').contentDocument.getElementById('load_divButton').style.display = 'none';
                  $sf('frmSFBody').contentDocument.getElementById('framecontent_3').contentDocument.getElementById('load_divButton').style.display = 'none';
                  $sf('frmSFBody').contentDocument.getElementById('framecontent_4').contentDocument.getElementById('load_divButton').style.display = 'none';
                  $sf('frmSFBody').contentDocument.getElementById('framecontent_5').contentDocument.getElementById('load_divButton').style.display = 'none';
                  $sf('frmSFBody').contentDocument.getElementById('framecontent_6').contentDocument.getElementById('load_divButton').style.display = 'none'
                } catch (err) {
                }
              }
            }
			
			
			function initShowBtnAfterLoading(shwBtn){
			
				yPMShowHideBTnCalled = true;
				var arrBtnListToShow = shwBtn.split(",");
				$('a[id^="btn_a_"]').each(function(){
					if(jQuery.inArray($(this).attr("id").split("_")[2],arrBtnListToShow) > -1){
						$(this).css("display","");
					}
					else{
						$(this).css("display","none");
					}
				});
				
			}
			initShowBtnAfterLoading("0");
		</SCRIPT>
		<BUTTONLIST>
			<BUTTON TYPE="Cancel" LABEL="Back"></BUTTON>
			<BUTTON LABEL="Delete" ACTION="deletePMForm();"></BUTTON>
			<BUTTON LABEL="Revise" ACTION="ReviseFormPerf();"></BUTTON>
			<BUTTON LABEL="Draft" ACTION="senddraft();"></BUTTON>
			<BUTTON LABEL="Send to Approver" TYPE="Submit"></BUTTON>
			<BUTTON LABEL="Save Revision As Draft" ACTION="senddraftrevision();"></BUTTON>
			<BUTTON LABEL="Send Revision To Approver" ACTION="sendapprevision();"></BUTTON>
			<BUTTON LABEL="Reject" ACTION="RejectFormPerf();"></BUTTON>
			<BUTTON TYPE="Preview Approver"></BUTTON>
		</BUTTONLIST>
	</SFFORM>
</SFPAGE>




