<SFPAGE TITLE="planform" ACCESS="hrm.performance.planform:read">
	<SFFORM TITLE="Objective" DATASOURCE="" ACTION="saveAll" NAME="SaveObjectiveOrg" WIDTH="100%" HEIGHT="100%" SHOWWINDOW="NO">
		<TOOLBAR>
			<BUTTON TYPE="Help"></BUTTON>
			<BUTTON TYPE="Close"></BUTTON>
		</TOOLBAR>
		<FIELDSET LABEL="-">
			<INPUT LABEL="-" NAME="frmobjective" TYPE="SCRIPT" TEMPLATE="hrm.performance.planform.objectiveorgform&amp;reqno=#reqno#&amp;empid=#empid#&amp;periodcode=#periodcode#&amp;refdate=#refdate#&amp;formno=#formno#&amp;varcoid=#varcoid#&amp;varcocode=#varcocode#&amp;flagcopy=#flagcopy#"/>
		</FIELDSET>
		<SCRIPT FOR="FOOTER">
			try {
				document.getElementById('pop_title').style.display = 'none';
				document.getElementById('form_toolbar').style.display = 'none';
				document.getElementById('pop_data').style = 'height:100%;border:none;';
			}
			catch(err) {

			}
		    function isNumberKey(evt){
                var charCode = (evt.which) ? evt.which : evt.keyCode;
                if (charCode != 46 &amp;&amp; charCode &gt; 31 &amp;&amp; (charCode &lt; 48 || charCode &gt; 57)){
                    alert("Target must be inputted in numeric");
                   return false;
                 
                }
                    
                return true;
            }
		</SCRIPT>
	</SFFORM>
</SFPAGE>






