<SFPAGE TITLE="planform" ACCESS="hrm.performance.planform:read">
	<SFFORM TITLE="Edit" DATASOURCE="" GROUPFIELD="hierarchy" ACTION="SaveAll" NAME="frmPerfEval" WIDTH="100%" HEIGHT="100%" SHOWWINDOW="NO">
		<TOOLBAR>
			<!--<BUTTON TYPE="Reload"></BUTTON>-->
			<BUTTON TYPE="Help"></BUTTON>
			<BUTTON TYPE="Close"></BUTTON>
		</TOOLBAR>
		<TABPAGE HEIGHT="450">
			<TABROW>
				<TAB LABEL="Training Plan" SHOWIF="APPLICATION.SFSec.JSAuthAccess(acscode='hrm.performance.evalform.trainingplan:edit',isreturn='yes') eq 'true'" PAGELINK="hrm.performance.evalform.trainingplan.trainingplan&amp;empid=#empid#&amp;showwin=NO&amp;approveryn=1&amp;varcoid=#varcoid#&amp;varcocode=#varcocode#"/>
				<TAB LABEL="Development Plan" SHOWIF="APPLICATION.SFSec.JSAuthAccess(acscode='hrm.performance.evalform.devplan:edit',isreturn='yes') eq 'true'" PAGELINK="hrm.performance.evalform.devplan.listing&amp;empid=#empid#&amp;periodcode=#periodcode#&amp;showwin=NO&amp;approveryn=1&amp;varcoid=#varcoid#&amp;varcocode=#varcocode#"/>
				<TAB LABEL="Career Plan" SHOWIF="APPLICATION.SFSec.JSAuthAccess(acscode='hrm.performance.evalform.careerplan:edit',isreturn='yes') eq 'true'" PAGELINK="hrm.performance.evalform.careerplan.careerplan&amp;empid=#empid#&amp;showwin=NO&amp;varcoid=#varcoid#&amp;varcocode=#varcocode#"/>
				<!--TAB LABEL="Box Analysis" SHOWIF="APPLICATION.SFSec.JSAuthAccess(acscode='hrm.performance.evalform.boxanalysis:edit',isreturn='yes') eq 'true'" PAGELINK="?ofid=dashChart.showItem&amp;seq_id=46&amp;type=custom&amp;odashID=304_4_1075&amp;blocksize=50&amp;blockspace=8&amp;isajax=yes&amp;empid=#empid#&amp;del=no"/-->
				<TAB LABEL="Box Analysis" SHOWIF="APPLICATION.SFSec.JSAuthAccess(acscode='hrm.performance.evalform.boxanalysis:edit',isreturn='yes') eq 'true'" PAGELINK="hrm.performance.evalform.boxanalysis.boxanalysisdetail&amp;org_unit=#org_unit#&amp;empid=#empid#&amp;REFDATE&amp;REGION&amp;report&amp;havcode&amp;isdashboard=#isdashboard#&amp;blocksize=50&amp;blockspace=8&amp;isajax=yes&amp;varcoid=#varcoid#&amp;varcocode=#varcocode#"/>
				<TAB LABEL="Succession Plan" SHOWIF="APPLICATION.SFSec.JSAuthAccess(acscode='hrm.performance.evalform.successionplan:edit',isreturn='yes') eq 'true'" PAGELINK="hrm.performance.evalform.successionplan.successionplandetail&amp;empid=#empid#&amp;posid=#posid#&amp;succode=#succode#&amp;isdashboard=#isdashboard#&amp;prevposid=#prevposid#&amp;varcoid=#varcoid#&amp;varcocode=#varcocode#"/>
			</TABROW>
		</TABPAGE>
		<SCRIPT FOR="FOOTER">
		try {
				document.getElementById('pop_title').style.display = 'none';
				document.getElementById('form_toolbar').style.display = 'none';
				document.getElementById('pop_data').style = 'height:100%;border:none;';
			}
			catch(err) {

			}
		</SCRIPT>
	</SFFORM>
</SFPAGE>

