<SFPAGE TITLE="Performance Planning Upload" ACCESS="hrm.performance.planform:read">
	<SFFORM TITLE="Performance Planning Upload" DATASOURCE="" NAME="frmPerfPlanUpload" WIDTH="100%" HEIGHT="100%" ACTION="PerformancePlanning.Upload">
		<TOOLBAR TYPE="GRID">
			<BUTTON TIP="Back" ICON="back.png" ACTION="?xfid=hrm.performance.planform.listing" LINKTYPE="LINK" ></BUTTON>
			<BUTTON TYPE="Reload"></BUTTON>
			<BUTTON TYPE="Help"></BUTTON>
		</TOOLBAR>
		<FIELDSET LABEL="Performance Planning Upload">
				<INPUT LABEL="Objective Type" TYPE="RADIO" NAME="objective_type"  PARAM="objective_type" OPTIONS="Personal*=Personal|OrgUnit=Organization Unit" ONCLICK="changeType()" REQUIRED="YES" />
				<INPUT LABEL="Delete Previous Objective" NAME="del_prev" PARAM="del_prev" TYPE="CHECKBOX" OPTIONS="1=Yes" />
				<INPUT LABEL="Upload Excel File" NAME="fileupload" TYPE="FILE" REQUIRED="YES"/>
				<INPUT TYPE="HIDDEN" NAME="temp" PARAM="temp"/>
		</FIELDSET>
		<FIELDSET LABEL="Download Template">
				<INPUT LABEL="Download Template" TYPE="RADIO" NAME="download_type"  PARAM="download_type" OPTIONS="0*=Empty|1=Fill template based on period setting" ONCLICK="changeTemplateType()" />
				
				<INPUT LABEL="~"  PARAM="template_personal" TYPE="SCRIPT" TEMPLATE="hrm.performance.planform.linkdownloadpersonaltemplate"/>
				<INPUT LABEL="~"  PARAM="template_orgunit" TYPE="SCRIPT" TEMPLATE="hrm.performance.planform.linkdownloadorgunittemplate"/>
				
				<INPUT LABEL="Period" TYPE="SUGGEST" PARAM="periodcode" LISTSOURCE="PerformReport.filterPerfPeriodtech" ONBLUR="onPeriodChange()"/>
    			<INPUT LABEL="Employee" FILTERADDON="EMPNOLIST" TYPE="FILTEREMPLOYEE" ERRMSG="Please Select Employee" LISTSOURCE="PerformancePlanning.FilterAllEmployee" ROW="15" MAXROW="10000" NAME="emp_id" PARAM="emp_id"  INCLUSIVE="param"/>
    			<INPUT LABEL="Download Template" NAME="btnDownloadTemplate" TYPE="BUTTON" ONCLICK="DownloadTemplatePlanningUpload()" />
		</FIELDSET>
		<BUTTONLIST>
			<BUTTON TYPE="Submit"></BUTTON>
		</BUTTONLIST>
		<SCRIPT >
			function changeType(){
			    var valType = $('[id=inp_objective_type]:checked').val();
			    if($('[id=inp_download_type]:checked').val() == 0){
    				if (valType == 'OrgUnit'){
    					document.getElementById('tr_inp_template_personal').style.display = 'none';
    					document.getElementById('tr_inp_template_orgunit').style.display = '';
    				}
    				else{
    					document.getElementById('tr_inp_template_orgunit').style.display = 'none';
    					document.getElementById('tr_inp_template_personal').style.display = '';
    				}
				}
			}
			
			function changeTemplateType(){
			    var valType = $('[id=inp_download_type]:checked').val();
				if (valType == 0){
					changeType();
					$('[id=tr_inp_periodcode]').hide();
					$('[id=tr_inp_emp_id]').hide();
					$('[id=tr_btn_btnDownloadTemplate]').hide();
				}
				else{
					$('[id=tr_inp_template_personal]').hide();
					$('[id=tr_inp_template_orgunit]').hide();
					$('[id=tr_inp_periodcode]').show();
					$('[id=tr_inp_emp_id]').show();
					$('[id=tr_btn_btnDownloadTemplate]').show();
				}
			}
			
			$(document).ready(function(){
				document.getElementById('tr_inp_template_orgunit').style.display = 'none';
				document.getElementById('tr_inp_template_personal').style.display = '';	
				changeTemplateType();
				var sLink = "?ofid=PerformancePlanning.Upload";
				$("##frmPerfPlanUpload").append("&lt;iframe name='frameUpload' id='frameUpload' style='display:none' scr='"+sLink+"'&gt;&lt;/iframe&gt;");
				$("head").append("&lt;link rel='stylesheet' type='text/css' href='?rcid=css/progressbar/progress.css'&gt;");
				$("body").append("&lt;div class='divProgressBarBlock' id='divProgressBarBlock'&gt;&lt;/div&gt;");
				$("##divProgressBarBlock").append("&lt;div class='pie_progress' id='pie_progress'&gt;"+
						  "&lt;div class='divTitle' id='divTitle'&gt;Performance Planning Upload&lt;/div&gt;"+  
						  "&lt;div class='divPercentage' id='divPercentage'&gt;0%&lt;/div&gt;"+
						  "&lt;div class='divLoadingBar' id='divLoadingBar' style='background-color: grey;' &gt;&amp;nbsp;&lt;/div&gt;"+
						  "&lt;div class='divRemainingtime' id='divRemainingtime'&gt;&lt;/div&gt;"+
						  "&lt;div class='divElapsedtime' id='divElapsedtime'&gt;&lt;/div&gt;"+
						  "&lt;div class='divLog' id='divLog' style='overflow:auto;height:200px;display:none'&gt;&lt;/div&gt;"+
						  "&lt;div class='divDetail' id='divDetail' &gt;  "+
							"&lt;input type='button' value='view' style='display:none;' name='btnviewall' id='btnviewall' onclick='viewall(1);' &gt; &lt;input type='button' value='hide' style='display:none;' name='btnhideall' id='btnhideall' onclick='viewall(2);' &gt; &lt;/div&gt;"+
						  "&lt;div class='divProcessDetail' id='divProcessDetail' style='display:none;' &gt;&lt;table class='tblProcessDetail' id='tblProcessDetail'&gt;"+
						  "&lt;/table&gt; &lt;table border='1' cellpadding='0' cellspacing='0' class='tblProcessDetailAll' width='100%' style='display:none;' id='tblProcessDetailAll' &gt; &lt;/table&gt; &lt;/div&gt;"+
						  "&lt;table class='prg_footer' cellpadding='0' cellspacing='0' &gt;&lt;tr&gt;&lt;td id='error'&gt;&lt;/td&gt;&lt;td&gt;&lt;div class='divClose' id='divClose'&gt;  &lt;/div&gt;&lt;/td&gt;&lt;/tr&gt;&lt;tr&gt;&lt;td colspan='2'&gt;&lt;div class='errorlog' id='errorlog'&gt;&lt;/div&gt;&lt;/td&gt;&lt;/tr&gt;&lt;/table&gt;"+ 
						"&lt;/div&gt;");
		   });
			
			var listemp = "";
		    var no=1;
		    var starttime = "";
		    var elapsedtimer = "";
		    var remainingtime = "";
		    var errorcount = 0;
		    var starttime = new Date();
		    var tempcreate = 1;

        function loadXMLString(txt){
    		if (window.DOMParser)
    		  {
    		  parser=new DOMParser();
    		  xmlDoc=parser.parseFromString(txt,"text/xml");
    		  }
    		else // code for IE
    		  {
    		  xmlDoc=new ActiveXObject("Microsoft.XMLDOM");
    		  xmlDoc.async=false;
    		  xmlDoc.loadXML(txt);
    		  }
    		return xmlDoc;
		}
		
		function createDisplayErrorMessage(){
    			$("##divBlockSpace").hide();
    			$("##divPopup img").hide();
    			$("##errorlog").append("&lt;table id='tabledetail'  width='100%' cellpadding='0' cellspacing='0' &gt; &lt;tr&gt; &lt;td style='border:1px solid grey'  width='25%' align='center'  &gt;&lt;B&gt; ROW &lt;/B&gt; &lt;/td&gt;"+
    																				"&lt;td style='border:1px solid grey' align='center'  width='30%' &gt;&lt;B&gt;REASON&lt;/B&gt; &lt;/td&gt;"+
    																				"&lt;/tr&gt; &lt;/table&gt;"); 
    	        tempcreate = 0;
    			return true;
    	   }   
		function countelapsed(){
			$(".divProgressBarBlock").show();
			var seconds = 1000;
			var minutes = seconds * 60;
			var hours = minutes * 60;
			var currenttime = new Date();
			var elapsedtime = currenttime.getTime() - starttime.getTime();
			var second = Math.floor(elapsedtime / seconds) % 60;
			var minute = Math.floor(elapsedtime / minutes) % 60;
			var hour = Math.floor(elapsedtime / hours);
			document.getElementById("divElapsedtime").innerHTML = "";
			if(hour &gt; 0){
				document.getElementById("divElapsedtime").innerHTML += hour+" hour ";
			}
			if(minute  &gt; 0){
				document.getElementById("divElapsedtime").innerHTML += minute+" minute ";
			}
			document.getElementById("divElapsedtime").innerHTML += second+" s ";
		}
		
        function dispProgressBar(total,current){
			var seconds = 1000;
			var minutes = seconds * 60;
			var hours = minutes * 60;
			var currenttime = new Date();
			var elapsetime = currenttime.getTime() - starttime.getTime();
			remainingtime = elapsetime*total/current - elapsetime;
			var second = Math.floor(remainingtime / seconds) % 60;
			var minute = Math.floor(remainingtime / minutes) % 60;
			var hour = Math.floor(remainingtime / hours);
			var percentage = Math.round(current/total*100);
			document.getElementById("divPercentage").innerHTML = current + " of " + total + " (" +percentage+"%)";
			document.getElementById("divLoadingBar").style.background = "url('#Application.PATH.LIB#/skins/def/images/misc/loadingbar.gif')";
			document.getElementById("divLoadingBar").style.width = Math.max(1,percentage)+"%";
			document.getElementById("divRemainingtime").innerHTML = "Estimated Time Left : ";
			if(current == 0){
				document.getElementById("divRemainingtime").innerHTML += "Unknown";
			}
			else{
				if(hour &gt; 0){
					document.getElementById("divRemainingtime").innerHTML += hour+" hour ";
				}
				if(minute  &gt; 0){
					document.getElementById("divRemainingtime").innerHTML += minute+" minute ";
				}
				if(remainingtime  &lt; 60000){
					document.getElementById("divRemainingtime").innerHTML += second+" s ";
				}
			}
		}
		
		function hidetemp(){
		    if(parent.divBlock){
		        parent.divBlock.style.display="none";
		        parent.divBlockSpace.style.display="none";
		    }
		}
		
		function closebar(){
			clearInterval(elapsedtimer);
			$(".divProgressBarBlock").hide();
			$("##error").html("");
			$("##errorlog").html("").hide();
			maskButton(false);
			refreshPage();
		}
		
		 function showProgressBar(NILAI,TRANS_ID,objective_type,del_prev){
		    $(".divProgressBarBlock").show();
            $.ajax({
                url:sLink,
                method:"POST",
                data:{ 
                    process: "yes",
		            TRANS_ID: TRANS_ID,
					objective_type:objective_type,
					del_prev:del_prev
		        },
		        success:function(msg){
                    result = msg.trim(); 
			        xmlDoc=loadXMLString(result);	
			        var currentrow = xmlDoc.getElementsByTagName("ROWSEKARANG")[0].childNodes[0].nodeValue;
			        var obj_type = xmlDoc.getElementsByTagName("OBJECTIVE_TYPE")[0].childNodes[0].nodeValue;
			        var del_prev = xmlDoc.getElementsByTagName("DEL_PREV")[0].childNodes[0].nodeValue;
			        var lastrow = xmlDoc.getElementsByTagName("NILAI")[0].childNodes[0].nodeValue;
                    if(typeof xmlDoc.getElementsByTagName("ERROR") != 'undefined'){
    			        if (tempcreate == 1){
    			         createDisplayErrorMessage();
    			        }
                        var listLog = xmlDoc.getElementsByTagName("ERROR");
			
                        for(idx=0;idx&lt;listLog.length;idx++){
        					var no=no+idx ; 
        					$("##tabledetail").append("&lt;tr&gt; &lt;td width='25%' style='border:1px solid grey'&gt;"+xmlDoc.getElementsByTagName("ROW")[idx].childNodes[0].nodeValue+ "&lt;/td&gt;"+
        					"&lt;td style='border:1px solid grey' width='30%' &gt;"+xmlDoc.getElementsByTagName("REASON")[idx].childNodes[0].nodeValue+ "&lt;/td&gt; &lt;/tr&gt;");
        				}
        				
        				if(listLog.length){
        					errorcount = errorcount + listLog.length;
        					var x = document.createElement("A");
        					x.href="##";
        					x.className = "displayError";
        					x.innerHTML = "Show Error ("+errorcount+")";
        					$("##error").html(x);
        					$(".displayError").click(function(){
        						$("##errorlog").toggle();
        					});
        				}
    			    }
    		    
        			if(eval(currentrow) &lt; eval(lastrow)){ 
        				countelapsed();
        				dispProgressBar(lastrow,currentrow);
        				showProgressBar(NILAI,TRANS_ID,obj_type,del_prev);
        			}
    			
        			if(eval(currentrow) &gt;= eval(lastrow)){ 
        				dispProgressBar(lastrow,currentrow);
        				if(listLog.length || errorcount &gt; 0){
        					alert('Process Complete with Exception');
        					document.getElementById("divClose").innerHTML = "&lt;input type='button' value='close' name='btnclose' onclick='closebar();' &gt; ";
        					setTimeout("hidetemp()",(bwtype.toLowerCase()=="ie"?1000:1000));
        				}
        				else{
        					alert('Process Complete');
        					closebar();
        				}
        			
        				
        			}
        		}
            });
		 }
		 
		 
		 function onPeriodChange(){
		    console.log('triggered','123');
		 }
		 
	    function DownloadTemplatePlanningUpload(){
	        var objective_type_val = $('[id=inp_objective_type]:checked').val();
	        var period_code_val =  $('[id=hdn_periodcode]').val();
	        var hdnSelectedinp_emp_id_val = $('[id=hdnSelectedinp_emp_id]').val();
	        
	        if(period_code_val == ''){
	            alert('[SFTEXT:Period cannot be empty]');
	            return false;
	        }
	        
	        if(trim(hdnSelectedinp_emp_id_val) == ''){
	            alert('[SFTEXT:Employee cannot be empty]');
	            return false;
	        }
	    
	        var tempSLink = '?sfid=hrm.performance.planform.plantemplate';
	        //window.open(tempSLink + '&amp;objective_type=' + objective_type_val + '&amp;period_code='+ period_code_val + '&amp;hdnSelectedinp_emp_id=' + hdnSelectedinp_emp_id_val );
	        //window.location = tempSLink + '&amp;objective_type=' + objective_type_val + '&amp;period_code='+ period_code_val + '&amp;hdnSelectedinp_emp_id=' + hdnSelectedinp_emp_id_val;
	        //popWindow(tempSLink + '&amp;objective_type=' + objective_type_val + '&amp;period_code='+ period_code_val + '&amp;hdnSelectedinp_emp_id=' + hdnSelectedinp_emp_id_val);
	        getAJAXContent(tempSLink,$sf("inp_download_type"),null,null,$sf("frmPerfPlanUpload"));
	    }
		
			
		</SCRIPT>
	</SFFORM>
</SFPAGE>







