<SFPAGE TITLE="Replace Performance Planning Form" ACCESS="hrm.performance.planform.deleteall:read">
	<SFFORM TITLE="Replace Performance Planning Form" DATASOURCE="" NAME="frmPerfPlanDelete" WIDTH="100%" HEIGHT="100%" ACTION="PerformancePlanning.replaceForm">
		<TOOLBAR TYPE="GRID">
			<BUTTON TIP="Back" ICON="back.png" ACTION="?xfid=hrm.performance.planform.listing" LINKTYPE="LINK" ></BUTTON>
			<BUTTON TYPE="Reload"></BUTTON>
			<BUTTON TYPE="Help"></BUTTON>
		</TOOLBAR>
		<FIELDSET>
	        <INPUT LABEL="Performance Period" TYPE="SELECT" LISTSOURCE="PerformancePlanning.refPeriod" NAME="period_code" PARAM="period_code" REQUIRED="YES" ERRMSG="Please select Performance Period" ONCHANGE="EditEmpList();"/>
		    <INPUT LABEL="Performance Date" NAME="period_date" PARAM="period_date" TYPE="LABEL"/>
		    <INPUT LABEL="Employee" FILTERADDON="EMPNOLIST" TYPE="FILTEREMPLOYEE" REQUIRED="Yes" ERRMSG="Please Select Employee" LISTSOURCE="PerformancePlanning.FilterEmployeeReplaceForm"  INCLUSIVE="param" ROW="15" MAXROW="10000" NAME="emp_id" PARAM="emp_id" />
		    <INPUT LABEL='~' DEFAULT="Display" TYPE="BUTTON" title="Display" ONCLICK="displayReplace();" />
	    	<INPUT LABEL="-" TYPE="SCRIPT" NAME="DISCONTAINER" TEMPLATE="hrm.performance.planform.replaceplan"/>
		</FIELDSET>
		<BUTTONLIST>
			<BUTTON LABEL="Replace" ACTION="confirmReplace();"></BUTTON>
		</BUTTONLIST>
		<SCRIPT>
			function EditEmpList(){
        		document.getElementById('selinp_emp_id').options.length = null;
        		$('[id=hdnSelectedinp_emp_id]').val('');
        		searchFilter(null,'?ofid=PerformancePlanning.FilterEmployeeReplaceForm','inp_emp_id',10000);
			};
					
			function displayReplace(){
			    var period_code = $('[id=inp_period_code]').val();
			    var empnolist = $('[id=hdnSelectedinp_emp_id]').val();
			    
			    if(period_code == ''){
			        alert("[SFTEXT:ERPlease select Performance Period]");
			        return false;
			    } 
			    
			    if(empnolist == ''){
			        alert("[SFTEXT:ERPlease select at least one employee]");
			        return false;
			    } 
			    
			    getAJAXContent("?sfid=hrm.performance.planform.replaceplan&amp;period_code="+period_code+"&amp;empnolist="+empnolist,"inp_DISCONTAINER",1,function (){});
			};
			function confirmReplace(){
			    this.blur(); 
                return validateForm(document.frmPerfPlanDelete);
			};
			function validateOther(){
			
			    var listform = $('[id=inp_lstform]:checked').map(function() {return this.value}).get().join(',');
			    if(listform == ''){
			        alert("[SFTEXT:ERPlease check at least one planning form]");
			        return false;
			    }
			
			    var confirmDelete = confirm("[SFTEXT:ERThis action will copy previous Performance Planning Form to the new one, are you sure ? ]");

			    if(confirmDelete == false)
			        return false;

			    return true;
			}
	
		</SCRIPT>
	</SFFORM>
</SFPAGE>
















