<SFPAGE TITLE="Detail Plan Form" ACCESS="hrm.performance.planform:read">
	<SFFORM TITLE="Detail Plan Form" DATASOURCE="" ACTION="" NAME="frmDetailPlanForm" WIDTH="100%" HEIGHT="100%">
		
		<TOOLBAR TYPE="GRID">
			<BUTTON TYPE="Reload"></BUTTON>
			<BUTTON TYPE="Help"></BUTTON>
			<BUTTON TYPE="Close"></BUTTON>
		</TOOLBAR>
		<FIELDSET LABEL="Detail Plan Form">
			<INPUT LABEL="-" TYPE="SCRIPT" TEMPLATE="hrm.performance.planform.viewdetailplanform&amp;form_no=#form_no#&amp;emp_id=#emp_id#"/>
		</FIELDSET>
		
		<SCRIPT FOR="FOOTER">
						
		</SCRIPT>
		<BUTTONLIST>
            <BUTTON TYPE="Cancel"></BUTTON>
		</BUTTONLIST>
	</SFFORM>
</SFPAGE>

