<SFPAGE TITLE="planform" ACCESS="hrm.performance.planform:read">
	<SFFORM TITLE="View Revision Detail" DATASOURCE="PerformancePlanning" GROUPFIELD="hierarchy" ACTION="PerformancePlanning.SendToNext" NAME="frmPerfPlan" WIDTH="1000" HEIGHT="800">
	    <TOOLBAR>
			<BUTTON TYPE="Reload"></BUTTON>
			<BUTTON TYPE="Help"></BUTTON>
			<BUTTON TYPE="Close" ACTION="window.close();"></BUTTON>
		</TOOLBAR>
		<SCRIPT>
			loadScript('#application.path.lib#/scripts/pm/jquery.flot.min.js');
		</SCRIPT>
		
		<FIELDSET LABEL="-">
			<INPUT LABEL="~" NAME="requestfor" PARAM="empid" TYPE="HIDDEN" DEFAULT="{empid}"/>
			<INPUT LABEL="-" NAME="revisiondetail" TYPE="SCRIPT" TEMPLATE="hrm.performance.planform.viewrevisionform&amp;empid=#empid#&amp;reqno=#reqno#&amp;formno=#formno#&amp;periodcode=#periodcode#&amp;refdate=#refdate#&amp;plandatevalid=#qForm.plandatevalid#&amp;reqorder=#reqorder#&amp;varcoid=#varcoid#&amp;varcocode=#varcocode#"/>
		</FIELDSET>
	
		<BUTTONLIST>
			<BUTTON LABEL="Back" ACTION="window.close();"></BUTTON>
		</BUTTONLIST>
	</SFFORM>
</SFPAGE>
