<SFPAGE TITLE="Add KPI Item" ACCESS="hrm.setting.performance.kpi:add">
	<SFFORM TITLE="Add KPI Item" DATASOURCE="" ACTION="KPILibrary.Add" NAME="frmAddKPI" WIDTH="600" HEIGHT="400">
		<SCRIPT>
		</SCRIPT>

		<TOOLBAR>
			<BUTTON TYPE="Help"></BUTTON>
			<BUTTON TYPE="Close"></BUTTON>
		</TOOLBAR>
		<FIELDSET>
			<INPUT LABEL="Item Type" NAME="iscategory" PARAM="iscategory" TYPE="RADIO" OPTIONS="Y=Category|N*=Question" ONCHANGE="change(this.value);"/>
			<INPUT LABEL="Parent KPI" NAME="parent_code" PARAM="parent_code" TYPE="SUGGEST" LISTMANDATORY="YES" LISTSOURCE="KPILibrary.filterKPI" REQUIRED="YES" ERRMSG="Please Select Parent Code"/>
			<INPUT LABEL="KPI Code" NAME="kpi_code" PARAM="kpi_code" TYPE="TEXT" REQUIRED="YES" MAXLEN="50"  DEFAULT="Util.getCode('KPILIB','no','false')" GROUP="code~" VALIDATE="CODE"/>
			<!--INPUT LABEL="" NAME="kpi_doc" PARAM="kpi_doc" TYPE="LABEL" DEFAULT="Util.getCode('KPILIB','no','false')" GROUP="code~"/-->
			<INPUT LABEL="KPI Item" NAME="kpi_name" PARAM="kpi_name" TYPE="TEXT" REQUIRED="YES" MULTILANG="Yes" ERRMSG="Please Input Valid Entry for KPI Item" MAXLEN="150"/>
			<INPUT LABEL="Fill In KPI Description" NAME="kpi_desc" MULTILANG="Yes" PARAM="kpi_desc" TYPE="MEMO" MAXLEN="1500" COL="30" ROW="3" REQUIRED="YES"  ERRMSG="Please Insert KPI Description"/>
			<!-- <INPUT LABEL="Achievement Type" NAME="achievement_type" PARAM="achievement_type" TYPE="SUGGEST" LISTSOURCE="ScoreType.FilterAchievementType" />
			<INPUT LABEL="Weight" NAME="weight" PARAM="weight" TYPE="TEXT" SIZE="5" />
			<INPUT LABEL="Dashboard Indicator" NAME="dash_indicator" PARAM="dash_indicator" TYPE="SCRIPT"  TEMPLATE="hrm.setting.performance.kpi.dashindicator"/> -->
		</FIELDSET>
		<BUTTONLIST>
			<BUTTON TYPE="Cancel"></BUTTON>
			<BUTTON TYPE="Submit"></BUTTON>
		</BUTTONLIST>
			
		<SCRIPT FOR="FOOTER">
		    //<!--BUG51117-85691-->
		    $("input[id^='inp_kpi_name_'], textarea[id^='inp_kpi_desc_'], input[id='inp_kpi_code']").keyup(function(event){ RemoveChar(this); });
		    $("input[id^='inp_kpi_name_'], textarea[id^='inp_kpi_desc_'], input[id='inp_kpi_code']").change(function(){ RemoveChar(this); });
            function RemoveChar(obj){
        		var charToVali = obj.value;
                obj.value = charToVali.replace(/##/g,'');
            }
            //<!--/BUG51117-85691-->
            
		    function checkAllowedChar(evt) {
                evt = (evt) ? evt : window.event;
                var charCode = (evt.which) ? evt.which : evt.keyCode;
                if (charCode == 35) {
                    // status.innerHTML = 'Cannot contain ##';
                    return false;
                }
                return true;
            }
		
		/*var achiev = document.getElementById('tr_inp_achievement_type');
		var weight = document.getElementById('tr_inp_weight');
		var indicator = document.getElementById('tr_inp_dash_indicator');
		function change(val){
				if(val == 'N'){
					achiev.style.display = '';
					weight.style.display = '';
					indicator.style.display = '';
				}else{
					achiev.style.display = 'none';
					weight.style.display = 'none';
					indicator.style.display ='none';
				}
			}
			
			
		function pickScoreList(vval, vtxt, cfunc, selm) {
				if (typeof(selm) == 'undefined') {
					top.isPickLookupList = true;
				}
				var otip = $sf("spTip");
				if (otip == null) return;
				if (selm != null) {
					var oelm = $sf(selm);
					if (oelm != null)
						otip.elm = oelm;
				}
			 
				if (otip.elm != null) {
					if ($sf('err' + otip.elm.id)) {
						$sf('err' + otip.elm.id).style.display = "none";
					}
					if (otip.elm.value != null) {
						if (vtxt != null) {
							//logthis(vtxt);
							otip.elm.value = vtxt.split('|')[0];
							if (selm == null)
								formodified(otip.elm);
							var ohdn_ = "hdn" + otip.elm.id.substr(3);
							var ohdn = $sf(ohdn_);
							if (!ohdn) {
								if (frames) { 
									for (var i = 0; i &lt; frames.length; i++) {
									   
										if ($sf(ohdn_, frames[i]) != null) {
											ohdn = $sf(ohdn_, frames[i]);
											break;
										}
									}
								}
							}
							if (ohdn != null) {
								ohdn.value = vval;
							}
						} else {
							otip.elm.value = vval;
						}
					} else if (otip.elm.innerHTML != null) {
						if (vtxt != null)
							otip.elm.innerHTML = vtxt;
						else
							otip.elm.innerHTML = vval;
					}
				}
				hideTip();
				if (cfunc) {
					cfunc();
				}
			}*/
		
		</SCRIPT>
	</SFFORM>
</SFPAGE>



