<SFPAGE TITLE="Edit KPI Item" ACCESS="hrm.setting.performance.kpi:edit">
	<SFFORM TITLE="Edit KPI Item" DATASOURCE="KPILibrary.viewKPILibarary" ACTION="KPILibrary.Save" NAME="frmEditKPI" WIDTH="800" HEIGHT="400">
		
		<TOOLBAR>
			<BUTTON TYPE="Help"></BUTTON>
			<BUTTON TYPE="Close"></BUTTON>
		</TOOLBAR>
		<FIELDSET>
			<INPUT LABEL="Item Type" NAME="iscategory" PARAM="iscategory" TYPE="RADIO" OPTIONS="Y=Category|N*=Question" ONCHANGE="change(this.value)"/>
			<INPUT LABEL="Item Type" NAME="lbliscat" PARAM="iscategory" TYPE="LABEL" OPTIONS="Y=Category|N=Question"/>
			<INPUT LABEL="~" NAME="iscat" PARAM="iscategory" TYPE="HIDDEN"/>
			<INPUT LABEL="Parent KPI" NAME="parent_code" PARAM="parent_name" TYPE="LABEL"/>
			<INPUT LABEL="~" NAME="n_parent_code" PARAM="parent_code" TYPE="HIDDEN"/>
			<INPUT LABEL="KPI Code" NAME="lblkpi_code" PARAM="kpi_code"  TYPE="LABEL"/>
			<INPUT LABEL="KPI Item" NAME="kpi_name" PARAM="kpi_name" TYPE="TEXT" REQUIRED="YES" MULTILANG="Yes" ERRMSG="Please Input KPI Name" MAXLEN="150"/>
			<INPUT LABEL="Fill In KPI Description" NAME="kpi_desc" MULTILANG="Yes" PARAM="kpi_desc" TYPE="MEMO" MAXLEN="1500" COL="30" ROW="3" REQUIRED="YES"  ERRMSG="Please Insert KPI Description"/>
			<!-- <INPUT LABEL="Achievement Type" NAME="achievement_type" PARAM="achievement_type" TYPE="SUGGEST" LISTSOURCE="ScoreType.FilterAchievementType" />
			<INPUT LABEL="Weight" NAME="weight" PARAM="weight" TYPE="TEXT" SIZE="5" />
			<INPUT LABEL="Dashboard Indicator" NAME="dash_indicator" PARAM="dash_indicator" TYPE="SCRIPT"  TEMPLATE="hrm.setting.performance.kpi.dashindicatorEdit&amp;kpi_code=#kpi_code#"/>
			<INPUT LABEL="~" NAME="achievement" PARAM="achievement" TYPE="HIDDEN" /> -->
			<INPUT LABEL="Apply changes to period" NAME="periodtoapply" PARAM="periodtoapply" TYPE="FILTER" LISTSOURCE="KPILibrary.filterPeriodToApply" ROW="10" MAXROW="10000" SHOWCHECKBOXALL="YES" CHECKBOXOPTION="1=All Performance Period" CHECKBOXPARAM="isapplytoall" CHECKBOXCHECKED="YES"/>
		</FIELDSET>
		<BUTTONLIST>
			<BUTTON TYPE="Cancel"></BUTTON>
			<BUTTON TYPE="Delete"></BUTTON>
			<BUTTON TYPE="Submit"></BUTTON>
		</BUTTONLIST>
		
		<SCRIPT FOR="FOOTER">
		    //<!--BUG51117-85691-->
		    $("input[id^='inp_kpi_name_'], textarea[id^='inp_kpi_desc_'], input[id='inp_kpi_code']").keyup(function(event){ RemoveChar(this); });
		    $("input[id^='inp_kpi_name_'], textarea[id^='inp_kpi_desc_'], input[id='inp_kpi_code']").change(function(){ RemoveChar(this); });
            function RemoveChar(obj){
        		var charToVali = obj.value;
                obj.value = charToVali.replace(/##/g,'');
            }
            //<!--/BUG51117-85691-->

			(function(){
			    /*
				if('#qForm.iscategory#'=='Y'){
					$('##tr_inp_iscategory').hide();
				}
				else{
					$('##tr_inp_lbliscat').hide();
				}
				*/
				$('##tr_inp_iscategory').hide();

				if('#qForm.applyto#'=='0'){
					$('##tr_inp_periodtoapply').hide();
				}
				
			})()
			
			/*var achiev = document.getElementById('tr_inp_achievement_type');
			var achievement = document.getElementById('inp_iscategory').value;
			var weight = document.getElementById('tr_inp_weight');
			var indicator = document.getElementById('tr_inp_dash_indicator');
			var iscat = document.getElementById('inp_iscat').value;

			if(iscat == 'N') {
				achiev.style.display = '';
				weight.style.display = '';
				indicator.style.display = '';
				}
				else{
						achiev.style.display = 'none';
						weight.style.display = 'none';
						indicator.style.display = 'none';
					}
		
			function change(val){
				if(val == 'N'){
					achiev.style.display = '';
					weight.style.display = '';
					indicator.style.display = '';
				}else{
					achiev.style.display = 'none';
					weight.style.display = 'none';
					indicator.style.display ='none';
				}
			}
		
			
			function pickScoreList(vval, vtxt, cfunc, selm) {
				if (typeof(selm) == 'undefined') {
					top.isPickLookupList = true;
				}
				var otip = $sf("spTip");
				if (otip == null) return;
				if (selm != null) {
					var oelm = $sf(selm);
					if (oelm != null)
						otip.elm = oelm;
				}
			 
				if (otip.elm != null) {
					if ($sf('err' + otip.elm.id)) {
						$sf('err' + otip.elm.id).style.display = "none";
					}
					if (otip.elm.value != null) {
						if (vtxt != null) {
							//logthis(vtxt);
							otip.elm.value = vtxt.split('|')[0];
							if (selm == null)
								formodified(otip.elm);
							var ohdn_ = "hdn" + otip.elm.id.substr(3);
							var ohdn = $sf(ohdn_);
							if (!ohdn) {
								if (frames) { 
									for (var i = 0; i &lt; frames.length; i++) {
									   
										if ($sf(ohdn_, frames[i]) != null) {
											ohdn = $sf(ohdn_, frames[i]);
											break;
										}
									}
								}
							}
							if (ohdn != null) {
								ohdn.value = vval;
							}
						} else {
							otip.elm.value = vval;
						}
					} else if (otip.elm.innerHTML != null) {
						if (vtxt != null)
							otip.elm.innerHTML = vtxt;
						else
							otip.elm.innerHTML = vval;
					}
				}
				hideTip();
				if (cfunc) {
					cfunc();
				}
			}*/
		</SCRIPT>
	</SFFORM>
</SFPAGE>

