<SFPAGE TITLE="KPILibrary" ACCESS="hrm.setting.performance.kpi:read">
	<SFFORM DATASOURCE="" TITLE="KPI Library" NAME="frmKPILibrary" WIDTH="100%" HEIGHT="100%">
		<TOOLBAR TYPE="GRID">
		    <BUTTON TYPE="Upload" TIP="KPI Library Upload" ICON="upload.png" ACTION="?xfid=hrm.setting.performance.kpi.upload" LINKTYPE="LINK"></BUTTON>
			<BUTTON TYPE="Add"></BUTTON>
			<BUTTON TYPE="Reload"></BUTTON>
			<BUTTON TYPE="Help"></BUTTON>
		</TOOLBAR>
		<FIELDSET LABEL="KPI Library">
			<INPUT LABEL="-" TYPE="SCRIPT" NAME="viewKPILibrary" TEMPLATE="?ofid=KPILibrary.Tree"/>
		
		</FIELDSET>
	</SFFORM>
</SFPAGE>

