<SFPAGE TITLE="Add KPI Item" ACCESS="hrm.setting.performance.kpi:delete">
    <SFFORM TITLE="KPI Library Upload" DATASOURCE="" ACTION="KPILibrary.Upload" NAME="frmKPILibraryUpload" HEIGHT="100%" WIDTH="100%">
        <TOOLBAR TYPE="GRID">
			<BUTTON TYPE="Back"></BUTTON>
			<BUTTON TYPE="Reload"></BUTTON>
			<BUTTON TYPE="Help"></BUTTON>
		</TOOLBAR>
		<FIELDSET LABEL="KPI Library Upload">
				<INPUT LABEL="Update existing data" NAME="is_edit" PARAM="is_edit" TYPE="CHECKBOX" OPTIONS="1=Yes" />
				<INPUT LABEL="Download Template" PARAM="template_kpilib" TYPE="SCRIPT" TEMPLATE="hrm.setting.performance.kpi.linkdownloadkpilibupload"/>
				<INPUT LABEL="Upload Excel File" NAME="fileupload" REQUIRED="YES" TYPE="FILE"/>
		</FIELDSET>
		<BUTTONLIST>
			<BUTTON TYPE="Submit"></BUTTON>
		</BUTTONLIST>
    </SFFORM>
</SFPAGE>





