<SFPAGE TITLE="Edit Appraisal Item" ACCESS="hrm.setting.performance.appraisal:edit">
	<SFFORM TITLE="Edit Appraisal Item" DATASOURCE="AppraisalLibrary.viewAppraisalLibarary" ACTION="AppraisalLibrary.Save" NAME="frmEditAppraisal" WIDTH="560" HEIGHT="400">
		
		<TOOLBAR>
			<BUTTON TYPE="Help"></BUTTON>
			<BUTTON TYPE="Close"></BUTTON>
		</TOOLBAR>
		<FIELDSET>
			<INPUT LABEL="Item Type" NAME="iscategory" PARAM="iscategory" TYPE="RADIO" OPTIONS="Y=Category|N=Question" ONCHANGE="change(this.value)"/>
			<INPUT LABEL="Item Type" NAME="lbliscat" PARAM="iscategory" TYPE="LABEL" OPTIONS="Y=Category|N=Question"/>
			<INPUT LABEL="~" NAME="iscat" PARAM="iscategory" TYPE="HIDDEN"/>
			<INPUT LABEL="Parent Appraisal" NAME="parent_code" PARAM="parent_name" TYPE="LABEL"/>
			<INPUT LABEL="~" NAME="n_parent_code" PARAM="parent_code" TYPE="HIDDEN"/>
			<INPUT LABEL="Appraisal Code" NAME="lblappraisal_code" PARAM="appraisal_code"  TYPE="LABEL"/>
			<INPUT LABEL="Appraisal Item" NAME="appraisal_name" PARAM="appraisal_name" TYPE="TEXT" REQUIRED="YES" MULTILANG="Yes" ERRMSG="Please Input Appraisal Name" MAXLEN="255"/>
			<INPUT LABEL="Fill In Appraisal Description" NAME="appraisal_desc" MULTILANG="Yes" PARAM="appraisal_desc" TYPE="MEMO" MAXLEN="500" COL="30" ROW="3"/>
			<INPUT LABEL="Apply To All Period" NAME="allperiod" PARAM="allperiod" TYPE="CHECKBOX" OPTIONS="Y=Yes"/>
			<!-- Start Add by Marc : KPI Library negative component untuk mengurangi nilai di form appraisal -->
			<INPUT LABEL="Negative Component" NAME="negative_component" PARAM="negative_component" TYPE="CHECKBOX" REQUIRED="NO" OPTIONS="Y=Yes"/>
			<!-- End Add by Marc : KPI Library negative component untuk mengurangi nilai di form appraisal -->
			<!-- <INPUT LABEL="Achievement Type" NAME="achievement_type" PARAM="achievement_type" TYPE="SUGGEST" LISTSOURCE="ScoreType.FilterAchievementType" />
			<INPUT LABEL="Weight" NAME="weight" PARAM="weight" TYPE="TEXT" SIZE="5" />
			<INPUT LABEL="~" NAME="achievement" PARAM="achievement" TYPE="HIDDEN" />
			<INPUT LABEL="Dashboard Indicator" NAME="dash_indicator" PARAM="dash_indicator" TYPE="SCRIPT"  TEMPLATE="hrm.setting.performance.appraisal.dashindicatorEdit&amp;appraisal_code=#appraisal_code#"/> -->
		</FIELDSET>
		<BUTTONLIST>
			<BUTTON TYPE="Cancel"></BUTTON>
			<BUTTON TYPE="Delete"></BUTTON>
			<BUTTON TYPE="Submit"></BUTTON>
		</BUTTONLIST>
		
		<SCRIPT FOR="FOOTER">
			$('##tr_inp_achievement_type').hide();
			$('##tr_inp_weight').hide();
			$('##tr_inp_dash_indicator').hide();

			(function(){
				if('#qForm.iscategory#'=='Y'){
					$('##tr_inp_iscategory').hide();
				}
				else{
				    $("##inp_iscategory[value='N']").attr('checked', 'checked');
					//$('##tr_inp_lbliscat').hide();
					$('##tr_inp_iscategory').hide();
				}
			})()
			
		    //<!--BUG51117-85691-->
		    $("input[id^='inp_appraisal_name_'], textarea[id^='inp_appraisal_desc_']").keyup(function(event){ RemoveChar(this); });
		    $("input[id^='inp_appraisal_name_'], textarea[id^='inp_appraisal_desc_']").change(function(){ RemoveChar(this); });
            function RemoveChar(obj){
        		var charToVali = obj.value;
                obj.value = charToVali.replace(/##/g,'');
            }
            //<!--/BUG51117-85691-->
			
			/*var achiev = document.getElementById('tr_inp_achievement_type');
			var achievement = document.getElementById('inp_iscategory').value;
			var weight = document.getElementById('tr_inp_weight');
			var iscat = document.getElementById('inp_iscat').value;
			var indicator = document.getElementById('tr_inp_dash_indicator');

			if(iscat == 'N') {
				achiev.style.display = '';
				weight.style.display = '';
				indicator.style.display = '';
				}
				else{
						achiev.style.display = 'none';
						weight.style.display = 'none';
						indicator.style.display = 'none';
					}
		
			function change(val){
				if(val == 'N'){
					achiev.style.display = '';
					weight.style.display = '';
					indicator.style.display = '';
				}else{
					achiev.style.display = 'none';
					weight.style.display = 'none';
					indicator.style.display = 'none';
					
				}
			}
				
			function pickScoreList(vval, vtxt, cfunc, selm) {
				if (typeof(selm) == 'undefined') {
					top.isPickLookupList = true;
				}
				var otip = $sf("spTip");
				if (otip == null) return;
				if (selm != null) {
					var oelm = $sf(selm);
					if (oelm != null)
						otip.elm = oelm;
				}
			 
				if (otip.elm != null) {
					if ($sf('err' + otip.elm.id)) {
						$sf('err' + otip.elm.id).style.display = "none";
					}
					if (otip.elm.value != null) {
						if (vtxt != null) {
							//logthis(vtxt);
							otip.elm.value = vtxt.split('|')[0];
							if (selm == null)
								formodified(otip.elm);
							var ohdn_ = "hdn" + otip.elm.id.substr(3);
							var ohdn = $sf(ohdn_);
							if (!ohdn) {
								if (frames) { 
									for (var i = 0; i &lt; frames.length; i++) {
									   
										if ($sf(ohdn_, frames[i]) != null) {
											ohdn = $sf(ohdn_, frames[i]);
											break;
										}
									}
								}
							}
							if (ohdn != null) {
								ohdn.value = vval;
							}
						} else {
							otip.elm.value = vval;
						}
					} else if (otip.elm.innerHTML != null) {
						if (vtxt != null)
							otip.elm.innerHTML = vtxt;
						else
							otip.elm.innerHTML = vval;
					}
				}
				hideTip();
				if (cfunc) {
					cfunc();
				}
			}*/
		</SCRIPT>
	</SFFORM>
</SFPAGE>