<SFPAGE TITLE="pmform" ACCESS="hrm.setting.performance.pmform:add">
	<SFFORM TITLE="Add Simple Performance Form" DATASOURCE="" ACTION="SimplePerformanceSetting.Add" NAME="frmSimpPerf" WIDTH="800" HEIGHT="500">
		<TOOLBAR>
			<BUTTON TYPE="Help"></BUTTON>
			<BUTTON TYPE="Close"></BUTTON>
		</TOOLBAR>
		<FIELDSET>
			<INPUT LABEL="Code" NAME="form_code" PARAM="form_code" REQUIRED="YES" TYPE="TEXT" VALIDATE="CODE" VALIDTEXT=".-"/>
			<INPUT LABEL="Performance Form" NAME="form_desc" PARAM="form_desc" REQUIRED="YES" TYPE="MEMO" MAXLEN="255"/>
			<INPUT LABEL="Copy Form" NAME="lookup_form" PARAM="lookup_form" TYPE="SELECT" LISTSOURCE="SimplePerformance" ONCHANGE="copyForm(this.value)"/>
			
			<INPUT LABEL="Performance Date" NAME="date_definedby" PARAM="date_definedby" TYPE="RADIO" OPTIONS="1*=By Admin|2=By User" ONCHANGE="datedefined()"/>
			<INPUT LABEL="~" NAME="form_date" PARAM="form_date" TYPE="DATE" DEFAULT="NOW"/>

			<INPUT LABEL="Target Setup Date" NAME="setup_startdate" PARAM="setup_startdate" TYPE="DATE" GROUP="setup"/>
			<INPUT LABEL="To" NAME="setup_enddate" PARAM="setup_enddate" TYPE="DATE" GROUP="setup~"/>
			<INPUT LABEL="Target Setup Date" NAME="setup_month" PARAM="setup_month" TYPE="SELECT" REQUIRED="YES" LISTSOURCE="SimplePerformanceSetting.getMonth"/>

			<INPUT LABEL="Question Weight Type" NAME="form_questweighttype" PARAM="form_questweighttype" TYPE="RADIO" OPTIONS="D*=Credit|P=Percentage" ONCHANGE="datedefined()"/>
			<INPUT LABEL="Conclusion Score" NAME="form_conscore" PARAM="form_conscore" TYPE="HIDDEN"/>
			<INPUT LABEL="Grade" TYPE="FILTER" ERRMSG="Please Filter Grade" 
				LISTSOURCE="SimplePerformanceSetting.filterGrade" LISTMEMBER="SimplePerformanceSetting.getGradeMember" ROW="6" MAXROW="50" NAME="lstgradecode"/>
		</FIELDSET>
		<SCRIPT FOR="FOOTER">
			function datedefined()
			{
				document.getElementById('tr_inp_setup_month').style.display='none';
				
				var rbval = $('input:radio[name=inp_date_definedby]:checked').val();
				if (rbval == 1){
					document.getElementById('tr_inp_form_date').style.display='';
					document.getElementById('tr_inp_setup_startdate').style.display='';
					//document.getElementById('tr_inp_setup_month').style.display='none';
				}
				else{
					document.getElementById('tr_inp_form_date').style.display='none';
					document.getElementById('tr_inp_setup_startdate').style.display='none';
					//document.getElementById('tr_inp_setup_month').style.display='';
				}
			}
			
			datedefined();
			
			function validateOther(){
			    if (($('##inp_setup_startdate').val()!='')[and]($('##inp_setup_enddate').val()!='')){
    			    var temp = date_compare(document.getElementById('cal_setup_startdate'),document.getElementById('cal_setup_enddate'));
    			    if(parseInt(temp) == 2){
    					alert("[SFTEXT:ERTarget setup End Date must be greater than or equal to Target setup Start Date]");
    					$('##cal_setup_enddate').focus();
    					return false;
    		        }
    		        else{
    		            return true;
    		        }
    		    }else{
    		        return true;
    		    }
			    
			}
			
			/* <!-- ENC50218-81422 -->*/
			function copyForm(val){
                if(val !== ''){
                    $('[id=tr_inp_lstgradecode]').hide();
                    
                    getAJAXContent('?ofid=SimplePerformanceSetting.ajaxGetPerFormJSON&amp;form_code='+val , "minitext", 1, function(data) {
                        /* console.log(datas); */
                        datas = JSON.parse(data);
        				if(datas.form_date != ''){
        					$('input:radio[name=inp_date_definedby]')[0].checked = true;
        					$('[id=cal_form_date],[id=inp_form_date]').val(datas.form_date);
        					$('[id=cal_setup_startdate],[id=inp_setup_startdate]').val(datas.setup_startdate);
        					$('[id=cal_setup_enddate],[id=inp_setup_enddate]').val(datas.setup_enddate);
        				}
        				else{
        					$('input:radio[name=inp_date_definedby]')[1].checked = true;
        				};
                        $('[name=inp_form_questweighttype][value='+datas.form_questweighttype+']').attr('checked',true);
        				datedefined();
                    });
                    
                }else{
                    $('[id=tr_inp_lstgradecode]').show();
                }
            }
			/* <!-- ENC50218-81422 -->*/
			
		</SCRIPT>
		<BUTTONLIST>
			<BUTTON TYPE="Cancel"></BUTTON>
			<BUTTON TYPE="Submit"></BUTTON>
		</BUTTONLIST>
	</SFFORM>
</SFPAGE>
