<SFPAGE TITLE="pmform" ACCESS="hrm.setting.performance.pmform:edit">
	<SFFORM TITLE="Score Type" SHOWWINDOW="No" DATASOURCE="" ACTION="" NAME="frmScoreType" HEIGHT="350" WIDTH="650">
		<SCRIPT FOR="FOOTER">
		function setCustScore() {
			var customfor = '#customfor#';
			var choice = '';
			var radios = document.getElementsByName('inp_score_type');
			for (var i = 0, length = radios.length; i [lt] length; i++) {
				if (radios[i].checked) {
					choice = radios[i].value;
				}
			}
			
			// Range
			if(choice == 'R'){
				if(parseFloat($sf('inp_score_to').value)[lt]parseFloat($sf('inp_score_from').value)){
					alert("[SFTEXT:From Value must be less than To Value]");
				}
				else{
					if(customfor == 'ACT'){
						opener.$sf('customactual_#row#').value = 'R'+'|'+$sf('inp_score_from').value+'|'+$sf('inp_score_to').value;
					}
					else{
						opener.$sf('customscore_#row#').value = 'R'+'|'+$sf('inp_score_from').value+'|'+$sf('inp_score_to').value;
					}
					
					alert("[SFTEXT:JSSuccessfully set your customized score]");
					popClose();
				}
			}
			// List
			else{
			if(cekSetList()){
				alert("[SFTEXT:Please set all fields required]");
			}
			else if (cekScoreValue()){
				if(customfor == 'ACT')
				{
					opener.$sf('customactual_#row#').value = 'L'+'|';
					for (i=1;i[lt]=$sf('inp_total_row_score').value;i++){
						opener.$sf('customactual_#row#').value += $sf('scorevalue_'+i).value+'~'+$sf('scoremask_'+i).value+'~'+$sf('scoredesc_'+i).value;
						if(i!=$sf('inp_total_row_score').value){
							opener.$sf('customactual_#row#').value +='|';
						}
					}
				}
				else {
					opener.$sf('customscore_#row#').value = 'L'+'|';
					for (i=1;i[lt]=$sf('inp_total_row_score').value;i++){
						opener.$sf('customscore_#row#').value += $sf('scorevalue_'+i).value+'~'+$sf('scoremask_'+i).value+'~'+$sf('scoredesc_'+i).value;
						if(i!=$sf('inp_total_row_score').value){
							opener.$sf('customscore_#row#').value +='|';
						}
					}
				}
				alert("[SFTEXT:JSSuccessfully set your customized score]");
				popClose();
			}
			else{
				alert("[SFTEXT:ERScore Value Must Be a Number]");
			}
			}
		}		

		function changeScoreType(thetype){
			if (thetype=='L'){
				document.getElementById('fset_1').style.display = '';
				document.getElementById('fset_2').style.display = 'none';				
			}else{
				document.getElementById('fset_1').style.display = 'none';
				document.getElementById('fset_2').style.display = '';				
			}
		}		
		
		function cekSetList(){
			var terisi = 0;
			$('input[class="gridbox"]').each(function(){
				if($(this).val()==''){
					terisi = 1;
				}
			});
			return terisi;
		}
		
		function cekScoreValue(){
			var cekskor = 0;
			$('input[name^="scorevalue_"]').each(function(){
				if(($(this).val()!='')[AND](!isNaN($(this).val()))){
					cekskor++;
				}
			});
			if(cekskor != $('input[name^="scorevalue_"]').length) cekskor = 0;
			return cekskor;
		}
		</SCRIPT>
		<TOOLBAR>
			<BUTTON TYPE="Help"></BUTTON>
			<BUTTON TYPE="Close"></BUTTON>
		</TOOLBAR>
		<FIELDSET>
			<INPUT LABEL="Score Type" NAME="score_type" PARAM="score_type" TYPE="RADIO" OPTIONS="R*=Range Value|L=List Value" ONCHANGE="changeScoreType(this.value)"/>
		</FIELDSET>
		<FIELDSET LABEL="List Value">
			<INPUT LABEL="-" NAME="total_row_score" PARAM="total_row_score" TYPE="HIDDEN" SIZE="4" DEFAULT="1"/>
			<INPUT LABEL="-" TYPE="SCRIPT" NAME="AB" TEMPLATE="hrm.setting.performance.pmform.customscoretype&amp;lstcustom=#lstcustom#"/>			
		</FIELDSET>
		<FIELDSET LABEL="Range Value">
			<INPUT LABEL="From" NAME="score_from" PARAM="score_from" TYPE="NUMERIC" SIZE="4" DEFAULT="0" GROUP="vp"/>
			<INPUT LABEL="To" NAME="score_to" PARAM="score_to" TYPE="NUMERIC" SIZE="4" DEFAULT="0" GROUP="vp~"/>					
		</FIELDSET>		
		<SCRIPT FOR="FOOTER">
			function SetCustomInit(){
				if ('#lstcustom#' != ''){
					var temp = '#lstcustom#';
					var temp2 = temp.split('|');
					if(temp2[0] == 'R'){
						$sf('inp_score_from').value = temp2[1];
						$sf('inp_score_to').value = temp2[2];
						
						document.getElementById('fset_1').style.display = 'none';		
						document.getElementById('fset_2').style.display = '';		
					}
					else{
						var radios = document.getElementsByName('inp_score_type');
						for (var i = 0, length = radios.length; i [lt] length; i++) {
							if (radios[i].value == 'L') {
								radios[i].checked = true;
							}
						}
						
						document.getElementById('fset_1').style.display = '';		
						document.getElementById('fset_2').style.display = 'none';		
					}
				}
				else{
					document.getElementById('fset_1').style.display = 'none';		
				}
			}
			SetCustomInit();
		</SCRIPT>			
		<BUTTONLIST>		
			<BUTTON TYPE="Cancel"></BUTTON>
			<BUTTON LABEL="Submit" ACTION="setCustScore();"></BUTTON>
		</BUTTONLIST>
	</SFFORM>
</SFPAGE>
