<SFPAGE TITLE="pmform" ACCESS="hrm.setting.performance.pmform:edit">
	<SFFORM TITLE="Edit Simple Performance Form" DATASOURCE="SimplePerformanceSetting" ACTION="SimplePerformanceSetting.Save" NAME="frmSimpPerf" WIDTH="800" HEIGHT="500">
		<TOOLBAR>
			<BUTTON TYPE="Help"></BUTTON>
			<BUTTON TYPE="Close"></BUTTON>
		</TOOLBAR>
		<FIELDSET>
			<INPUT LABEL="Code" NAME="form_code" PARAM="form_code" TYPE="LABEL"/>
			<INPUT LABEL="Performance Form" NAME="form_desc" PARAM="form_desc" REQUIRED="YES" TYPE="MEMO" MAXLEN="255"/>
			<INPUT LABEL="Performance Date" NAME="date_definedby" PARAM="date_definedby" TYPE="RADIO" OPTIONS="1*=By Admin|2=By User" ONCHANGE="datedefined()"/>
			<INPUT LABEL="~" NAME="form_date" PARAM="form_date" TYPE="DATE"/>
			<INPUT LABEL="~" NAME="lbl_form_date" PARAM="form_date" TYPE="LABEL" LABELDATE="#request.config.DATE_OUTPUT_FORMAT#"/>

			<INPUT LABEL="Target Setup Date" NAME="setup_startdate" PARAM="setup_startdate" TYPE="DATE" GROUP="setup"/>
			<INPUT LABEL="To" NAME="setup_enddate" PARAM="setup_enddate" TYPE="DATE" GROUP="setup~"/>
			<INPUT LABEL="Target Setup Date" NAME="setup_month" PARAM="setup_month" TYPE="SELECT" REQUIRED="YES" LISTSOURCE="SimplePerformanceSetting.getMonth"/>

			<INPUT LABEL="Question Weight Type" NAME="form_questweighttype" PARAM="form_questweighttype" TYPE="RADIO" OPTIONS="D*=Credit|P=Percentage" ONCHANGE="datedefined()"/>
			<INPUT LABEL="Conclusion Score" NAME="form_conscore" PARAM="form_conscore" TYPE="HIDDEN"/>
			<INPUT LABEL="Grade" TYPE="FILTER" ERRMSG="Please Filter Grade" 
				LISTSOURCE="SimplePerformanceSetting.filterGrade" LISTMEMBER="SimplePerformanceSetting.getGradeMember" ROW="6" MAXROW="50" NAME="lstgradecode" PARAM="lstgradecode"/>
		</FIELDSET>
		<SCRIPT FOR="FOOTER">
			function firstinit(){
				var tgl = '#dateformat(qForm.form_date,'DDMMYYYY')#';
				//if('#qForm.form_date#' != ''){ because format '#qForm.form_date#' any ''
				if(tgl != ''){
					$('input:radio[name=inp_date_definedby]')[0].checked = true;
				}
				else{
					$('input:radio[name=inp_date_definedby]')[1].checked = true;
				}
				
				if('#qForm.dtdef_disabled#' == '1'){
					$('input:radio[name=inp_date_definedby]').each(function(){
						this.disabled=true;
					})
					$('select[name=unselinp_lstgradecode]').attr("disabled","true");
					$('select[name=selinp_lstgradecode]').attr("disabled","true");
					$('input[name=inp_lstgradecode]').attr("disabled","true");
				}
				
				if('#qForm.qwtype_disabled#' == '1')
				$('input:radio[name=inp_form_questweighttype]').each(function(){
					this.disabled=true;
				})
				
				datedefined();
			}
			firstinit();
			
			function datedefined()
			{
				document.getElementById('tr_inp_setup_month').style.display='none';
				
				var rbval = $('input:radio[name=inp_date_definedby]:checked').val();
				if (rbval == 1){
					$('##tr_inp_setup_startdate').css("display","");

					if('#qForm.dtdef_disabled#' == '1'){
						$('##tr_inp_lbl_form_date').css("display","");
						$('##tr_inp_form_date').css("display","none");
					}
					else{
						$('##tr_inp_lbl_form_date').css("display","none");
						$('##tr_inp_form_date').css("display","");
					}
				}
				else{
					$('##tr_inp_form_date').css("display","none");
					$('##tr_inp_lbl_form_date').css("display","none");
					
					$('##tr_inp_setup_startdate').css("display","none");
				}
			}
			
			function validateOther(){
			    if (($('##inp_setup_startdate').val()!='')[and]($('##inp_setup_enddate').val()!='')){
    			    var temp = date_compare(document.getElementById('cal_setup_startdate'),document.getElementById('cal_setup_enddate'));
    			    if(parseInt(temp) == 2){
    					alert("[SFTEXT:ERTarget setup End Date must be greater than or equal to Target setup Start Date]");
    					$('##cal_setup_enddate').focus();
    					return false;
    		        }
    		        else{
    		            return true;
    		        }
    		    }else{
    		        return true;
    		    }
			    
			}
		</SCRIPT>
		<BUTTONLIST>
			<BUTTON TYPE="Cancel"></BUTTON>
			<BUTTON TYPE="Delete"></BUTTON>
			<BUTTON TYPE="Submit"></BUTTON>
		</BUTTONLIST>
	</SFFORM>
</SFPAGE>
