<SFPAGE TITLE="pmform" ACCESS="hrm.setting.performance.pmform:read">
	<SFGRID DATASOURCE="SimplePerformanceSetting" TITLE="Simple Performance Form Setting">
		<TOOLBAR>
			<BUTTON TYPE="Add"></BUTTON>
			<BUTTON TYPE="Print"></BUTTON>
			<BUTTON TYPE="PDF"></BUTTON>
			<BUTTON TYPE="Excel"></BUTTON>
			<BUTTON TYPE="Openoffice"></BUTTON>
			<BUTTON TYPE="Reload"></BUTTON>
			<BUTTON TYPE="Help"></BUTTON>
		</TOOLBAR>
		<COLUMN TITLE="Code" FIELD="form_code" WIDTH="100" LINK="hrm.setting.performance.pmform.edit?form_code=[form_code]" LINKTYPE="INNERPOP"></COLUMN>
		<COLUMN TITLE="Performance Form" FIELD="form_desc" WIDTH="300"></COLUMN>
		<COLUMN TITLE="Conclusion" FIELD="score_desc" WIDTH="300"></COLUMN>
		<COLUMN TITLE="Set Question" ICON="ico-edit.png" LINK="hrm.setting.performance.pmform.setdetail?form_code=[form_code]" LINKTYPE="INNERPOP" TIP="Set Question"></COLUMN>
		<COLUMN TITLE="Preview" ICON="usergroup.png" LINK="hrm.setting.performance.pmform.preview?form_code=[form_code]" LINKTYPE="INNERPOP" TIP="Preview Form"></COLUMN>
		
	</SFGRID>
</SFPAGE>
