<SFPAGE TITLE="pmform" ACCESS="hrm.setting.performance.pmform:edit">
	<SFFORM TITLE="Simple Performance Preview" DATASOURCE="SimplePerformanceSetting.Preview" ACTION="SimplePerformanceSetting.SetDetail" NAME="frmSimpPerf" WIDTH="1050" HEIGHT="500">
		<TOOLBAR>
			<BUTTON TYPE="Help"></BUTTON>
			<BUTTON TYPE="Close"></BUTTON>
		</TOOLBAR>
		<FIELDSET>
			<INPUT LABEL="Performance Form Code" NAME="form_code" PARAM="form_code" TYPE="LABEL"/>
			<!--<INPUT LABEL="Position" NAME="filterpos" PARAM="filterpos" TYPE="SELECT" LISTSOURCE="SimplePerformanceSetting.SelPosition" ONCHANGE="FilterByPosition(this)"/>-->
			<INPUT LABEL="Performance Form Date" NAME="appraisal_date_lbl" PARAM="appraisal_date" TYPE="LABEL" LABELDATE="#request.config.DATE_OUTPUT_FORMAT#"/>
			<INPUT LABEL="Performance Form Date" NAME="appraisal_date" PARAM="appraisal_date" TYPE="DATE" DEFAULT="NOW"/>
			<INPUT LABEL="Show Questions for" NAME="showquestionfor" PARAM="showquestionfor" TYPE="RADIO" OPTIONS="ALL*=All Positions" ONCHANGE="FilterByPosition(this)"/>
			<INPUT LABEL="~" NAME="showquestionfor" PARAM="showquestionfor" TYPE="RADIO" OPTIONS="CERT=Certain Position" GROUP="certain" ONCHANGE="FilterByPosition(this)"/>
			<!--<INPUT LABEL="~" NAME="certainpos" PARAM="certainpos" TYPE="SELECT" LISTSOURCE="SimplePerformanceSetting.SelPosition" ONCHANGE="cekFilterQuestion(this)" GROUP="certain~"/>-->
		    	<INPUT LABEL="Position" TYPE="SUGGEST" PARAM="pos" LISTSOURCE="SimplePerformanceSetting.SelTipPosition"  ONCHANGE = "onPosChange()"  ONKEYPRESS="onPosChange()" REQUIRED="YES" GROUP="certain~"/>
		<INPUT LABEL="~" NAME="posfor" PARAM="BoxAnalysis" TYPE="HIDDEN"/>
		   	<!--<INPUT  LABEL="~"  TYPE="SUGGEST" PARAM="pos" LISTSOURCE="SimplePerformanceSetting.SelTipPosition" ONCHANGE = "onPosChange()" REQUIRED="YES" GROUP="certain~"/>
			<INPUT LABEL="~" NAME="posfor" PARAM="BoxAnalysis" TYPE="HIDDEN"/>-->
		</FIELDSET>
		<FIELDSET LABEL="Preview">
			<INPUT LABEL="-" NAME="detail" PARAM="detail" TYPE="SCRIPT" TEMPLATE="hrm.setting.performance.pmform.preview?form_code={form_code}&amp;position_id=ALL&amp;grade_code=#qForm.grade_code#"/>
		</FIELDSET>
		<SCRIPT FOR="FOOTER">
			function setInit(){
			    if('#len(qForm.appraisal_date)#'== 0){
					$sf('tr_inp_appraisal_date_lbl').style.display = 'none';
					$sf('tr_inp_appraisal_date').style.display = '';
				}
				else{
					$sf('tr_inp_appraisal_date_lbl').style.display = '';
					$sf('tr_inp_appraisal_date').style.display = 'none';
				}
			}
			setInit();
            function onPosChange(){
		        var pos = $('[id=hdn_pos]').val();
		        $('[id=inp_posfor]').val(pos);
		     	console.log("test2",pos);
		     	    document.getElementsByName("inp_showquestionfor")[1].checked = true;
		        	FilterByPosition(pos);
		     
		    }
		    function FilterByPosition(obj){
			    var posvalue = obj.value;
			    console.log("test",posvalue);
				if(posvalue !== 'ALL'){
					posvalue = $("##inp_posfor").val();
				   console.log("test 3",posvalue);
				  	getAJAXContent('?sfid=hrm.setting.performance.pmform.preview&amp;form_code=#qForm.form_code#&amp;position_id='+posvalue+'&amp;grade_code=#qForm.grade_code#',$sf("previewall"));
				}
				else{
				    $("##inp_posfor").val('');
				    $("##hdn_pos").val('');
				    	getAJAXContent('?sfid=hrm.setting.performance.pmform.preview&amp;form_code=#qForm.form_code#&amp;position_id='+posvalue+'&amp;grade_code=#qForm.grade_code#',$sf("previewall"));
				}
			    	
			

			}
				function cekFilterQuestion(z){
				$('input:radio[name=inp_showquestionfor]:nth(1)').attr('checked',true);				
				FilterByPosition(z);
			}
		</SCRIPT>
		<BUTTONLIST>
			<BUTTON TYPE="Cancel"></BUTTON>
		</BUTTONLIST>
	</SFFORM>
</SFPAGE>





