<SFPAGE TITLE="pmform" ACCESS="hrm.setting.performance.pmform:edit">
	<SFFORM TITLE="Set Simple Performance Form Detail" DATASOURCE="SimplePerformanceSetting.ViewDetail" ACTION="SimplePerformanceSetting.SetDetail" NAME="frmSimpPerf" WIDTH="1100" HEIGHT="500">
		<TOOLBAR>
			<BUTTON TYPE="Help"></BUTTON>
			<BUTTON TYPE="Close"></BUTTON>
		</TOOLBAR>
		<FIELDSET>
			<INPUT LABEL="FDCode" NAME="form_code" PARAM="form_code" TYPE="LABEL"/>
			<INPUT LABEL="Conclusion" NAME="conscore" PARAM="conscore" TYPE="SELECT" REQUIRED="YES" LISTSOURCE="SimplePerformanceSetting.GetConclScoreType"/>
			
			<INPUT LABEL="Show Questions for" NAME="showquestionfor" PARAM="showquestionfor" TYPE="RADIO" OPTIONS="ALL*=All Positions" ONCHANGE="FilterQuestion(this);"/>
			<INPUT LABEL="~" NAME="showquestionfor" PARAM="showquestionfor" TYPE="RADIO" OPTIONS="CERT=Certain Position" GROUP="certain" ONCHANGE="FilterQuestion(this)"/>
			<INPUT LABEL="~" NAME="certainpos" PARAM="certainpos" TYPE="SELECT" LISTSOURCE="SimplePerformanceSetting.SelPosition" ONCHANGE="cekFilterQuestion(this)" GROUP="certain~"/>
			
			<INPUT LABEL="Question Composition" TYPE="BUTTON" ONCLICK="previewquestcomp()"/>
			<!-- CMT01-YAN : Ubah tampilan -->
			<!-- CMT01-YAN [started] -->
			<!--
			<INPUT LABEL="Filter Question By Position" NAME="filterpos" PARAM="filterpos" TYPE="SELECT" LISTSOURCE="SimplePerformanceSetting.SelPosition" ONCHANGE="FilterQuestion(this)"/>
			-->
			<!-- CMT01-YAN [finished] -->
			<INPUT LABEL="-" NAME="total_row" PARAM="total_row" DEFAULT="1" TYPE="HIDDEN"/>
		</FIELDSET>
		<FIELDSET LABEL="Detail Question">
			<INPUT LABEL="~" NAME="detail_question" TYPE="SCRIPT" TEMPLATE="hrm.setting.performance.pmform.setdetail?form_code={form_code}"/>
		</FIELDSET>
		<FIELDSET LABEL="Additional Notes">
			<INPUT LABEL="Amount" NAME="note_amount" PARAM="note_amount" TYPE="SELECT" FROM="1" TO="5" ONCHANGE="setNotesTable(this.value)"/>
			<INPUT LABEL="~" NAME="detail_notes" TYPE="SCRIPT" TEMPLATE="hrm.setting.performance.pmform.addnotes?form_code={form_code}"/>
		</FIELDSET>
		<SCRIPT FOR="FOOTER">
			function validateOther(){
				var elements = document.forms["frmSimpPerf"].elements;
				var continueVal = true;
				
				//validasi as achievement
				$('select[id^=scoring_]').each(function () {
                  var number = $(this).attr("id").split("_")[1];
                  if ($(this).val() == 'ASACT' [and] $('##actual_'+number).val() == 'FREE'){
                    $(this).focus();
                    alert("[SFTEXT:ERScore type can't be 'Same As Achievement' due to the Achievement is set as 'Free Text']");
                    continueVal = false;
                    return false;
                   }
                });

				
				//var totalrow = $("##inp_total_row").val();
				for (var i = 0; i &lt; elements.length; i++)
				{
					if ((elements[i].className=='checkRequired') [and] (elements[i].value == "") [and] ($sf("iscat_"+elements[i].id.split('_')[1]).checked == false)) // [and] (document.getElementById('iscat_'+i).checked == false)
					{
						elements[i].focus();
						alert("[SFTEXT:ERPlease Insert Required Field!]");
						return false;
					}
				}	

				// validasi value numeric
				$("input[name*='weight_']").each(function(){
					if($(this).attr("id").split("_")[0] == 'weight'){
						if (isNaN($(this).val())){
							alert("[SFTEXT:ERWeight value must be a numeric value]");
							$(this).focus();
							continueVal = false;
							return false;
						}
					}
				});
				
				if(continueVal){
					$('select[name*="actual_"]').each(function(){
						if(($(this).val() == 'CUSTOM') [and] ($('##customactual_'+$(this).attr("id").split("_")[1]).val().length == 0)){
							alert("[SFTEXT:ERYou have not set the customized score]");
							$(this).focus();
							continueVal = false;
						}
					});
				}
				
				if(continueVal){
					$('select[name*="scoring_"]').each(function(){
						if(($(this).val() == 'CUSTOM') [and] ($('##customscore_'+$(this).attr("id").split("_")[1]).val().length == 0)){
							alert("[SFTEXT:ERYou have not set the customized score]");
							$(this).focus();
							continueVal = false;
						}
					});
				}
				
				if(!continueVal){
					return false;
				}
			  
				if(checkRules()){
					//getAllPosDefined();
					return checkWeight();
				}
			}
			function cekFilterQuestion(z){
				$('input:radio[name=inp_showquestionfor]:nth(1)').attr('checked',true);				
				FilterQuestion(z);
			}
			function previewquestcomp(){
				window.open('?rpid=PMQuestionComposition&amp;form_code=#qForm.form_code#','window_pfh','menubar=1,resizable=1');
			}
		</SCRIPT>
		<BUTTONLIST>
			<BUTTON TYPE="Cancel"></BUTTON>
			<BUTTON TYPE="Submit"></BUTTON>
		</BUTTONLIST>
	</SFFORM>
</SFPAGE>
