<SFPAGE TITLE="pmform" ACCESS="hrm.setting.performance.pmform:edit">
	<SFFORM TITLE="Set Target for Position" SHOWWINDOW="No" DATASOURCE="SimplePerformanceSetting.ViewDetail" ACTION="SimplePerformanceSetting.SetDetail" NAME="frmSimpPerf" WIDTH="800" HEIGHT="400">
		<TOOLBAR>
			<BUTTON TYPE="Help"></BUTTON>
			<BUTTON TYPE="Close"></BUTTON>
		</TOOLBAR>
		<FIELDSET>
			<!--<INPUT LABEL="Form Code" NAME="form_code" PARAM="form_code" TYPE="LABEL"/>-->
			<INPUT LABEL="Position" TYPE="FILTER" ERRMSG="Please Filter Position" 
				LISTSOURCE="SimplePerformanceSetting.filterPos" LISTMEMBER="SimplePerformanceSetting.getPosMember" ROW="10" MAXROW="50" NAME="lstposcode" PARAM="lstposcode" DEFAULT="{lstposcode}"/>
			<INPUT LABEL="Display" NAME="btnBrowse" TYPE="BUTTON" ONCLICK="browse()"/>
			<INPUT LABEL="-" NAME="iscatbefore" PARAM="iscatbefore" TYPE="HIDDEN" DEFAULT="{iscatbefore}"/>
		</FIELDSET>
		<FIELDSET LABEL="Detail">
			<INPUT LABEL="-" NAME="targetdetail" TYPE="SCRIPT" TEMPLATE="hrm.setting.performance.pmform.settargetpos&amp;form_code=#qForm.form_code#&amp;lstinput=#lstinput#&amp;iscat=#iscat#"/>
		</FIELDSET>
		<SCRIPT FOR="FOOTER">

		function SetInit(){
			if(opener.$sf('iscat_'+#row#).checked == true){
				$sf('btn_a_1').style.display = 'none';
			}
			else{
				$sf('btn_a_2').style.display = 'none';
			}
		}
		SetInit();
		
		// cek kalo yang di set tidak ada untuk yang difilter
		function checkIfFilterPosIsInSetPos(){
			var cekpos = 0;
			for(i=0;i[lt]document.getElementById('selinp_lstposcode').length;i++){
				if(opener.FilterPosValue() == document.getElementById('selinp_lstposcode')[i].value){
					cekpos=1;
				}
			}
			if(cekpos){
				return checkIfPosQuestInSameCatIsNotSet();
			}
			else{
				alert("[SFTEXT:ERyou can not eliminate]"+" \""+opener.getPosName(opener.FilterPosValue())+"\" "+"[SFTEXT:ERwhile featuring questions or categories for that position]");
				return false;
			}
		}
		
		//cek kalo ada posisi yang ada di question yang sama kategorinya dipindahin ke kiri
		function checkIfPosQuestInSameCatIsNotSet(){
			var yance = '#posinsamecat#';
			var arrSelInpPosnya = new Array();
			var arrPosYgGaAda = new Array();

			for(i=0;i[lt]document.getElementById('selinp_lstposcode').length;i++){
				arrSelInpPosnya.push(document.getElementById('selinp_lstposcode')[i].value)
			}
			
			if(yance.indexOf(',')===-1){
				if(jQuery.inArray(yance, arrSelInpPosnya)[lt]0){
					alert("ga boleh oi");
					return false;
				}
			}
			else{
				var arrYance = yance.split(',');
					for(yc=0;yc[lt]arrYance.length;yc++){
						if(jQuery.inArray(arrYance[yc], arrSelInpPosnya)[lt]0){
							//alert("ga ada "+arrYance[yc]);
							arrPosYgGaAda.push(opener.getPosName(arrYance[yc]));
						}
					}
			}
			
			if(arrPosYgGaAda.length){
				alert('the position(s) below is set for other question in this category \n'+arrPosYgGaAda.join('\n'));
				return false;
			}
			else return true;
		}
		
		
		function browse(){
			var lstposid = '';
			for(i=0;i[lt]document.getElementById('selinp_lstposcode').length;i++){
				if (lstposid.length [gt] 1){
					lstposid=lstposid + ',' +document.getElementById('selinp_lstposcode')[i].value;
				}
				else{
					lstposid=document.getElementById('selinp_lstposcode')[i].value;
				}
			}
			
			if(checkIfFilterPosIsInSetPos()){
				getAJAXContent('?sfid=hrm.setting.performance.pmform.settargetpos&amp;form_code=#qForm.form_code#&amp;lstposid='+lstposid+'&amp;iscat=#iscat#',$sf("inp_targetdetail"));
			}
		}

		function setAllValue(){
			var posidlength = document.getElementById('selinp_lstposcode').length;

			if(posidlength==0){
				alert("[SFTEXT:ERPlease Select position that you want to set]");
			}
			else if($sf("inp_targetdetail").innerHTML == ''){
				alert("[SFTEXT:ERPlease Set position target and weight]");
			}
			else if(!cekDetailRequired()){
				alert("[SFTEXT:ERPlease Set position target and weight]");
			}
			else if(cekDetailRequired()!=posidlength*2){
				alert("[SFTEXT:ERThe number of position selected and number of position set are different]");
			}
			else if(checkIfFilterPosIsInSetPos()){
			
			var lstposid = '';
			var lsttarget = '';
			var lstweight = '';
			
			var oldlstposid = '#lstposcode#';
			
			var oldlstweight = '#lstinput#';
			if(oldlstweight.length){
			oldlstweight = oldlstweight.split('|')[1];
			}
			
			for(i=0;i[lt]posidlength;i++){
				if (lstposid.length [gt] 1){
					lstposid=lstposid + ',' +document.getElementById('selinp_lstposcode')[i].value;
					var temp = document.getElementById('selinp_lstposcode')[i].value;
					lsttarget=lsttarget + ';' +document.getElementById('target_'+temp).value;

					lstweight=lstweight + ';' +document.getElementById('weight_'+temp).value;
				}
				else{
					lstposid=document.getElementById('selinp_lstposcode')[i].value;
					var temp = document.getElementById('selinp_lstposcode')[i].value;
					lsttarget=document.getElementById('target_'+temp).value;

					lstweight=document.getElementById('weight_'+temp).value;
				}

				if(opener.FilterPosValue() == document.getElementById('selinp_lstposcode')[i].value){
					opener.$('##weight_'+#row#).val(document.getElementById('weight_'+temp).value);
					opener.$('##target_'+#row#).val(document.getElementById('target_'+temp).value);
				}
			}
			
			opener.$sf('questforpos_'+#row#).value = lstposid+'|'+lstweight+'|'+lsttarget;
			//opener.$sf('target_'+#row#).value = "0";
			//opener.$sf('target_'+#row#).disabled = true;
			alert('Successfully set position weight and target for this question');

			opener.$('##defpos_'+#row#).css("border-style","inset");
			opener.$('##allpos_'+#row#).css("border-style","outset");

			popClose();

			}
		}

		function cekDetailRequired(){
			var valback = $(".DetailRequired").length;
			$(".DetailRequired").each(function(){
				if($(this).val() == ""){
					valback = 0;
				}
			});
			return valback;
		}
		
		function setPosValue(){
			var posidlength = document.getElementById('selinp_lstposcode').length;
			
			if(posidlength==0){
				alert("[SFTEXT:ERPlease Select position that you want to set]");
			}
			else if($sf("inp_targetdetail").innerHTML == ''){
				alert("[SFTEXT:ERPlease Set position weight]");
			}
			else if(!cekDetailRequired()){
				alert("[SFTEXT:ERPlease Set position weight]");
			}
			else if(cekDetailRequired()!=posidlength){
				alert("[SFTEXT:ERThe number of position selected and number of position set are different]");
			}
			else if(checkIfFilterPosIsInSetPos()){
			
			checkIfPosQuestInSameCatIsNotSet();

			var lstposid = '';
			var lstweight = '';
			for(i=0;i[lt]posidlength;i++){
				if (lstposid.length [gt] 1){
					lstposid=lstposid + ',' +document.getElementById('selinp_lstposcode')[i].value;
					var temp = document.getElementById('selinp_lstposcode')[i].value;
					lstweight=lstweight + ';' +document.getElementById('weight_'+temp).value;
				}
				else{
					lstposid=document.getElementById('selinp_lstposcode')[i].value;
					var temp = document.getElementById('selinp_lstposcode')[i].value;
					lstweight=document.getElementById('weight_'+temp).value;
				}
				
				if(opener.FilterPosValue() == document.getElementById('selinp_lstposcode')[i].value){
					opener.$('##weight_'+#row#).val(document.getElementById('weight_'+temp).value);
				}
			}
			opener.$sf('catforpos_'+#row#).value = lstposid+'|'+lstweight;
			alert('Successfully set position weight for this Category');

			opener.$('##defpos_'+#row#).css("border-style","inset");
			opener.$('##allpos_'+#row#).css("border-style","outset");

			popClose();
			
			}
		}
		
		function setButtonBack(){
			if((opener.$sf('iscat_'+#row#).checked == true)[and](opener.$sf('catforpos_'+#row#).value == '')){
				opener.changeQuestFor('ALL',#row#);
			}
			else if((opener.$sf('iscat_'+#row#).checked == false)[and](opener.$sf('questforpos_'+#row#).value == '')){
				opener.changeQuestFor('ALL',#row#);
			}
		}
		</SCRIPT>
		<BUTTONLIST>
			<BUTTON LABEL="Cancel" ACTION="setButtonBack();popClose();"></BUTTON>
			<BUTTON LABEL="Submit" ACTION="setAllValue();"></BUTTON><!-- kalo tipenya question -->
			<BUTTON LABEL="Submit" ACTION="setPosValue();"></BUTTON><!-- kalo tipenya kategori -->
		</BUTTONLIST>
	</SFFORM>
</SFPAGE>
