<SFPAGE TITLE="boxanalysis" ACCESS="hrm.performance.evalform.boxanalysis:read">
	<SFFORM TITLE="boxanalysis" DATASOURCE="" ACTION="" NAME="frmboxanalysis" WIDTH="100%" HEIGHT="100%" SHOWWINDOW="NO">
		<TOOLBAR>
			<BUTTON TYPE="Help"></BUTTON>
			<BUTTON TYPE="Close"></BUTTON>
		</TOOLBAR>
		<FIELDSET LABEL="-">
			<INPUT LABEL="-" NAME="dpempid" TYPE="HIDDEN" PARAM="empid" DEFAULT="#empid#"/>
			<INPUT LABEL="-" NAME="frmboxanalysisdtl" PARAM="tmp" TYPE="SCRIPT" TEMPLATE="hrm.performance.evalform.boxanalysis.boxanalysisdetail&amp;REFDATE=#dateformat(REFDATE,'yyyy-mm-dd')#&amp;REGION=#REGION#&amp;report=#report#&amp;havcode=#havcode#&amp;isdashboard=#isdashboard#&amp;empid=#empid#&amp;org_unit=#org_unit#"/>
		</FIELDSET>
		<SCRIPT FOR="FOOTER">
			try {
				document.getElementById('pop_title').style.display = 'none';
				document.getElementById('form_toolbar').style.display = 'none';
				document.getElementById('pop_data').style = 'height:100%;border:none;';
			}
			catch(err) {

			}
		   
		</SCRIPT>
	</SFFORM>
</SFPAGE>
