<SFPAGE TITLE="devplan" ACCESS="hrm.performance.evalform:read">
	<SFFORM TITLE="Development Plan" DATASOURCE=""  TRACER="Employee Development" ACTION="PerformanceDevPlan.Add" NAME="frmPerfEval" WIDTH="1000" HEIGHT="500">
		<TOOLBAR>
			<BUTTON TYPE="Help"></BUTTON>
			<BUTTON TYPE="Close"></BUTTON>
		</TOOLBAR>
		<FIELDSET LABEL="-">
			<INPUT LABEL="Due Date Period" TYPE="DATE" NAME="startdate" PARAM="startdate" GROUP="duedate" DATECOMPARE="enddate" ERRMSG="End Date Must Grater Than Or Equal Start Date"/>
			<INPUT LABEL="To" TYPE="DATE" NAME="enddate" PARAM="enddate" REQUIRED="YES" GROUP="duedate~"/> 
			<INPUT LABEL="Display" NAME="selDisp" PARAM="selDisp" TYPE="CHECKBOX" OPTIONS="3*=All|2=Taken|1=Not Taken"/>
			<INPUT LABEL="Go" TYPE="BUTTON" SIZE="80" ONCLICK="getData()"/>
		</FIELDSET>
		<FIELDSET LABEL="-">
			<INPUT LABEL="-" NAME="dpempid" TYPE="HIDDEN" PARAM="empid" DEFAULT="#empid#"/>
			<INPUT LABEL="-" NAME="frmEvalHistory" TYPE="SCRIPT" TEMPLATE="hrm.performance.evalform.devplan.listing?empid=#empid#"/>
		</FIELDSET>
		<SCRIPT FOR="FOOTER">
		</SCRIPT>
		<BUTTONLIST>
			<BUTTON TYPE="Submit" Label="Save"></BUTTON>
		</BUTTONLIST>
	</SFFORM>
</SFPAGE>
