<SFPAGE TITLE="evalform" ACCESS="hrm.performance.evalform.devplan:edit"><!-- Update/Add-->
	<SFFORM TITLE="Edit" DATASOURCE="PerformanceDevPlan.View" ACTION="PerformanceDevPlan.Update" NAME="frmPerfDevPlan" WIDTH="800" HEIGHT="450" passing="uplan,pic">
		<TOOLBAR>
			<BUTTON TYPE="Help"></BUTTON>
			<BUTTON TYPE="Close"></BUTTON>
		</TOOLBAR>
		
		<FIELDSET>
			<INPUT LABEL="Employee No." NAME="empno" TYPE="LABEL" PARAM="empno"/>
			<INPUT LABEL="Employee Name" NAME="empname" TYPE="LABEL" PARAM="empname"/>
			<INPUT LABEL="Method" NAME="dpmethod" TYPE="SUGGEST" LISTSOURCE="PerformanceDevPlan.filterDevPlanMethod" PARAM="method_code" REQUIRED="YES" MANDATORY="YES"/>
			<INPUT LABEL="Description" NAME="dpdesc" TYPE="MEMO" ROW="4" PARAM="devplan_desc" REQUIRED="YES"/>
			<INPUT LABEL="Due Date" NAME="dpduedate" TYPE="DATE" PARAM="due_date" REQUIRED="YES"/>
			<INPUT LABEL="PIC" NAME="dppic" TYPE="SUGGEST" LISTSOURCE="PerformanceDevPlan.filterPIC" PARAM="pic" REQUIRED="YES" MANDATORY="YES"/>
			<!-- <INPUT LABEL="PIC" NAME="dppic" TYPE="LABEL" PARAM="namepic"/> -->
			<INPUT LABEL="Status" NAME="dpstatus" TYPE="RADIO" OPTIONS="0*=New|1=In Progress|2=Completed|3=Verified|4=Cancelled|5=Suspended" PARAM="status" ONCHANGE="statustask(this.value);"/>
			<INPUT LABEL="Status" NAME="status" TYPE="LABEL" PARAM="statusname" GROUP="stadate"/>
			<INPUT LABEL=" on " NAME="compdate" TYPE="LABEL" PARAM="completion_date" LABELDATE="#request.config.DATE_OUTPUT_FORMAT#" GROUP="stadate~" SHOWIF="(listfindnocase('2,3',qForm.status) neq 0) eq 'true'"/>
			<INPUT LABEL="Completion Date" NAME="completion_date" PARAM="completion_date" TYPE="DATE" DEFAULT="TODAY" REQUIRED="YES"/>
			<INPUT LABEL="Comment" NAME="dpnotes" TYPE="MEMO" ROW="4" PARAM="devplan_notes"/>
			<INPUT LABEL="~" NAME="hUname" TYPE="HIDDEN" PARAM="uname"/>
			<INPUT LABEL="~" NAME="hUplan" TYPE="HIDDEN" PARAM="uplan"/>
			<INPUT LABEL="~" NAME="emplogin" TYPE="HIDDEN" PARAM="emplogin"/>
			<INPUT LABEL="~" NAME="empsel" TYPE="HIDDEN" PARAM="empsel"/>
			<INPUT LABEL="~" NAME="currdate" TYPE="HIDDEN" PARAM="due_date"/>
			<INPUT LABEL="" NAME="approveryn" PARAM="approveryn" TYPE ="HIDDEN" DEFAULT="#approveryn#"/>
			<INPUT LABEL="" NAME="pic" PARAM="pic" TYPE ="HIDDEN" DEFAULT="#pic#"/>
		</FIELDSET>
		
		<SCRIPT FOR="FOOTER">
		    document.getElementById("tr_inp_status").style.display = 'none';
		    
		    function statustask(obj){
				if(obj=='3'||obj=='2'){
					document.getElementById('tr_inp_completion_date').style.display='';
				}
				if(obj=='0'||obj=='1'||obj=='4'||obj=='5'){
					document.getElementById('tr_inp_completion_date').style.display='none';
				}
				
			}
			
			var stat = $('##inp_dpstatus:checked').val()
		    if(stat=='3'||stat=='2'){
				document.getElementById('tr_inp_completion_date').style.display='';
			} 
			if(stat=='0'||stat=='1'||stat=='4'||stat=='5'){
				document.getElementById('tr_inp_completion_date').style.display='none';
			}

			var emplogin = document.getElementById('inp_emplogin').value;
			var empsel =  document.getElementById('inp_empsel').value;
			var uplan = document.getElementById('inp_hUplan').value;
			var uname = document.getElementById('inp_hUname').value;
			var approveryn = document.getElementById('inp_approveryn').value;
			var pic = document.getElementById('inp_pic').value; 
			

			if (approveryn == 0) 
			 {
				$('##btn_a_1').hide();
				$('##btn_a_2').hide();
				
			 }
			 
			 
			 
			/*if(uplan == uname)
			{
				$('##btn_a_1').show();
			}
			else
			{
				$('##btn_a_1').hide();
			}*/
			
			function delDevPlan(){
				strLinkOld=sLink;
				sLink='?ofid=PerformanceDevPlan.Delete';
				validateForm(document.frmPerfDevPlan);
				sLink=strLinkOld;
			}
			
			if(approveryn == 0)
			{
			    document.getElementById('tr_inp_completion_date').style.display='none';
				document.frmPerfDevPlan.inp_dppic.disabled = true;
				if(emplogin == pic)
			 	{
					$('##btn_a_2').show();
					document.frmPerfDevPlan.inp_dpmethod.disabled = false;
					document.getElementById("tr_inp_dpstatus").style.display = '';
					for (var i=0; i &lt; document.frmPerfDevPlan.inp_dpstatusla.length; i++)
					{
						document.frmPerfDevPlan.inp_dpstatus[i].disabled = false;
					}
				}
				else{
					document.frmPerfDevPlan.inp_dpmethod.disabled = true;
					document.getElementById("tr_inp_dpstatus").style.display = 'none';
					document.getElementById("tr_inp_status").style.display = '';
					for (var i=0; i &lt; document.frmPerfDevPlan.inp_dpstatusla.length; i++)
					{
						document.frmPerfDevPlan.inp_dpstatus[i].disabled = true;
					}
				}
			}
			else
			{
				document.frmPerfDevPlan.inp_dpmethod.disabled = false;
				document.frmPerfDevPlan.inp_dppic.disabled = false;
				document.getElementById("tr_inp_dpstatusla").style.display = 'none';
				for (var i=0; i &lt; document.frmPerfDevPlan.inp_dpstatus.length; i++)
				{
					document.frmPerfDevPlan.inp_dpstatus[i].disabled = false;
				}
			}
			
			
		</SCRIPT>
		<BUTTONLIST>
			<BUTTON TYPE="Cancel"></BUTTON>
			<BUTTON TYPE="Delete"></BUTTON>
			<BUTTON TYPE="Submit" Label="Submit"></BUTTON>
		</BUTTONLIST>
	</SFFORM>
</SFPAGE>