<SFPAGE TITLE="devplan" ACCESS="hrm.performance.evalform:edit">
	<SFFORM TITLE="Development Plan" DATASOURCE="PerformanceDevPlan.viewEmpNo" ACTION="PerformanceDevPlan.SaveDev" NAME="frmPerfEval"  WIDTH="850" HEIGHT="250" SHOWWINDOW="YES">
		<TOOLBAR>
			<BUTTON TYPE="Help"></BUTTON>
			<BUTTON TYPE="Close" ACTION="innerClose()"></BUTTON>
		</TOOLBAR>
		<FIELDSET LABEL="-">
			 <INPUT LABEL="Employee No" TYPE="LABEL" NAME="empno" PARAM="empno" /> 
			<INPUT LABEL="Employee Name" TYPE="LABEL" NAME="empname" PARAM="empname" /> 
			<INPUT LABEL="Due Date Period" TYPE="DATE" NAME="startdate" PARAM="startdate" GROUP="duedate" DATECOMPARE="enddate" ERRMSG="End Date Must Grater Than Or Equal Start Date"/>
			<INPUT LABEL="To" TYPE="DATE" NAME="enddate" PARAM="enddate"  GROUP="duedate~"/> 
			<INPUT LABEL="Display" NAME="selDisp" PARAM="selDisp" TYPE="CHECKBOX" OPTIONS="0*=New|1*=In Progress|2*=Completed|3*=Verified|4*=Cancelled|5*=Suspended"/>
			<INPUT LABEL="Go" TYPE="BUTTON" SIZE="80" ONCLICK="getData()"/>
			<INPUT LABEL="~" NAME="showwin" PARAM="showwin" TYPE="HIDDEN" DEFAULT="#showwin#"/>
			<INPUT LABEL="~" NAME="empid" PARAM="empid" TYPE="HIDDEN"  DEFAULT="#empid#"/>
			<INPUT LABEL="~" NAME="empSelf" PARAM="empSelf" TYPE="HIDDEN"/>
			<INPUT LABEL="~" NAME="approveryn" PARAM="approveryn" TYPE="HIDDEN" DEFAULT="#approveryn#"/> 
			
		</FIELDSET>
		<FIELDSET LABEL="-">
			<INPUT LABEL="-" NAME="dpempid" TYPE="HIDDEN" PARAM="empid" DEFAULT="#empid#"/>
			<INPUT LABEL="-" NAME="frmPerfEval" TYPE="SCRIPT" TEMPLATE="hrm.performance.evalform.devplan.listing?empid=#empid#&amp;startdate=0&amp;enddate=0&amp;selDisp=6"/>
		</FIELDSET>
		<SCRIPT FOR="FOOTER">
			var showwin =$('##inp_showwin').val();
			if (showwin == "NO"){
				// document.getElementById("pop_title").style.display="none";
				// document.getElementById("form_toolbar").style.display="none";
				
    		  	try {
    				document.getElementById('pop_title').style.display = 'none';
    				document.getElementById('form_toolbar').style.display = 'none';
    				document.getElementById('pop_data').style = 'height:100%;border:none;';
					document.getElementById("tr_inp_empno").style.display="none";
					document.getElementById("tr_inp_empname").style.display="none";
    			}
    			catch(err) {
    			}
			}	
			
			<!--try {
				document.getElementById('pop_title').style.display = 'none';
				document.getElementById('form_toolbar').style.display = 'none';
				document.getElementById('pop_data').style = 'height:100%;border:none;';
			}
			catch(err) {

			}-->
			
			function validateOther(){
			  var istrue=true;
				if(document.getElementById('cal_startdate').value == '' || document.getElementById('cal_enddate').value == ''){
					 var istrue=true;
				}
			  $('##tableDevPlan').find('input:visible').each(function(a,b){
			      if(b.value == ""){
				if(b.id.search(/method/)>=0){
				    alert("[sftext:PleaseInputValidEntryfor] [sftext:FDMethod]")
				    b.focus();
				    istrue=false;
				    return false;
				}
				else if(b.id.search(/duedate/)>=0){
				    alert("[sftext:PleaseInputValidEntryfor] [sftext:FDduedate]")
				    b.focus();
				    istrue=false;
				    return false;
				}
				else if(b.id.search(/dppic/)>=0){
				    alert("[sftext:PleaseInputValidEntryfor] [sftext:FDPIC]")
				    b.focus();
				    istrue=false;
				    return false;
				}
				
				
			      }
			  })	
			  
			  if(istrue==true){
			    $('##tableDevPlan').find('textarea:visible').each(function(c,d){
			    if(d.value == ""){
				  if(d.name.search(/dpdesc/)>=0){ 
				  alert("[sftext:PleaseInputValidEntryfor] [sftext:FDDescription]");
				  d.focus();
				  istrue=false;
				  return false;
				  }		
				}
			    })
			  }
			  return istrue;
			}
			  
		  
			
			var empid = document.getElementById('inp_empid').value;
			var empself = document.getElementById('inp_empSelf').value;
			var approveryn = document.getElementById('inp_approveryn').value;
			
			if(approveryn != 0)
			{
				$('##btn_a_0').show();
			}
			else
			{
				$('##btn_a_0').hide();
			}
			
			<!--if (showwin == "NO"){
				document.getElementById("pop_title").style.display="none";
				document.getElementById("form_toolbar").style.display="none";
				document.getElementById("tr_inp_empno").style.display="none";
				document.getElementById("tr_inp_empname").style.display="none";
			}-->
			
			
			
			function initdate()
			{
				var currentTime = new Date();
				var month = 1;
				var day = 1;
				var year = currentTime.getFullYear();
				var nextday = 31;
				var nextmonth = 12;
				var nextyear = currentTime.getFullYear()+1;
				
				if (month [LT] 10){
				 month = "0"+month;
				}
				if (day [LT] 10){
				 day = "0"+day;
				}
				
				document.getElementById('cal_startdate').value = dateFormatMask(month + day + year,"mmddyyyy","#request.config.date_input_format#");
				document.getElementById('cal_enddate').value = dateFormatMask("12" + "31" + nextyear,"mmddyyyy","#request.config.date_input_format#");
			}
			initdate();
			
			function getData()
			{
				var startdate = document.getElementById('cal_startdate').value;
				var enddate = document.getElementById('cal_enddate').value;
				if(startdate == '' || enddate == ''){
					 alert("[sftext:PleaseInputValidEntryfor] [sftext:FDduedate]")
				}else{
					var lstStatus = 0;
					var listStatus = new Array();
					
					for(var i=0;i &lt;=frmPerfEval.inp_selDisp.length-1;i++)
					{
						if(document.frmPerfEval.inp_selDisp[i].checked)
						{
							listStatus.push(i);
							lstStatus = listStatus;
						}
					}
					getAJAXContent("?sfid=hrm.performance.evalform.devplan.listing&amp;empid=#empid#&amp;startdate="+startdate+"&amp;enddate="+enddate+"&amp;selDisp="+lstStatus,$sf("tableDevPlan"),null,null,$sf("frmTrainingPlan"),null);
				}
				
			}
			
			/*add by brurce Abraham*/
			var mPosX = 0;
			var mPosY = 0;
			function SetPosition(e)
			{
						//logthis(e);
						mPosX = (typeof(event) != "undefined") ? event.clientX : e.pageX;
						mPosY = (typeof(event) != "undefined") ? event.clientY : e.pageY;
			}

			document.onmousemove = SetPosition;
			document.onmouseup = function(){document.onmousemove = SetPosition;}

			
			try { /**try to add callback on the existing js function (popCalendar)**/
			    if (typeof(oldShowCal)==="undefined" [AND] typeof(popCalendar)==="function") {
			     var oldShowCal = popCalendar;
				 popCalendar = function(e,inp) {	
				 oldShowCal(e,inp);
				 objRightClickListSchedule = document.getElementById("popcalendar_plc");
				var objframe = document.getElementById("formspace");

				iWindowWidth = 0;
				if(window.innerWidth == undefined){
					iWindowWidth = document.body.clientWidth;
				}else{
					iWindowWidth = innerWidth;
				}
				
				if(window.innerHeight == undefined){
					iWindowHeight = document.body.clientHeight;
				}else{
					iWindowHeight = innerHeight;
				}
			if (showwin == "NO"){	
				objRightClickListSchedule.style.top = "0px";
			}
				//logthis(objRightClickListSchedule.style.top);
				//logthis(objRightClickListSchedule.style.left);
					
			};
			}
			}
		catch(e){}
		/*End add by brurce Abraham*/
		
		try{
		
		    setTimeout(function() { maxWindow(); }, 100);
        
            function maxWindow() {
                window.moveTo(0, 0);
        
                if (document.all) {
                    window.resizeTo(screen.availWidth, screen.availHeight);
                }
        
                else if (document.layers || document.getElementById) {
                    if (window.outerHeight &lt; screen.availHeight || window.outerWidth &lt; screen.availWidth) {
                        window.outerHeight = screen.availHeight;
                        window.outerWidth = screen.availWidth;
                    }
                }
            }
		}catch(e){}
		
		</SCRIPT>
		<BUTTONLIST>
			<BUTTON TYPE="Submit"></BUTTON>
		</BUTTONLIST>
	</SFFORM>
</SFPAGE>


