<SFPAGE TITLE="evaluation" ACCESS="hrm.performance.evalform:read">
	<SFFORM TITLE="Edit" DATASOURCE="" ACTION="" NAME="frmuploadObjective" WIDTH="100%" HEIGHT="100%" SHOWWINDOW="NO">
		<TOOLBAR>
			<BUTTON TYPE="Help"></BUTTON>
			<BUTTON TYPE="Close"></BUTTON>
		</TOOLBAR>
		<FIELDSET LABEL="-">
			<INPUT LABEL="-" NAME="frmObjective" TYPE="SCRIPT" TEMPLATE="hrm.performance.evalform.newlayout.objectiveuploadeval&amp;formno=#formno#&amp;reqno=#reqno#&amp;kpitype=#kpitype#&amp;period_code=#performance_period#&amp;empid=#request.scookie.user.empid#&amp;reviewee_empid=#empid#"/>
		</FIELDSET>
		<SCRIPT FOR="FOOTER">
			try {
				document.getElementById('pop_title').style.display = 'none';
				document.getElementById('form_toolbar').style.display = 'none';
				document.getElementById('pop_data').style = 'height:100%;border:none;';
			}
			catch(err) {
			}
		</SCRIPT>
	</SFFORM>
</SFPAGE>




