<SFPAGE TITLE="planform" ACCESS="hrm.performance.planform:read">
	<SFFORM TITLE="Edit" DATASOURCE="PerformancePlanning" GROUPFIELD="hierarchy" ACTION="PerformancePlanning.Add" NAME="frmPerfPlan" WIDTH="1000" HEIGHT="800">
		<TOOLBAR>
			<BUTTON TYPE="Reload"></BUTTON>
			<BUTTON TYPE="Help"></BUTTON>
			<BUTTON TYPE="Close"></BUTTON>
		</TOOLBAR>
		<SCRIPT>
			loadScript('#application.path.lib#/scripts/pm/jquery.flot.min.js');
		</SCRIPT>
		<FIELDSET LABEL="-">
			<INPUT LABEL="~" NAME="requestfor" PARAM="empid" TYPE="HIDDEN" DEFAULT="{empid}"/>
			<INPUT LABEL="-" NAME="a" TYPE="SCRIPT" TEMPLATE="hrm.performance.planform.mainform?empid={empid}&amp;reqno=#reqno#&amp;formno=#formno#&amp;periodcode=#periodcode#&amp;refdate=#refdate#&amp;plandatevalid=#qForm.plandatevalid#&amp;reqorder=#reqorder#"/>
		</FIELDSET>
		<SCRIPT FOR="FOOTER">
			function saveCPMDraft(){
				console.log("testing");
			}
			function validateOther(){

				/* Start Add by Marc : Check for weight value equal 100 */
				var cnt = 0;

				$.each($('[name=iframe1]').contents().find('[name=framecontent_3]').contents().find('input[name^="pers_weight_"]'), function(){
					cnt = parseInt(cnt) + parseInt($(this).val());
				});

				if(cnt != 100){
					alert("Total weight must be 100.");
				    return false;
				}
				/* End Add by Marc : Check for weight value equal 100 */

				var objOrgValues = {};
				$.each($('[name=iframe1]').contents().find('[name=framecontent_2]').contents().find('form##SaveObjectiveOrg').serializeArray(), function(i, field){
 				  objOrgValues[field.name] = field.value;
				});
				$("##objectiveorgArray").val("");
				$("##objectiveorgArray").val(JSON.stringify(objOrgValues));

				var objPersValues = {};
				$.each($('[name=iframe1]').contents().find('[name=framecontent_3]').contents().find('form##SaveObjective').serializeArray(), function(i, field){
 				  objPersValues[field.name] = field.value;
				});
				$("##objectiveArray").val("");
				$("##objectiveArray").val(JSON.stringify(objPersValues));

					/*start :  ENC51216-80748 */
				if(typeof objPersValues.persscore !== 'undefined' &amp;&amp;  (parseInt(objPersValues.canAddLib) == 1 ||  parseInt(objPersValues.canEditWeight) == 1)){
						 if(parseFloat(objPersValues.persscore) !== parseFloat(objPersValues.hdntot_persKPI) &amp;&amp; objPersValues.validatetot_persKPI == 'Y'){
								 alert("Total Weight on Personal Objective must be "+objPersValues.hdntot_persKPI);
								  return false;
						}
				}
				if(typeof objOrgValues.orgscore !== 'undefined' &amp;&amp;  (parseInt(objOrgValues.canAddLib_orgKPI) == 1 ||  parseInt(objOrgValues.canEditWeight_orgKPI) == 1)){
						 if(parseFloat(objOrgValues.orgscore) !== parseFloat(objOrgValues.hdntot_orgKPI) &amp;&amp; objOrgValues.validatetot_orgKPI == 'Y'){
								 alert("Total Weight on Org Unit Objective must be "+objOrgValues.hdntot_orgKPI);
								  return false;
						}
				}
					/*end :  ENC51216-80748 */
				if((typeof objOrgValues.hdn_totalrow !== 'undefined' &amp;&amp; objOrgValues.hdn_totalrow == 0) &amp;&amp; (typeof objPersValues.hdn_totalrowpers !== 'undefined' &amp;&amp; objPersValues.hdn_totalrowpers == 0)){
				    alert("You Need to Defined At Least One Org Unit Objective And One Personal Objective");
				    return false;
				}
				else if(typeof objOrgValues.hdn_totalrow !== 'undefined' &amp;&amp; objOrgValues.hdn_totalrow == 0 &amp;&amp; objOrgValues.hdn_flagdepthead ==1){
				    alert("You Need to Defined At Least One Org Unit Objective");
				    return false;
				}
				else if(typeof objPersValues.hdn_totalrowpers !== 'undefined' &amp;&amp; objPersValues.hdn_totalrowpers == 0){
				    alert("You Need to Defined At Least One Personal Objective");
				    return false;
				}

				else{
				    if(typeof objOrgValues.hdn_sudahterisi !== 'undefined' &amp;&amp; objOrgValues.hdn_sudahterisi == 1){
				            if(typeof objPersValues.persscore !== 'undefined' &amp;&amp; objPersValues.persscore == 0){
            				    if(confirm('Total Personal Objective Weight = 0. Do You Still Want To Continue ?')){
            				        return true;
            				    }
            				    else{
            				        return false;
            				    }
        				    }
        				    else{
								return true;

							}
				        }
				    else{
    				    if((typeof objOrgValues.orgscore !== 'undefined' &amp;&amp; objOrgValues.orgscore == 0) &amp;&amp; (typeof objPersValues.persscore !== 'undefined' &amp;&amp; objPersValues.persscore == 0)){
        				    if(confirm('Total Org Unit Objective Weight And Personal Objective Weight = 0. Do You Still Want To Continue ?')){
        				        return true;
        				    }
        				    else{
        				        return false;
        				    }
        				}
        				else if(typeof objOrgValues.orgscore !== 'undefined' &amp;&amp; objOrgValues.orgscore == 0 &amp;&amp; objOrgValues.hdn_flagdepthead ==1){
        				    if(confirm('Total Org Unit Objective Weight = 0. Do You Still Want To Continue ?')){
        				        return true;
        				    }
        				    else{
        				        return false;
        				    }
        				}
        				else if(typeof objPersValues.persscore !== 'undefined' &amp;&amp; objPersValues.persscore == 0){
        				    if(confirm('Total Personal Objective Weight = 0. Do You Still Want To Continue ?')){
        				        return true;
        				    }
        				    else{
        				        return false;
        				    }
        				}
        				else{
        				    return true;
        				}
				    }
				}
			}

			function pmFinalConclusion(){
				strLinkOld=sLink;
				sLink=sLink+'&amp;sendtype=directfinal';
				validateForm(document.frmPerfPlan);
				sLink=strLinkOld;
			}

			function senddraft(){
				strLinkOld=sLink;
				sLink=sLink+'&amp;sendtype=draft';
				validateForm(document.frmPerfPlan);
				sLink=strLinkOld;
			}

			function setInit(){
					$('a[id^="btn_a_"]').css("display","none");
					$('a[id="btn_a_0"]').css("display","");
			}
			setInit();

			function maskButton(flag) {
              if (flag == null) {
                flag = true
              }
              var vloader = $sf('divButton');
              if (vloader &amp;&amp; vloader.childNodes &amp;&amp; vloader.childNodes.length &amp;&amp; vloader.childNodes[0].className &amp;&amp; vloader.childNodes[0].className == 'loading') {
                if (vloader.childNodes[0] != null) {
                  if (vloader.childNodes[0].style.display == 'none' &amp;&amp; flag) {
                    with (vloader.childNodes[0].style) {
                      display = '';
                      width = parseInt(vloader.offsetWidth) + 'px';
                      height = parseInt(vloader.offsetHeight) + 'px'
                    }
                  } else {
                    if (!flag) {
                        vloader.childNodes[0].style.display = 'none'

                        var canwidth = document.getElementById('btn_a_0').offsetWidth;
                        var divheight = document.getElementById('btn_a_0').offsetHeight;
                        var canwidth = parseInt(canwidth + (5% canwidth));
                        var divwidth = parseInt(document.getElementById('divButton').offsetWidth - canwidth);
                        var iDiv = document.createElement('div');
                        iDiv.id = 'buttonBlock';
                        $('##divButton').append(iDiv);
                        $('##buttonBlock').attr('style','margin: 0px 0px 0px '+canwidth+'px; width:'+divwidth+'px; position: absolute; background-color: white; opacity: 0.7; height:'+divheight+'px');
                    }
                  }
                }
              }
              if (!flag) {
                try {
                  parent.$sf('load_divButton').style.display = 'none'
                } catch (err) {
                }
                try {
                  $sf('frmSFBody').contentDocument.getElementById('load_divButton').style.display = 'none'
                } catch (err) {
                }
                try {
                  $sf('frmSFBody').contentDocument.getElementById('framecontent_1').contentDocument.getElementById('load_divButton').style.display = 'none';
                  $sf('frmSFBody').contentDocument.getElementById('framecontent_2').contentDocument.getElementById('load_divButton').style.display = 'none';
                  $sf('frmSFBody').contentDocument.getElementById('framecontent_3').contentDocument.getElementById('load_divButton').style.display = 'none';
                  $sf('frmSFBody').contentDocument.getElementById('framecontent_4').contentDocument.getElementById('load_divButton').style.display = 'none';
                  $sf('frmSFBody').contentDocument.getElementById('framecontent_5').contentDocument.getElementById('load_divButton').style.display = 'none';
                  $sf('frmSFBody').contentDocument.getElementById('framecontent_6').contentDocument.getElementById('load_divButton').style.display = 'none'
                } catch (err) {
                }
              }
            }
		</SCRIPT>
		<BUTTONLIST>
			<BUTTON TYPE="Cancel" LABEL="Back"></BUTTON>
			<BUTTON LABEL="Delete" ACTION="deletePMForm();"></BUTTON>
			<BUTTON LABEL="Revise" ACTION="ReviseFormPerf();"></BUTTON>
			<BUTTON Type="Draft"></BUTTON>
			<BUTTON LABEL="Send to Approver" TYPE="Send"></BUTTON>
			<BUTTON LABEL="Save Revision As Draft"></BUTTON>
			<BUTTON LABEL="Send Revision To Approver"></BUTTON>
			<BUTTON LABEL="Reject"></BUTTON>
			<BUTTON TYPE="Preview Approver"></BUTTON>
		</BUTTONLIST>
	</SFFORM>
</SFPAGE>
