<SFPAGE TITLE="simpleperformance" ACCESS="hrm.performance.simpleperformance:edit">
	<SFFORM TITLE="Simple Performance Form" DATASOURCE="" ACTION="SimplePerformance.NonPeriodicAdd" NAME="frmSimpPerf" WIDTH="1050" HEIGHT="500">
		<TOOLBAR>
			<BUTTON TYPE="Help"></BUTTON>
			<BUTTON TYPE="Close"></BUTTON>
		</TOOLBAR>
		<FIELDSET>
			<INPUT LABEL="Request For" NAME="requestfor" PARAM="requestfor" REQUIRED="YES" TYPE="REQUESTFOR"/>
			<INPUT LABEL="Selectable Approver" NAME="lstApprover" PARAM="lstApprover" REQUIRED="YES" TYPE="SELECTABLEAPPROVER"/>
			<INPUT LABEL="Appraisal Period" TYPE="SELECT" NAME="formcode" PARAM ="filter_formcode"  REQUIRED="YES" LISTSOURCE="SimplePerformance.GetNonPeriodicForm" ONCHANGE="ChangeApprDate();"/>
			<INPUT LABEL="Appraisal Date" NAME="appraisal_date" PARAM="appraisal_date" TYPE="DATE" DEFAULT="NOW"/>
			<INPUT LABEL="Display" NAME="btnBrowse" TYPE="BUTTON" ONCLICK="getPosAndGrade()"/>
			<INPUT LABEL="-" NAME="temporary" PARAM="temporary" TYPE="HIDDEN"/>
			<INPUT LABEL="-" NAME="hdn_posid" PARAM="hdn_posid" TYPE="HIDDEN"/>
			<INPUT LABEL="-" NAME="hdn_gradecode" PARAM="hdn_posid" TYPE="HIDDEN"/>
		</FIELDSET>
		<FIELDSET LABEL="~">
			<INPUT LABEL="-" NAME="detail" PARAM="detail" TYPE="SCRIPT" TEMPLATE="hrm.performance.simpleperformance.fillform"/>
		</FIELDSET>
		<SCRIPT FOR="FOOTER">
			function getPosAndGrade(){
				if($('##inp_requestfor').val() == ''){
					alert("[SFTEXT:ERPlease Select Employee]"); 
					$('##inp_requestfor').focus();
				}
				else if($('##inp_formcode').val() == ''){
					alert("[SFTEXT:ERPlease Select Performance Form]"); 
					$('##inp_formcode').focus();
				}
				else{
					getAJAXContent('?ofid=SimplePerformance.GetEmpName&amp;getempid='+$('##strinp_RequesteeEmpId').val()+'&amp;gettype=1',$sf("inp_temporary"),null,function(){changeForm()})
				}
			}
			function changeForm(){
				$('##btn_a_1').css("display","");
				$('##btn_a_2').css("display","");
				$('##btn_a_3').css("display","");

				getAJAXContent('?sfid=hrm.performance.simpleperformance.fillform&amp;reviewee_empid='+$('##strinp_RequesteeEmpId').val()+'&amp;form_code='+$('##inp_formcode').val()+'&amp;position_id='+$('##inp_hdn_posid').val()+'&amp;grade_code='+$('##inp_hdn_gradecode').val(),$sf("inp_detail"));
			}
		</SCRIPT>
		<BUTTONLIST>
			<BUTTON TYPE="Cancel"></BUTTON>
			<BUTTON LABEL="Revise" ACTION="revise();"></BUTTON>
			<BUTTON TYPE="Draft"></BUTTON>
			<BUTTON LABEL="Send to Next Reviewer" TYPE="Send"></BUTTON>
		</BUTTONLIST>
	</SFFORM>
</SFPAGE>
