<SFPAGE TITLE="simpleperformance" ACCESS="hrm.performance.simpleperformance:edit">
	<SFFORM TITLE="Simple Performance Form" DATASOURCE="" ACTION="SimplePerformance.NonPeriodicAdd" NAME="frmSimpPerf" WIDTH="1050" HEIGHT="500">
		<TOOLBAR>
			<BUTTON TYPE="Help"></BUTTON>
			<BUTTON TYPE="Close"></BUTTON>
		</TOOLBAR>
		<FIELDSET>
			<INPUT LABEL="Appraisal Period" TYPE="SELECT" NAME="formcode" PARAM="filter_formcode"  REQUIRED="YES" LISTSOURCE="SimplePerformance.GetNonPeriodicForm" ONCHANGE="PMAddChangeFormCode();"/>

			<!--
			<INPUT LABEL="Request For" NAME="requestfor" PARAM="requestfor" REQUIRED="YES" TYPE="REQUESTFOR"/>
			<INPUT LABEL="Selectable Approver" NAME="lstApprover" PARAM="lstApprover" REQUIRED="YES" TYPE="SELECTABLEAPPROVER"/>
			-->
			
			<!-- <INPUT LABEL="Request For" NAME="requestfor" PARAM="requestfor" TYPE="SUGGEST" ONBLUR="pickEmployee()" LISTSOURCE="SimplePerformance.suggestRevieweeEmpId" REQUIRED="YES" LISTMANDATORY="YES"/> -->
			<INPUT LABEL="Appraisal Date" NAME="appraisal_date" PARAM="appraisal_date" REQUIRED="YES" TYPE="DATE" DEFAULT="NOW" ONCHANGE="fGantiTanggal();"/>
			<INPUT LABEL="Request For" NAME="requestfor" PARAM="requestfor" TYPE="SUGGEST" LISTSOURCE="SimplePerformance.suggestRevieweeEmpId" REQUIRED="YES" LISTMANDATORY="YES" ONBLUR="pickEmployee()"/>
			<INPUT LABEL="-" NAME="temporary" PARAM="temporary" TYPE="HIDDEN"/>
			<INPUT LABEL="-" NAME="hdn_posid" PARAM="hdn_posid" TYPE="HIDDEN"/>
			<INPUT LABEL="-" NAME="hdn_gradecode" PARAM="hdn_posid" TYPE="HIDDEN"/>
		</FIELDSET>
		
		<FIELDSET LABEL="General Information">
			<!--INPUT LABEL="Position" NAME="position" PARAM="position" TYPE="LABEL"/>
			<INPUT LABEL="~" NAME="photo" PARAM="photo" TYPE="label"/-->
			<INPUT LABEL="-" NAME="detailemp" PARAM="detailemp" TYPE="SCRIPT" TEMPLATE="hrm.performance.simpleperformance.fillform"/>
			<!--INPUT LABEL="Display" NAME="btnBrowse" TYPE="BUTTON" ONCLICK="getPosAndGrade()"/-->
		</FIELDSET>
		
		<FIELDSET LABEL="Performance Form">
			<INPUT LABEL="-" NAME="detailperf" PARAM="detailperf" TYPE="SCRIPT" TEMPLATE="hrm.performance.simpleperformance.fillform"/>
		</FIELDSET>
		<SCRIPT FOR="FOOTER">
		    $('##fset_1').width($('##fset_2').width());
			$('##fset_1').hide();
			$('##fset_2').hide();
			function PMAddChangeFormCode(){
				searchFilter(null,'?ofid=SimplePerformance.suggestRevieweeEmpId','inp_requestfor',10000);
				$('##fset_1').hide();
			    $('##fset_2').hide();
			    $('##previewall').remove();
			    $('##emp-detail').remove();
			    $('##inp_requestfor').val("")
			}
			function pickEmployee(){
				getAJAXContent('?ofid=SimplePerformance.GetEmpName&amp;getempid='+$('##hdn_requestfor').val()+'&amp;gettype=1',"spAjax",null,null)
				$('##fset_1').show();
			    $('##fset_2').hide();
			    $('##previewall').remove();
				getAJAXContent('?sfid=hrm.performance.simpleperformance.fillform&amp;reviewee_empid='+$('##hdn_requestfor').val()+'&amp;form_code='+$('##inp_formcode').val()+'&amp;position_id='+$('##inp_hdn_posid').val()+'&amp;grade_code='+$('##inp_hdn_gradecode').val()+'&amp;refdate='+$('##inp_appraisal_date').val()+'&amp;srctrigger=1&amp;load=empperf',$sf("inp_detailemp"));
			}

			function getPosAndGrade(posid){
			    $('##inp_hdn_gradecode').val($('##gcode').val());
                $('##inp_hdn_posid').val(posid);
			    if($('##loadingimage').length==0){
			        $('##fset_2').append($('&lt;div id="loadingimage" style="width: 100%; text-align: center;"&gt;&lt;img id="loadingimage" src="/sf6lib/skins/def/images/temp/loader.gif" title="[SFTEXT:Loading]"&gt;&lt;/div&gt;'))    
			    }
			    
			    
				var dateFilter = $('##cal_appraisal_date').val();
				if($('##inp_formcode').val() == ''){
					alert("[SFTEXT:ERPlease Select Performance Form]"); 
					$('##inp_formcode').focus();
				}
				else if($('##inp_requestfor').val() == ''){
					alert("[SFTEXT:ERPlease Select Employee]"); 
					$('##inp_requestfor').focus();
				}
				/*Awalludin BUG50315-40458*/
				else if($('##cal_appraisal_date').val() == ''){
				    alert("[SFTEXT:ERPlease Select Date]"); 
					$('##cal_appraisal_date').focus();
					
				}
				/*End Awalludin*/
				else{
					$('##fset_2').show();
					showPerfForm();
				}
			}
			
			/*Awaludin BUG50315-40458 it's for keyup date just number and caracter / or - true input*/
				$('##cal_appraisal_date').keyup(function(event){
					var txtVal =  $('##cal_appraisal_date').val();
					if(!isDate(txtVal))
						alert('Invalid Date');
				});
				
				function isDate(txtDate) {
					var currVal = txtDate;
					if(currVal == '')
						return false;
				   var rxDatePattern = /^[0-9, \/, -]+$/;
					var dtArray = currVal.match(rxDatePattern); 
					if (dtArray == null)  { 
						return false; 
					} else { 
						return true; 
					}
				}
			/*End Awalludin*/
			
			
			function showPerfForm(){
				getAJAXContent('?sfid=hrm.performance.simpleperformance.fillform&amp;reviewee_empid='+$('##hdn_requestfor').val()+'&amp;form_code='+$('##inp_formcode').val()+'&amp;position_id='+$('##inp_hdn_posid').val()+'&amp;grade_code='+$('##inp_hdn_gradecode').val()+'&amp;refdate='+$('##inp_appraisal_date').val()+'&amp;srctrigger=1&amp;load=perfform',$sf("inp_detailperf"));
			}
			function pmFinalConclusion(){
				strLinkOld=sLink;
				sLink=sLink+'&amp;sendtype=directfinal';
				validateForm(document.frmSimpPerf);
				sLink=strLinkOld;
			}
			function unfinalForm(){
				strLinkOld=sLink;
				sLink='?ofid=SimplePerformance.UnfinalReqForm';
				validateForm(document.frmSimpPerf);
				sLink=strLinkOld;
			}
			function fGantiTanggal(){
			    $("##inp_detailperf").html("");
    			$('a[id^="btn_a_"]').css("display","none");
    			$('a[id="btn_a_0"]').css("display","");
			}
			
			$('a[id^="btn_a_"]').css("display","none");
			$('a[id="btn_a_0"]').css("display","");
		</SCRIPT>
		<BUTTONLIST>
			<BUTTON TYPE="Cancel" LABEL="Back"></BUTTON>
			<BUTTON LABEL="Delete" ACTION="deletePMForm();"></BUTTON>
			<BUTTON LABEL="Revise" ACTION="revise();"></BUTTON>
			<BUTTON TYPE="Draft"></BUTTON>
			<BUTTON LABEL="Send to Approver" TYPE="Submit"></BUTTON>
			<BUTTON LABEL="Open Form" ACTION="unfinalForm();"></BUTTON>
			<BUTTON TYPE="Preview Approver"></BUTTON>
			<!--<BUTTON LABEL="Send to Next Reviewer" TYPE="Send"></BUTTON>-->
		</BUTTONLIST>
	</SFFORM>
</SFPAGE>
