<SFPAGE TITLE="simpleperformance" ACCESS="hrm.performance.simpleperformance:read">
	<SFGRID DATASOURCE="SimplePerformance" TITLE="Performance Form">
		<TOOLBAR>
			<BUTTON TYPE="Add"></BUTTON>
			<BUTTON TYPE="Print"></BUTTON>
			<BUTTON TYPE="PDF"></BUTTON>
			<BUTTON TYPE="Excel"></BUTTON>
			<BUTTON TYPE="Openoffice"></BUTTON>
			<BUTTON TYPE="Reload"></BUTTON>
			<BUTTON TYPE="Help"></BUTTON>
		</TOOLBAR>
		<FILTER TEXT="Define Filter Criteria" SUBMITLABEL="Go" WIDTH="300">
			<INPUT LABEL="Form Type" TYPE="RADIO" NAME="form_type" PARAM="form_type" OPTIONS="1*=Periodic|0=Non Periodic"/>
			<INPUT LABEL="Form Name" TYPE="SELECT" NAME="filter_formcode" PARAM ="filter_formcode" LISTSOURCE="SimplePerformance.GetAllForm"/>
		</FILTER>
		<COLUMN TITLE="Employee No" FIELD="reviewee_empno"></COLUMN>
		<COLUMN TITLE="Employee Name" FIELD="reviewee_name" LINK="javascript:WhatXML('[emp_id];[form_code];[grade_code];[position_id];[reqno]');" LINKTYPE="JS"></COLUMN>
		<COLUMN TITLE="Organization Unit" FIELD="orgunitname"></COLUMN>
		<COLUMN TITLE="Form Name" FIELD="form_desc"></COLUMN>
		<COLUMN TITLE="Form Date" FIELD="form_date" FORMAT="sdate"></COLUMN>
		<COLUMN TITLE="Last Reviewer" FIELD="lastreviewer_empid"></COLUMN>
		<COLUMN TITLE="Request Status" FIELD="request_status" LOOKUP="0=Draft|1=Unverified|2=Partially|3=Final Conclusion|NULL=Not Requested" LINK="?ofid=RequestInbox.ListRequestByType&amp;reqtype=PERFORMANCE&amp;rno=[reqno]" LINKTYPE="POP"></COLUMN>
		<COLUMN TITLE="Score" FIELD="final_score" FORMAT="NUMERIC"></COLUMN>
		<COLUMN TITLE="Conclusion" FIELD="final_conclusion"></COLUMN>
		<COLUMN TITLE="My Outstanding" FIELD="outs" LOOKUP="YES=Yes|NO=No" LOOKUPICON="YES=tick.png|NO=inactive.png"></COLUMN>
		<SCRIPT FOR="FOOTER">
			$("##toolbarlist").children()[1].style.display='none';
			function coba(){
				if($('input:radio:checked').val() == '0')
					$("##toolbarlist").children()[1].style.display='';
				else
					$("##toolbarlist").children()[1].style.display='none';
			}
			$('##btn_a_1').click(function() {
				this.blur(); 
				coba();
				return filterSubmit(document.frmGridFilter);
			}); 

			function WhatXML(str){
				var arrSTRPF = str.split(';')
				if(arrSTRPF[arrSTRPF.length-1]==''){
					innerPop('?xfid=hrm.performance.simpleperformance.fillform&amp;reviewee_empid='+arrSTRPF[0]+'&amp;form_code='+arrSTRPF[1]+'&amp;grade_code='+arrSTRPF[2]+'&amp;pos_code='+arrSTRPF[3],reposBlock);
				}
				else //kalo udah ada request
				{
					innerPop('?xfid=hrm.performance.simpleperformance.lookform&amp;reviewee_empid='+arrSTRPF[0]+'&amp;form_code='+arrSTRPF[1]+'&amp;grade_code='+arrSTRPF[2]+'&amp;pos_code='+arrSTRPF[3]+'&amp;request_no='+arrSTRPF[4],reposBlock);
				}
				//alert('haha '+arrSTRPF[arrSTRPF.length-1]);
			}

		</SCRIPT>
	</SFGRID>
</SFPAGE>
