<SFPAGE TITLE="simpleperformance" ACCESS="hrm.performance.simpleperformance:edit">
	<SFFORM TITLE="Simple Performance Form" DATASOURCE="" ACTION="SimplePerformance.Add" NAME="frmSimpPerf" WIDTH="1050" HEIGHT="500">
		<TOOLBAR>
			<BUTTON TYPE="Help"></BUTTON>
			<BUTTON TYPE="Close"></BUTTON>
		</TOOLBAR>
		<FIELDSET LABEL="General Information">
			<INPUT LABEL="-" NAME="detailemp" PARAM="detail" TYPE="SCRIPT" TEMPLATE="hrm.performance.simpleperformance.fillform?load=empperf&amp;type=periodic&amp;request_no=&amp;reviewee_empid=#reviewee_empid#&amp;form_code=#form_code#&amp;varcoid=#varcoid#&amp;varcocode=#varcocode#"/>
			<!--<INPUT LABEL="Name" NAME="emp_name" PARAM="emp_name" TYPE="LABEL"/>
			<INPUT LABEL="Position" NAME="emp_pos" PARAM="emp_pos" TYPE="LABEL"/> MAL:: ENC50415-06249 
			<INPUT LABEL="Performance Form Date" NAME="appraisal_date_lbl" PARAM="appraisal_date" TYPE="LABEL" LABELDATE="#request.config.DATE_OUTPUT_FORMAT#"/>
			<INPUT LABEL="Performance Form Name" NAME="appr_period" PARAM="form_code" TYPE="LABEL" DEFAULT="{form_code}"/>
			-->
			<INPUT LABEL="~" NAME="requestfor" PARAM="reviewee_empid" TYPE="HIDDEN" DEFAULT="{reviewee_empid}"/>
			<INPUT LABEL="~" NAME="form_code" PARAM="form_code" TYPE="HIDDEN" DEFAULT="{form_code}"/>
			<INPUT LABEL="~" NAME="requestfor_posid" PARAM="pos_code" TYPE="HIDDEN" DEFAULT="{pos_code}"/>
			<INPUT LABEL="~" NAME="appraisal_date" PARAM="appraisal_date" TYPE="HIDDEN" DEFAULT=""/>
			<INPUT LABEL="~" NAME="temporary" PARAM="temporary" TYPE="HIDDEN"/>
		</FIELDSET>
		<FIELDSET LABEL="Performance Form">
			<INPUT LABEL="-" NAME="detail" PARAM="detail" TYPE="SCRIPT" TEMPLATE="hrm.performance.simpleperformance.fillform?reviewee_empid=#reviewee_empid#&amp;load=perfform&amp;form_code=#form_code#&amp;position_id=#pos_code#&amp;varcoid=#varcoid#&amp;varcocode=#varcocode#"/>
		</FIELDSET>
		<SCRIPT FOR="FOOTER">
			function setInit(){
			    $('##fset_2').append($('&lt;div id="loadingimage" style="width: 100%; text-align: center;"&gt;&lt;img id="loadingimage" src="/sf6lib/skins/def/images/temp/loader.gif" title="[SFTEXT:Loading]"&gt;&lt;/div&gt;'))
				$('a[id^="btn_a_"]').css("display","none");
				$('a[id="btn_a_0"]').css("display","");
				/*
				if('qForm.appraisal_date'==''){
					$sf('tr_inp_appraisal_date_lbl').style.display = 'none';
					$sf('tr_inp_appraisal_date').style.display = '';
				}
				else{
					$sf('tr_inp_appraisal_date_lbl').style.display = '';
					$sf('tr_inp_appraisal_date').style.display = 'none';
				}
				*/
				//getAJAXContent('?ofid=SimplePerformance.GetName&amp;reviewee_empid=#reviewee_empid#&amp;form_code=#form_code#',$sf("inp_temporary"));
				getAJAXContent('?ofid=SimplePerformance.GetName&amp;reviewee_empid=#reviewee_empid#&amp;form_code=#form_code#',"spAjax");
			}
			//setTimeout("setInit();",(bwtype.toLowerCase()=="ie"?500:300));
			setInit();
			
			function pmFinalConclusion(){
				strLinkOld=sLink;
				sLink=sLink+'&amp;sendtype=directfinal';
				validateForm(document.frmSimpPerf);
				sLink=strLinkOld;
			}
			function unfinalForm(){
				strLinkOld=sLink;
				sLink='?ofid=SimplePerformance.UnfinalReqForm';
				validateForm(document.frmSimpPerf);
				sLink=strLinkOld;
			}
			</SCRIPT>
		<BUTTONLIST>
			<BUTTON TYPE="Cancel" LABEL="Back"></BUTTON>
			<BUTTON LABEL="Delete" ACTION="deletePMForm();"></BUTTON>
			<BUTTON LABEL="Revise" ACTION="revise();"></BUTTON>
			<BUTTON TYPE="Draft"></BUTTON>
			<BUTTON LABEL="Send to Approver" TYPE="Send"></BUTTON>
			<BUTTON LABEL="Open Form" ACTION="unfinalForm();"></BUTTON>
			<BUTTON TYPE="Preview Approver"></BUTTON>
		</BUTTONLIST>
	</SFFORM>
</SFPAGE>
