<SFPAGE TITLE="simpleperformance" ACCESS="hrm.performance.simpleperformance:read">
<SFGRID DATASOURCE="SimplePerformance" TITLE="Performance Form">
<TOOLBAR>
<BUTTON TYPE="Add"></BUTTON>
<BUTTON TIP="Search" ICON="toolicon-search.png" ACTION="?xfid=hrm.performance.simpleperformance.search" LINKTYPE="LINK"></BUTTON>
<BUTTON TYPE="Print"></BUTTON>
<BUTTON TYPE="PDF"></BUTTON>
<BUTTON TYPE="Excel"></BUTTON>
<BUTTON TYPE="Openoffice"></BUTTON>
<BUTTON TYPE="Reload"></BUTTON>
<BUTTON TYPE="Help"></BUTTON>
</TOOLBAR>
<FILTER TEXT="Define Filter Criteria" SUBMITLABEL="Go" WIDTH="380">
<INPUT LABEL="Form Type" TYPE="RADIO" NAME="form_type" PARAM="form_type" OPTIONS="1*=Periodic|0=Non Periodic" ONCHANGE="changeFormType(this.value);"/>
<!--<INPUT LABEL="Form Name" TYPE="SELECT" NAME="filter_formcode" PARAM ="filter_formcode" LISTSOURCE="SimplePerformance.GetAllForm"/>-->
<INPUT LABEL="Form Name" TYPE="SELECT" NAME="filter_periodic_formcode" PARAM ="filter_periodic_formcode" LISTSOURCE="SimplePerformance.GetPeriodicForm"/>
<INPUT LABEL="Form Name" TYPE="SELECT" NAME="filter_nonperiodic_formcode" PARAM ="filter_nonperiodic_formcode" LISTSOURCE="SimplePerformance.GetNonPeriodicForm"/>
</FILTER>
<COLUMN TITLE="Employee No" FIELD="reviewee_empno"></COLUMN>
<COLUMN TITLE="Employee Name" FIELD="reviewee_name" LINK="javascript:WhatXML('[emp_id];[form_code];[position_id];[reqno];[varcoid];[varcocode]');" LINKTYPE="JS"></COLUMN>
<COLUMN TITLE="Position" FIELD="posname" WIDTH="200"></COLUMN><!-- MAL:: ENC50415-06249 -->
<COLUMN TITLE="Organization Unit" FIELD="orgunitname"></COLUMN>
<COLUMN TITLE="Performance Form" FIELD="form_desc"></COLUMN>
<COLUMN TITLE="Performance Date" FIELD="form_date" FORMAT="sdate"></COLUMN>
<COLUMN TITLE="Last Reviewer" FIELD="lastreviewer_empid"></COLUMN>
<!--<COLUMN TITLE="Request Status" FIELD="request_name" LINK="?ofid=RequestInbox.ListRequestByType&amp;reqtype=PERFORMANCE&amp;rno=[reqno]&amp;fButton=true" LINKTYPE="POP"></COLUMN>-->
<COLUMN TITLE="Request Status" FIELD="request_name" LINK="javascript:PMStatusLink('[emp_id];[form_code];[position_id];[reqno];[varcoid];[varcocode]');" LINKTYPE="JS"></COLUMN>
<COLUMN TITLE="Score" FIELD="final_score"></COLUMN>
<COLUMN TITLE="Conclusion" FIELD="final_conclusion"></COLUMN>
<!--<COLUMN TITLE="My Outstanding" FIELD="outs" LOOKUP="YES=Yes|NO=No" LOOKUPICON="YES=tick.png|NO=inactive.png"></COLUMN>-->
<COLUMN TITLE="My Outstanding" FIELD="outs" LOOKUP="YES=Yes" LOOKUPICON="YES=request.png"></COLUMN>
<SCRIPT FOR="FOOTER">
function changeFormType(val){
if(val==1){
$("##tr_inp_filter_periodic_formcode").css("display","");
$("##tr_inp_filter_nonperiodic_formcode").css("display","none");
}
else{
$("##tr_inp_filter_periodic_formcode").css("display","none");
$("##tr_inp_filter_nonperiodic_formcode").css("display","");
}
}
$("##toolbarlist").children()[1].style.display='none';
changeFormType(1);
function coba(){
if($('input:radio:checked').val() == '0')
$("##toolbarlist").children()[1].style.display='';
else
$("##toolbarlist").children()[1].style.display='none';
}
$('##btn_a_1').click(function() {
this.blur(); 
coba();
return filterSubmit(document.frmGridFilter);
}); 
function WhatXML(str){
var arrSTRPF = str.split(';')
if(arrSTRPF[arrSTRPF.length-3]=='0'){
innerPop('?xfid=hrm.performance.simpleperformance.fillform&amp;reviewee_empid='+arrSTRPF[0]+'&amp;form_code='+arrSTRPF[1]+'&amp;pos_code='+arrSTRPF[2]+'&amp;varcoid='+arrSTRPF[4]+'&amp;varcocode='+arrSTRPF[5],reposBlock);
}
else //kalo udah ada request
{
innerPop('?xfid=hrm.performance.simpleperformance.lookform&amp;reviewee_empid='+arrSTRPF[0]+'&amp;form_code='+arrSTRPF[1]+'&amp;pos_code='+arrSTRPF[2]+'&amp;request_no='+arrSTRPF[3]+'&amp;varcoid='+arrSTRPF[4]+'&amp;varcocode='+arrSTRPF[5],reposBlock);
}
}
function PMStatusLink(str){
var arrSTRPF = str.split(';')
if(arrSTRPF[arrSTRPF.length-3]=='0'){
innerPop('?xfid=hrm.performance.simpleperformance.fillform&amp;reviewee_empid='+arrSTRPF[0]+'&amp;form_code='+arrSTRPF[1]+'&amp;pos_code='+arrSTRPF[2]+'&amp;varcoid='+arrSTRPF[4]+'&amp;varcocode='+arrSTRPF[5],reposBlock);
}
else //kalo udah ada request
{
popWindow('?ofid=RequestInbox.ListRequestByType&amp;reqtype=PERFORMANCE&amp;rno='+arrSTRPF[3]+'&amp;fButton=true&amp;varcoid='+arrSTRPF[4]+'&amp;varcocode='+arrSTRPF[5],'popWin',500,400,null);
}
}
</SCRIPT>
</SFGRID>
</SFPAGE>
