<SFPAGE TITLE="simpleperformance" ACCESS="hrm.performance.simpleperformance:edit">
	<SFFORM TITLE="Simple Performance Form" DATASOURCE="SimplePerformance.GetGeneralFormDetail" ACTION="SimplePerformance.SendToNext" NAME="frmSimpPerf" WIDTH="1050" HEIGHT="500">
		<TOOLBAR>
			<BUTTON TYPE="Help"></BUTTON>
			<BUTTON TYPE="Close"></BUTTON>
		</TOOLBAR>
		<FIELDSET LABEL="General Information">
			<INPUT LABEL="-" NAME="detailemp" PARAM="detail" TYPE="SCRIPT" TEMPLATE="hrm.performance.simpleperformance.fillform?load=empperfedit&amp;reqno=#qForm.reqno#&amp;reviewee_empid=#qForm.emp_id#&amp;form_code=#qForm.form_code#&amp;varcoid=#varcoid#&amp;varcocode=#varcocode#"/>
			<!--INPUT LABEL="Request Number" NAME="request_no_lbl" PARAM="reqno" TYPE="LABEL"/>
			position=#qForm.position#&amp;emp_no=#qForm.emp_no#&amp;full_name=#ReReplace(qForm.emp_name,  QuoteMark, "", "all")#&amp;photo=#qForm.photo#&amp;gender=#qForm.gender#&amp;appraisal_date=#dateformat(qForm.appraisal_date, 'yyyy-mm-dd')#"/>
			<INPUT LABEL="-"  PARAM="detailemp" TYPE="SCRIPT" TEMPLATE="hrm.performance.simpleperformance.fillform"/>
			<INPUT LABEL="Name" NAME="emp_name" PARAM="emp_name" TYPE="LABEL"/>
			<INPUT LABEL="Performance Form Date" NAME="appraisal_date_lbl" PARAM="appraisal_date" TYPE="LABEL" LABELDATE="#request.config.DATE_OUTPUT_FORMAT#"/>
			<INPUT LABEL="Performance Form Name" NAME="appr_period" PARAM="form_desc" TYPE="LABEL"/-->
			<INPUT LABEL="~" NAME="appraisal_date" PARAM="appraisal_date" TYPE="HIDDEN" DEFAULT=""/>
			<INPUT LABEL="~" NAME="requestfor" PARAM="reviewee_empid" TYPE="HIDDEN" DEFAULT="{reviewee_empid}"/>
			<INPUT LABEL="~" NAME="requestfor_posid" PARAM="pos_code" TYPE="HIDDEN" DEFAULT="{pos_code}"/>
		</FIELDSET>
		<FIELDSET LABEL="Performance Form">
			<INPUT LABEL="-" NAME="detail" PARAM="detail" TYPE="SCRIPT" TEMPLATE="hrm.performance.simpleperformance.fillform?reviewee_empid=#reviewee_empid#&amp;form_code=#form_code#&amp;position_id=#pos_code#&amp;request_no=#request_no#&amp;varcoid=#varcoid#&amp;varcocode=#varcocode#"/>
		</FIELDSET>
		<SCRIPT FOR="FOOTER">
			function senddraft(){
				strLinkOld=sLink;
				sLink=sLink+'&amp;sendtype=draft';
				validateForm(document.frmSimpPerf);
				sLink=strLinkOld;
			}
			function sendfromdraft(){
				strLinkOld=sLink;
				sLink='?ofid=SimplePerformance.Save'+'&amp;action=sendtoapprover&amp;sendtype=sendfromdraft';
				validateForm(document.frmSimpPerf);
				sLink=strLinkOld;
			}
			function sendDirectFinal(){
				strLinkOld=sLink;
				sLink='?ofid=SimplePerformance.Save'+'&amp;action=sendtoapprover&amp;sendtype=directfinal';
				validateForm(document.frmSimpPerf);
				sLink=strLinkOld;
			}
			function FinalConclusion(){
				strLinkOld=sLink;
				sLink=sLink+'&amp;sendtype=final';
				validateForm(document.frmSimpPerf);
				sLink=strLinkOld;
			}
			function ReviseFormPerf(){
				if(! $('##remarkNotesForPMForf').length){
					$('##btn_a_2').after('[lt]div id="remarkNotesForPMForf" style="position: absolute; right: 20px; bottom: 50px; border: solid .15em; padding: 10px; background-color: beige;"[gt][SFTEXT:FDNotes] [lt]font color="red"[gt]*[lt]/font[gt] : [lt]br /[gt][lt]br /[gt][lt]textarea name="revisingNotes" cols="30" rows="3" maxlength="255"[gt][lt]/textarea[gt][lt]/div[gt]')
					$('[textarea[name="revisingNotes"]').focus();
				}
				else if($('textarea[name="revisingNotes"]').val().length [lt] 1){
					$('[textarea[name="revisingNotes"]').focus();
					alert("[SFTEXT:ERPlease write your notes to revise]");
				}
				else{
					strLinkOld=sLink;
					sLink='?ofid=SimplePerformance.Revise';
					validateForm(document.frmSimpPerf);
					sLink=strLinkOld;
				}
			}
			function deletePMForm(){
				strLinkOld=sLink;
				sLink='?ofid=SimplePerformance.DeleteReqForm';
				validateForm(document.frmSimpPerf);
				sLink=strLinkOld;
			}
			
			function undoFinalPMForm(){
				strLinkOld=sLink;
				sLink='?ofid=SimplePerformance.Revise';
				validateForm(document.frmSimpPerf);
				sLink=strLinkOld;
			}

			function unfinalForm(){
				strLinkOld=sLink;
				sLink='?ofid=SimplePerformance.UnfinalReqForm';
				validateForm(document.frmSimpPerf);
				sLink=strLinkOld;
			}

			function setInit(){
					$('a[id^="btn_a_"]').css("display","none");
					$('a[id="btn_a_0"]').css("display","");
					$('##fset_2').append($('&lt;div id="loadingimage" style="width: 100%; text-align: center;"&gt;&lt;img id="loadingimage" src="/sf6lib/skins/def/images/temp/loader.gif" title="[SFTEXT:Loading]"&gt;&lt;/div&gt;'))
			}
			setInit();
		</SCRIPT>
		<BUTTONLIST>
			<BUTTON TYPE="Cancel" LABEL="Back"></BUTTON>
			<BUTTON LABEL="Delete" ACTION="deletePMForm();"></BUTTON>
			<BUTTON LABEL="Revise" ACTION="ReviseFormPerf();"></BUTTON>
			<BUTTON LABEL="Draft" ACTION="senddraft();"></BUTTON>
			<BUTTON LABEL="Send to Approver" TYPE="Submit"></BUTTON>
			<BUTTON LABEL="Open Form" ACTION="unfinalForm();"></BUTTON>
			<BUTTON TYPE="Preview Approver"></BUTTON>
		</BUTTONLIST>
	</SFFORM>
</SFPAGE>
