<SFPAGE TITLE="simpleperformance" ACCESS="hrm.performance.simpleperformance:edit">
	<SFFORM TITLE="Simple Performance Form" DATASOURCE="SimplePerformance.GetGeneralFormDetail" ACTION="SimplePerformance.SendToNext" NAME="frmSimpPerf" WIDTH="1050" HEIGHT="500">
		<TOOLBAR>
			<BUTTON TYPE="Help"></BUTTON>
			<BUTTON TYPE="Close"></BUTTON>
		</TOOLBAR>
		<FIELDSET>
			<INPUT LABEL="Request Number" NAME="request_no_lbl" PARAM="reqno" TYPE="LABEL"/>
			<INPUT LABEL="Name" NAME="emp_name" PARAM="emp_name" TYPE="LABEL"/>
			<INPUT LABEL="Performance Form Date" NAME="appraisal_date_lbl" PARAM="appraisal_date" TYPE="LABEL" LABELDATE="#Application.config.DATE_OUTPUT_FORMAT#"/>
			<INPUT LABEL="Performance Form Name" NAME="appr_period" PARAM="form_desc" TYPE="LABEL"/>
			<INPUT LABEL="~" NAME="appraisal_date" PARAM="appraisal_date" TYPE="HIDDEN" DEFAULT=""/>
			<INPUT LABEL="~" NAME="requestfor" PARAM="reviewee_empid" TYPE="HIDDEN" DEFAULT="{reviewee_empid}"/>
			<INPUT LABEL="~" NAME="requestfor_posid" PARAM="pos_code" TYPE="HIDDEN" DEFAULT="{pos_code}"/>
		</FIELDSET>
		<FIELDSET LABEL="~">
			<INPUT LABEL="-" NAME="detail" PARAM="detail" TYPE="SCRIPT" TEMPLATE="hrm.performance.simpleperformance.fillform?reviewee_empid=#reviewee_empid#&amp;form_code=#form_code#&amp;position_id=#pos_code#&amp;request_no=#request_no#"/>
		</FIELDSET>
		<SCRIPT FOR="FOOTER">
			function senddraft(){
				strLinkOld=sLink;
				sLink=sLink+'&amp;sendtype=draft';
				validateForm(document.frmSimpPerf);
				sLink=strLinkOld;
			}
			function sendfromdraft(){
				strLinkOld=sLink;
				sLink='?ofid=SimplePerformance.Save'+'&amp;action=sendtoapprover&amp;sendtype=sendfromdraft';
				validateForm(document.frmSimpPerf);
				sLink=strLinkOld;
			}
			function sendDirectFinal(){
				strLinkOld=sLink;
				sLink='?ofid=SimplePerformance.Save'+'&amp;action=sendtoapprover&amp;sendtype=directfinal';
				validateForm(document.frmSimpPerf);
				sLink=strLinkOld;
			}
			function FinalConclusion(){
				strLinkOld=sLink;
				sLink=sLink+'&amp;sendtype=final';
				validateForm(document.frmSimpPerf);
				sLink=strLinkOld;
			}
			function ReviseFormPerf(){
				if(! $('##remarkNotesForPMForf').length){
					$('##btn_a_2').after('[lt]div id="remarkNotesForPMForf" style="position: absolute; right: 20px; bottom: 50px; border: solid .15em; padding: 10px; background-color: beige;"[gt][SFTEXT:FDNotes] [lt]font color="red"[gt]*[lt]/font[gt] : [lt]br /[gt][lt]br /[gt][lt]textarea name="revisingNotes" cols="30" rows="3" maxlength="255"[gt][lt]/textarea[gt][lt]/div[gt]')
					$('[textarea[name="revisingNotes"]').focus();
				}
				else if($('textarea[name="revisingNotes"]').val().length [lt] 1){
					$('[textarea[name="revisingNotes"]').focus();
					alert("[SFTEXT:ERPlease write your notes to revise]");
				}
				else{
					strLinkOld=sLink;
					sLink='?ofid=SimplePerformance.Revise';
					validateForm(document.frmSimpPerf);
					sLink=strLinkOld;
				}
			}
			function deletePMForm(){
				strLinkOld=sLink;
				sLink='?ofid=SimplePerformance.DeleteReqForm';
				validateForm(document.frmSimpPerf);
				sLink=strLinkOld;
			}
			
			function undoFinalPMForm(){
				strLinkOld=sLink;
				sLink='?ofid=SimplePerformance.Revise';
				validateForm(document.frmSimpPerf);
				sLink=strLinkOld;
			}

			function setInit(){
					$('a[id^="btn_a_"]').css("display","none");
					$('a[id="btn_a_0"]').css("display","");
			}
			setInit();
		</SCRIPT>
		<BUTTONLIST>
			<BUTTON TYPE="Cancel"></BUTTON>
			<BUTTON LABEL="Delete" ACTION="deletePMForm();"></BUTTON>
			<BUTTON LABEL="Revise" ACTION="ReviseFormPerf();"></BUTTON>
			<BUTTON LABEL="Draft" ACTION="senddraft();"></BUTTON>
			<BUTTON LABEL="Send to Approver" TYPE="Submit"></BUTTON>
		</BUTTONLIST>
	</SFFORM>
</SFPAGE>
