<SFPAGE TITLE="Simple Performance Search" ACCESS="hrm.performance.simpleperformance:read">
	<SFFORM TITLE="Simple Performance Search" ACTION="?sfid=hrm.performance.simpleperformance.listingsearch" NAME="frmSearchNext" WIDTH="100%" HEIGHT="100%">
		<TOOLBAR TYPE="grid">
			<BUTTON TYPE="Reload"></BUTTON>
			<BUTTON TYPE="Help"></BUTTON>
		    <!--
			<BUTTON TYPE="-" TIP="RELOAD" ICON="reload.png" ACTION="?xfid=hrm.performance.simpleperformance.nextsearchperformance&amp;valSelectSearch=#valSelectSearch#" LINKTYPE="LINK"></BUTTON>
			-->
		</TOOLBAR>
		<FIELDSET>
			<INPUT LABEL="Employee Status" TYPE="HIDDEN" NAME="employee"/>
			<INPUT LABEL="-" TYPE="SCRIPT" TEMPLATE="hrm.performance.simpleperformance.nextsearch&amp;valSelectSearch=#valSelectSearch#"/>
		</FIELDSET>
		<BUTTONLIST>
			<BUTTON LABEL="Back" ACTION="BackTo()"></BUTTON>
			<BUTTON LABEL="Search" ACTION="NextSearch()"></BUTTON>
			<!--<BUTTON LABEL="Search &amp; Save" ACTION="saveSearch();"></BUTTON>-->
		</BUTTONLIST>
		<SCRIPT>
			function NextSearch(){
				var thisform=document.frmSearchNext;
				var tmpsLink = sLink;
				var tmpAction = thisform.action;
				var tmpTarget = thisform.target; 
				
				sLink="?rpid=PerformanceSearch";
				thisform.target="popReport";
				
				popWindow("",thisform.target,700,600,"scrollbars=yes,resizable=yes,location=no,status=yes");
				thisform.action=sLink;
				thisform.submit();
				
				sLink=tmpsLink;
				thisform.action=tmpAction;
				thisform.target=tmpTarget;
			}			
			function BackTo(){
				window.location="?xfid=hrm.performance.simpleperformance.search";
			}			
			
			function reloadPage(){
			    redir('?xfid=hrm.performance.simpleperformance.nextsearchperformance&amp;valSelectSearch=#valSelectSearch#');
			}
		</SCRIPT>
	</SFFORM>
</SFPAGE>