<SFPAGE TITLE="Add HAV Setting" ACCESS="hrm.setting.performance.hav:add">
	<SFFORM TITLE="Add HAV Setting" DATASOURCE="" ACTION="HumanAssetValue.Add" NAME="frmhavsetting" HEIGHT="600" WIDTH="1100">
		<TOOLBAR>
			<BUTTON TYPE="Help"></BUTTON>
			<BUTTON TYPE="Close"></BUTTON>
		</TOOLBAR>
		<FIELDSET>
	
			<INPUT LABEL="HAV Code" NAME="hav_code" PARAM="hav_code" TYPE="LABEL" DEFAULT="Util.getCode('PM_HAV')" readonly/>
			<INPUT LABEL="HAV Name" NAME="hav_name" PARAM="hav_name" TYPE="LABEL" />
	
		</FIELDSET>
		
		
		
		<BUTTONLIST>
			<BUTTON TYPE="Cancel" LABEL="Back"></BUTTON>
			<BUTTON TYPE="Draft"></BUTTON>
			<BUTTON TYPE="Send"></BUTTON>
		</BUTTONLIST>
		<SCRIPT FOR="FOOTER">
		

			
		</SCRIPT>
		
	</SFFORM>
</SFPAGE>
