<SFPAGE TITLE="HAVSetting" ACCESS="hrm.setting.performance.hav:read">
	<SFGRID DATASOURCE="HumanAssetValue" TITLE="HAV Setting" TRACER="Performance">
		<TOOLBAR>
			<BUTTON TYPE="Add"></BUTTON>
			<BUTTON TYPE="Print"></BUTTON>
			<BUTTON TYPE="PDF"></BUTTON>
			<BUTTON TYPE="Excel"></BUTTON>
			<BUTTON TYPE="Reload"></BUTTON>
			<BUTTON TYPE="Help"></BUTTON>
		</TOOLBAR>
		<COLUMN TITLE="HAV Code" FIELD="hav_code" FORMAT="Generate From Doc Number" LINK="hrm.setting.performance.hav.edit?request_no=[request_no]" LINKTYPE="INNERPOP"></COLUMN>
		<COLUMN TITLE="HAV name" FIELD="hav_name"></COLUMN>
	</SFGRID>
</SFPAGE>
