<SFPAGE TITLE="Add Performance Task" ACCESS="hrm.performance.dashboard:add" >
	<SFFORM TITLE="Add Performance Task" DATASOURCE="" ACTION="PerformanceDashboardTask.Add" NAME="frmPerformanceTask" HEIGHT="400" WIDTH="800">
		<TOOLBAR>
			<BUTTON TYPE="Reload"></BUTTON>
			<BUTTON TYPE="Help"></BUTTON>
			<BUTTON TYPE="Close"></BUTTON>
		</TOOLBAR>
		<FIELDSET>
			<INPUT LABEL="Employee" NAME="assignee" PARAM="requestbyname" REQUIRED="YES"  TYPE="SUGGEST" LISTSOURCE="PerformanceDashboardTask.filterEmpDev"/>
			<INPUT LABEL="Task" NAME="task_desc" PARAM="task_desc" TYPE="MEMO" REQUIRED="YES" MAXLEN="1000" COL="40" ROW="3" ERRMSG="Please Input Task Description"/>
			<INPUT LABEL="Start Date" NAME="startdate" PARAM="startdate" TYPE="DATE" DEFAULT="TODAY" DATECOMPARE="duedate" REQUIRED="YES"/>
			<INPUT LABEL="Due Date" NAME="duedate" PARAM="duedate" TYPE="DATE" DEFAULT="TODAY" REQUIRED="YES"/>
			<INPUT LABEL="Priority" NAME="priority" TYPE="RADIO" PARAM="priority" OPTIONS="1=Low|2*=Normal|3=High" REQUIRED="YES"/>
			<INPUT LABEL="Status" NAME="status_task" TYPE="RADIO" PARAM="status_task" OPTIONS="0*=New|1=In Progress|2=Completed|3=Verified|4=Canceled|5=Suspended" REQUIRED="YES" ONCHANGE="statustask(this.value);"/>
			<INPUT LABEL="Completion Date" NAME="completion_date" PARAM="completion_date" TYPE="DATE" DEFAULT="TODAY" REQUIRED="YES"/>
			<INPUT LABEL="Comment" NAME="task_note" PARAM="task_note" TYPE="MEMO" MAXLEN="1000" COL="40" ROW="3" ERRMSG="Please Input Task Note"/>
			
		</FIELDSET>
		<SCRIPT FOR="FOOTER">
			function statustask(obj){
				if(obj=='3'||obj=='2'){
					document.getElementById('tr_inp_completion_date').style.display='';
				}
				if(obj=='0'||obj=='1'||obj=='4'||obj=='5'){
					document.getElementById('tr_inp_completion_date').style.display='none';
				}
				
			}
			document.getElementById('tr_inp_completion_date').style.display='none';
		</SCRIPT>
		<BUTTONLIST>
			<BUTTON TYPE="Cancel"></BUTTON>
			<BUTTON TYPE="Submit"></BUTTON>
		</BUTTONLIST>
	</SFFORM>
</SFPAGE>