<SFPAGE TITLE="Competency Match" ACCESS="hrm.performance.dashboard:read">
	<SFFORM TITLE="Competency Match" DATASOURCE="" ACTION="save" TRACER="Employee Development" NAME="frmComptmacth" WIDTH="800" HEIGHT="500" SHOWWINDOW="YES">
		<TOOLBAR>
			<BUTTON TYPE="Help"></BUTTON>
			<BUTTON TYPE="Close"></BUTTON>
		</TOOLBAR>
		<FIELDSET LABEL="Competency Match">
			<INPUT LABEL="-" NAME="frmComptmacth" TYPE="SCRIPT" TEMPLATE="hrm.performance.dashboard.comptmacth&amp;empid=#empid#"/>
		</FIELDSET>
	</SFFORM>
</SFPAGE>
