<SFPAGE TITLE="Detail My Feedback" ACCESS="hrm.performance.dashboard:edit" >
	<SFFORM TITLE="Detail My Feedback" DATASOURCE="PerformanceDashboardFeedback.viewMyFeedback" ACTION="PerformanceDashboardFeedback.saves" NAME="frmPerformanceFeedback" HEIGHT="400" WIDTH="800">
		<TOOLBAR>
			<BUTTON TYPE="Reload"></BUTTON>
			<BUTTON TYPE="Help"></BUTTON>
			<BUTTON TYPE="Close"></BUTTON>
		</TOOLBAR>
		<FIELDSET LABEL="-">
			<INPUT LABEL="Employee" NAME="feedback_for1" PARAM="full_name" TYPE="LABEL"/>
			<INPUT LABEL="Employee" NAME="feedback_for" PARAM="feedback_for" TYPE="HIDDEN"/>
			<INPUT LABEL="Type" NAME="feedback_type" TYPE="RADIO" PARAM="feedback_type" OPTIONS="compliment=Compliment|complaint=Complaint|none=Neutral" REQUIRED="YES" ONCHANGE="change(this.value);"/>
			<INPUT LABEL="Remark" NAME="feedback_desc" PARAM="feedback_desc" TYPE="MEMO" REQUIRED="YES" MAXLEN="200" COL="40" ROW="3" ERRMSG="Please Input Feedback Description"/>
			
			<INPUT LABEL="Severity" NAME="serverity_level" TYPE="RADIO" PARAM="severity_level" OPTIONS="1=Minor|2=Moderate|3=Major" REQUIRED="YES"/>
			<INPUT LABEL="Level" NAME="serverity_level2" TYPE="RADIO" PARAM="severity_level" OPTIONS="1=Minor|2=Moderate|3=Major" REQUIRED="YES"/>
			
			<INPUT LABEL="Types" NAME="types" PARAM="feedback_type" TYPE="HIDDEN"/>


		</FIELDSET>
		<FIELDSET>
			<INPUT LABEL="~" TYPE="SCRIPT" TEMPLATE="hrm.performance.dashboard.editnotefeedback&amp;feedback_code=#feedback_code#"/>
		</FIELDSET>
		<FIELDSET LABEL="-">
			<INPUT LABEL="Comment" NAME="feedback_note" PARAM="feedback_note" TYPE="MEMO" MAXLEN="200" COL="40" ROW="3" ERRMSG="Please Input Feedback Note"/>
		</FIELDSET>
		<SCRIPT FOR="FOOTER">
			
			if(document.getElementById('inp_types').value=='compliment'){
				document.frmPerformanceFeedback.inp_feedback_type[0].checked;
				document.getElementById('tr_inp_serverity_level').style.display="";
				document.getElementById('tr_inp_serverity_level2').style.display="none";
			}
			
			if(document.getElementById('inp_types').value=='complaint'){
				document.frmPerformanceFeedback.inp_feedback_type[1].checked;
				document.getElementById('tr_inp_serverity_level').style.display="none";
				document.getElementById('tr_inp_serverity_level2').style.display="";
			}

			if(document.getElementById('inp_types').value=='none'){
				document.frmPerformanceFeedback.inp_feedback_type[2].checked;
				document.getElementById('tr_inp_serverity_level').style.display="none";
				document.getElementById('tr_inp_serverity_level2').style.display="none";
			}

			function change(obj){
				if(obj=='compliment'){
					//document.getElementById('lbl_inp_serverity_level').innerHTML="Severity *";
					document.getElementById('tr_inp_serverity_level').style.display="";
					document.getElementById('tr_inp_serverity_level2').style.display="none";
				}
				if(obj=='complaint'){
					//document.getElementById('lbl_inp_serverity_level').innerHTML="Level *";
					document.getElementById('tr_inp_serverity_level').style.display="none";
					document.getElementById('tr_inp_serverity_level2').style.display="";
				}
				if(obj=='none'){
					document.getElementById('tr_inp_serverity_level').style.display="none";
					document.getElementById('tr_inp_serverity_level2').style.display="none";
				}
			}
		</SCRIPT>
		<BUTTONLIST>
			<BUTTON TYPE="Cancel"></BUTTON>
			<BUTTON TYPE="Submit"></BUTTON>
		</BUTTONLIST>
	</SFFORM>
</SFPAGE>