<SFPAGE TITLE="Evaluation History" ACCESS="hrm.performance.dashboard:read">
	<SFFORM TITLE="Evaluation History" DATASOURCE="" ACTION="save" TRACER="Employee Development" NAME="frmEvalhis" WIDTH="800" HEIGHT="500" SHOWWINDOW="YES">
		<TOOLBAR>
			<BUTTON TYPE="Help"></BUTTON>
			<BUTTON TYPE="Close"></BUTTON>
		</TOOLBAR>
		<FIELDSET LABEL="-">
			<INPUT LABEL="-" NAME="frmfb" TYPE="SCRIPT" TEMPLATE="hrm.performance.dashboard.dashevalhistory&amp;empid=#empid#&amp;periodcode=#periodcode#"/>
		</FIELDSET>
		<SCRIPT FOR="FOOTER">
		</SCRIPT>
	</SFFORM>
</SFPAGE>
