<SFPAGE TITLE="Detail Task" ACCESS="hrm.performance.dashboard:edit" >
	<SFFORM TITLE="Detail Task" DATASOURCE="PerformanceEvaluation.TaskNotes" ACTION="PerformanceEvaluation.saveNotes" NAME="frmPerformanceTask" HEIGHT="600" WIDTH="800">
		<TOOLBAR>
			<BUTTON TYPE="Reload"></BUTTON>
			<BUTTON TYPE="Help"></BUTTON>
			<BUTTON TYPE="Close"></BUTTON>
		</TOOLBAR>
		<FIELDSET LABEL="-">
			<INPUT LABEL="EmpLogin" NAME="emplogin" PARAM="emplogin" TYPE="HIDDEN" DEFAULT="#emplogin#"/>
			<INPUT LABEL="Assigner" NAME="assigner" PARAM="assigner" TYPE="HIDDEN" DEFAULT="#assigner#"/>
			<INPUT LABEL="Assignee" NAME="assignee" PARAM="assignee" TYPE="HIDDEN" DEFAULT="#assignee#"/>
			<INPUT LABEL="Task Code" NAME="task_code" PARAM="task_code" TYPE="HIDDEN"/>
			<INPUT LABEL="Status Task" NAME="hdnStatus" PARAM="status_task" TYPE="HIDDEN"/>
			<INPUT LABEL="Flag" NAME="hdnFlag" PARAM="hdnFlag" TYPE="HIDDEN" DEFAULT="1"/>
		</FIELDSET>
		
		<FIELDSET LABEL="-">
			<INPUT LABEL="Employee" NAME="empname" PARAM="empname" TYPE="LABEL"/>
			<INPUT LABEL="Task" NAME="lbltask_desc" PARAM="task_desc" TYPE="LABEL"/>
			<INPUT LABEL="Task" NAME="task_desc" PARAM="task_desc" TYPE="MEMO" COL="40" ROW="3" MAXLEN="255"/>
			<INPUT LABEL="Start Date" NAME="lblstartdate" PARAM="startdate" TYPE="LABEL" LABELDATE="#REQUEST.CONFIG.DATE_OUTPUT_FORMAT#"/>
			<INPUT LABEL="Start Date" NAME="startdate" PARAM="startdate" TYPE="DATE" ERRMSG="Please Input Start Date"  REQUIRED="Yes"/>
			<INPUT LABEL="Due Date" NAME="lblduedate" PARAM="duedate" TYPE="LABEL" LABELDATE="#REQUEST.CONFIG.DATE_OUTPUT_FORMAT#"/>
			<INPUT LABEL="Due Date" NAME="duedate" PARAM="duedate" TYPE="DATE" ERRMSG="Please Input Due Date"  REQUIRED="Yes"/>
			<INPUT LABEL="Priority" NAME="priority" PARAM="priority" TYPE="RADIO" OPTIONS="1=Low|2=Normal|3=High"/>
			<INPUT LABEL="Status" NAME="status_task" PARAM="status_task" TYPE="RADIO" OPTIONS="0=New|1=In Progress|2=Completed|3=Verified|4=Canceled|5=Suspended"  ONCHANGE="complet(this,1)"/>
			<INPUT LABEL="Completion Date" NAME="completiondate" PARAM="completion_date" TYPE="DATE" ERRMSG="Please Input Completion Date" REQUIRED="YES"/>
		</FIELDSET>	
		
		<FIELDSET LABEL="-">
			<INPUT LABEL="To" NAME="EmpEmpname" PARAM="empname" TYPE="LABEL"/>
			<INPUT LABEL="Task" NAME="EmpTask_desc" PARAM="task_desc" TYPE="LABEL"/>
			<INPUT LABEL="Start Date" NAME="EmpStartdate" PARAM="startdate" TYPE="LABEL" LABELDATE="#REQUEST.CONFIG.DATE_OUTPUT_FORMAT#"/>
			<INPUT LABEL="Due Date" NAME="EmpDuedate" PARAM="duedate" TYPE="LABEL" LABELDATE="#REQUEST.CONFIG.DATE_OUTPUT_FORMAT#"/>
			<INPUT LABEL="Status" NAME="EmpStatus" PARAM="status_task" TYPE="SELECT" OPTIONS="0=New|1=In Progress|2=Completed" ONCHANGE="complet(this, 2)"/>
			<INPUT LABEL="Completion Date" NAME="EmpCompletionDate" PARAM="completion_date" TYPE="DATE" ERRMSG="Please Input Completion Date" REQUIRED="YES"/>
		</FIELDSET>	
		
		<FIELDSET>
			<INPUT NAME="temp" TYPE="SCRIPT" TEMPLATE="hrm.performance.dashboard.receivedtask&amp;task_code=#task_code#&amp;flag=1"/>
		</FIELDSET>
		<FIELDSET>
			<INPUT LABEL="Comment" NAME="task_note" PARAM="task_note" TYPE="MEMO" MULTILANG="No" REQUIRED="No" MAXLEN="200" COL="40" ROW="3" ERRMSG="Please Input Task Note"/>
		</FIELDSET>
		
		<SCRIPT FOR="FOOTER">
			function complet(obj, flag){
				if(flag == 1){
					var sts_task = document.getElementById('tr_inp_completiondate');					
				}else{
					var sts_task = document.getElementById('tr_inp_EmpCompletionDate');
				}
			
				if(obj.value == 2 || obj.value == 3){
					sts_task.style.display = '';
				}else{
					sts_task.style.display = 'none';
				}
			}
			
			function init(){
				if(document.getElementById('inp_emplogin').value == document.getElementById('inp_assignee').value){
					document.getElementById('inp_hdnFlag').value = 2;
					document.getElementById('tr_inp_empname').style.display = 'none';
					document.getElementById('tr_inp_lbltask_desc').style.display = 'none';
					document.getElementById('tr_inp_task_desc').style.display = 'none';
					document.getElementById('tr_inp_lblstartdate').style.display = 'none';
					document.getElementById('tr_inp_startdate').style.display = 'none';
					document.getElementById('tr_inp_lblduedate').style.display = 'none';
					document.getElementById('tr_inp_duedate').style.display = 'none';
					document.getElementById('tr_inp_priority').style.display = 'none';
					document.getElementById('tr_inp_status_task').style.display = 'none';
					document.getElementById('tr_inp_completiondate').style.display = 'none';
					
					if(document.getElementById('inp_hdnStatus').value == 2 || document.getElementById('inp_hdnStatus').value == 3)
						document.getElementById('tr_inp_EmpCompletionDate').style.display = '';
					else
						document.getElementById('tr_inp_EmpCompletionDate').style.display = 'none';
					
				}else{
					document.getElementById('inp_hdnFlag').value = 1;
					
					document.getElementById('tr_inp_EmpEmpname').style.display = 'none';
					document.getElementById('tr_inp_EmpTask_desc').style.display = 'none';
					document.getElementById('tr_inp_EmpStartdate').style.display = 'none';
					document.getElementById('tr_inp_EmpDuedate').style.display = 'none';
					document.getElementById('tr_inp_EmpStatus').style.display = 'none';
					document.getElementById('tr_inp_EmpCompletionDate').style.display = 'none';
					
					if(document.getElementById('inp_emplogin').value == document.getElementById('inp_assigner').value){
						document.getElementById('tr_inp_lbltask_desc').style.display = 'none';
						document.getElementById('tr_inp_lblstartdate').style.display = 'none';
						document.getElementById('tr_inp_lblduedate').style.display = 'none';
						document.getElementById('tr_inp_task_desc').style.display = '';
						document.getElementById('tr_inp_startdate').style.display = '';
						document.getElementById('tr_inp_duedate').style.display = '';
					}else{
						document.getElementById('tr_inp_task_desc').style.display = 'none';
						document.getElementById('tr_inp_startdate').style.display = 'none';
						document.getElementById('tr_inp_duedate').style.display = 'none';
						document.getElementById('tr_inp_lbltask_desc').style.display = '';
						document.getElementById('tr_inp_lblstartdate').style.display = '';
						document.getElementById('tr_inp_lblduedate').style.display = '';
					}
					
					if(document.getElementById('inp_hdnStatus').value == 2 || document.getElementById('inp_hdnStatus').value == 3)
						document.getElementById('tr_inp_completiondate').style.display = '';
					else
						document.getElementById('tr_inp_completiondate').style.display = 'none';
				}
			}
			init();
		</SCRIPT>
		<BUTTONLIST>
			<BUTTON TYPE="Cancel"></BUTTON>
			<BUTTON TYPE="Submit"></BUTTON>
		</BUTTONLIST>
	</SFFORM>
</SFPAGE>