<SFPAGE TITLE="Feedback" ACCESS="hrm.performance.dashboard:read">
	<SFFORM TITLE="Feedback" DATASOURCE="PerformanceEvaluation.getEmpName" TRACER="Employee Development" ACTION="PerformanceEvaluation.SaveFeedBack" NAME="frmPerfEval" WIDTH="1000" HEIGHT="500">
		<TOOLBAR>
			<BUTTON TYPE="Help"></BUTTON>
			<BUTTON TYPE="Close"></BUTTON>
		</TOOLBAR>
		<FIELDSET LABEL="-">
			<INPUT LABEL="Employee" TYPE="LABEL" NAME="empname" PARAM="empname" /> 
			<INPUT TYPE="HIDDEN" NAME="emp_id" PARAM="emp_id" DEFAULT="#empid#" /> 
			<INPUT LABEL="Feedback Type" NAME="chkfeedback" PARAM="chkfeedback" TYPE="CHECKBOX" OPTIONS="compliment*=Compliment|complaint*=Complaint|none*=Neutral"/>
			<INPUT LABEL="Due Date Period" TYPE="DATE" NAME="startdate" PARAM="startdate" GROUP="duedate"/>
			<INPUT LABEL="To" TYPE="DATE" NAME="enddate" PARAM="enddate" REQUIRED="YES" GROUP="duedate~"/>
			<INPUT LABEL="Go" TYPE="BUTTON" SIZE="80" ONCLICK="getData()"/>
		</FIELDSET>
		<FIELDSET LABEL="-">
			<INPUT LABEL="-" NAME="frmfeedback" TYPE="SCRIPT" TEMPLATE="hrm.performance.dashboard.feedback?empid=#empid#&amp;chkfeedback=4"/>
		</FIELDSET>
		<BUTTONLIST>
			<BUTTON LABEL="Update" TYPE="Submit"></BUTTON>
		</BUTTONLIST>
		<SCRIPT FOR="FOOTER">			
			function initdate()
			{
				var currentTime = new Date();
				var month = 1;
				var day = 1;
				var year = currentTime.getFullYear();
				var nextday = 31;
				var nextmonth = 12;
				var nextyear = currentTime.getFullYear();
				
				if (month [LT] 10){
				 month = "0"+month;
				}
				if (day [LT] 10){
				 day = "0"+day;
				}
				
				document.getElementById('cal_startdate').value = dateFormatMask(month + day + year,"mmddyyyy","#request.config.date_input_format#");
				document.getElementById('cal_enddate').value = dateFormatMask("12" + "31" + nextyear,"mmddyyyy","#request.config.date_input_format#");
			}
			initdate();		
			
			function getData()
			{
				var startdate = document.getElementById('cal_startdate').value;
				var enddate = document.getElementById('cal_enddate').value;
				
				var lstFeedback = 0;
				var listFeedback = new Array();
				
				for(var i=0;i &lt;=frmPerfEval.inp_chkfeedback.length-1;i++)
				{
					if(document.frmPerfEval.inp_chkfeedback[i].checked)
					{
						listFeedback.push(document.frmPerfEval.inp_chkfeedback[i].value);
						lstFeedback = listFeedback;
					}
				}
				getAJAXContent("?sfid=hrm.performance.dashboard.feedback&amp;empid=#empid#&amp;startdate="+startdate+"&amp;enddate="+enddate+"&amp;chkfeedback="+lstFeedback,$sf("tableFeedback"),null,null,$sf("frmPerfEval"),null);
			}
			
		</SCRIPT>
	</SFFORM>
</SFPAGE>
