<SFPAGE TITLE="devplan" ACCESS="hrm.performance.dashboard:read">
	<SFFORM TITLE="Development Plan" DATASOURCE="PerformanceDevPlan.viewEmpNo" ACTION="PerformanceDevPlan.Save" NAME="frmPerfEval" WIDTH="1000" HEIGHT="1000" passing="empno">
		<TOOLBAR>
			<BUTTON TYPE="Help"></BUTTON>
			<BUTTON TYPE="Close"></BUTTON>
		</TOOLBAR>
		<FIELDSET LABEL="-">
			<INPUT LABEL="Employee No" TYPE="LABEL" NAME="empno" PARAM="empno" /> 
			<INPUT LABEL="Employee Name" TYPE="LABEL" NAME="empname" PARAM="empname" /> 
			<INPUT LABEL="Due Date Period" TYPE="DATE" NAME="startdate" PARAM="startdate" GROUP="duedate" DATECOMPARE="enddate" ERRMSG="End Date Must Grater Than Or Equal Start Date"/>
			<INPUT LABEL="To" TYPE="DATE" NAME="enddate" PARAM="enddate" REQUIRED="YES" GROUP="duedate~"/> 
			<INPUT LABEL="Display" NAME="selDisp" PARAM="selDisp" TYPE="CHECKBOX" OPTIONS="0*=New|1*=In Progress|2*=Completed|3*=Verified|4*=Cancelled|5*=Suspended"/>
			<INPUT LABEL="Go" TYPE="BUTTON" SIZE="80" ONCLICK="getData()"/>
		</FIELDSET>
		<FIELDSET LABEL="-">
			<INPUT LABEL="-" NAME="dpempid" TYPE="HIDDEN" PARAM="empid" DEFAULT="#empid#"/>
			<INPUT LABEL="-" NAME="frmPerfEval" TYPE="SCRIPT" TEMPLATE="hrm.performance.evaluation.devplan.listingdevplan?empid=#empid#&amp;startdate=0&amp;enddate=0&amp;selDisp=6"/>
		</FIELDSET>
		<SCRIPT FOR="FOOTER">
			function initdate()
			{
				var currentTime = new Date();
				var month = 1;
				var day = 1;
				var year = currentTime.getFullYear();
				var nextday = 31;
				var nextmonth = 12;
				var nextyear = currentTime.getFullYear()+1;
				
				if (month [LT] 10){
				 month = "0"+month;
				}
				if (day [LT] 10){
				 day = "0"+day;
				}
				
				document.getElementById('cal_startdate').value = dateFormatMask(month + day + year,"mmddyyyy","#request.config.date_input_format#");
				document.getElementById('cal_enddate').value = dateFormatMask("12" + "31" + nextyear,"mmddyyyy","#request.config.date_input_format#");
			}
			initdate();
			
			function getData()
			{
				var startdate = document.getElementById('cal_startdate').value;
				var enddate = document.getElementById('cal_enddate').value;
				var lstStatus = 0;
				var listStatus = new Array();
				
				for(var i=0;i &lt;=frmPerfEval.inp_selDisp.length-1;i++)
				{
					if(document.frmPerfEval.inp_selDisp[i].checked)
					{
						listStatus.push(i);
						lstStatus = listStatus;
					}
				}
				getAJAXContent("?sfid=hrm.performance.evaluation.devplan.listingdevplan&amp;empid=#empid#&amp;startdate="+startdate+"&amp;enddate="+enddate+"&amp;selDisp="+lstStatus,$sf("tableDevPlan"),null,null,$sf("frmTrainingPlan"),null);
			}
			
		</SCRIPT>
		<BUTTONLIST>
			<BUTTON TYPE="Submit" Label="Save"></BUTTON>
		</BUTTONLIST>
	</SFFORM>
</SFPAGE>
