<SFPAGE TITLE="Detail Received Task" ACCESS="hrm.performance.dashboard:edit" >
	<SFFORM TITLE="Detail Received Task" DATASOURCE="PerformanceDashboardTask.viewMyTask" ACTION="PerformanceDashboardTask.saves" NAME="frmPerformanceTask" HEIGHT="400" WIDTH="800">
		<TOOLBAR>
			<BUTTON TYPE="Reload"></BUTTON>
			<BUTTON TYPE="Help"></BUTTON>
			<BUTTON TYPE="Close"></BUTTON>
		</TOOLBAR>
		<FIELDSET LABEL="-">
			<INPUT LABEL="Employee" NAME="assignee" PARAM="assignee" TYPE="HIDDEN"/>
			<INPUT LABEL="Task" NAME="task_desc" PARAM="Task_desc" TYPE="HIDDEN"/>
			<INPUT LABEL="Start Date" NAME="startdate" PARAM="startdate" TYPE="HIDDEN"/>
			<INPUT LABEL="Due Date" NAME="duedate" PARAM="duedate" TYPE="HIDDEN"/>
			<INPUT LABEL="Priority" NAME="priority" PARAM="priority" TYPE="HIDDEN"/>
			<INPUT LABEL="Employee" NAME="assignee1" PARAM="full_name" TYPE="LABEL"/>
			<INPUT LABEL="Task" NAME="task_desc" PARAM="Task_desc" TYPE="LABEL"/>
			<INPUT LABEL="Start Date" NAME="lblstartdate" PARAM="startdate" TYPE="LABEL" LABELDATE="#REQUEST.CONFIG.DATE_OUTPUT_FORMAT#"/>
			<INPUT LABEL="Due Date" NAME="lblduedate" PARAM="duedate" TYPE="LABEL" LABELDATE="#REQUEST.CONFIG.DATE_OUTPUT_FORMAT#"/>
			<INPUT LABEL="Priority" NAME="priority" TYPE="RADIO" PARAM="priority" OPTIONS="1=Low|2*=Normal|3=High"/>
			<INPUT LABEL="Status" NAME="status_task" TYPE="RADIO" PARAM="status_task" OPTIONS="0*=New|1=In Progress|2=Completed" ONCHANGE="statustask(this.value);"/>
			<INPUT LABEL="Completion Date" NAME="completion_date" PARAM="completion_date" TYPE="DATE" DEFAULT="TODAY" REQUIRED="YES"/>
			<INPUT LABEL="Status" NAME="labelstatus" PARAM="labelstatus" TYPE="LABEL"/>
			<INPUT LABEL="Completion Date" NAME="labelcompletion" PARAM="completion_date" TYPE="LABEL" LABELDATE="#REQUEST.CONFIG.DATE_OUTPUT_FORMAT#"/>
			<INPUT LABEL="Hidden Task Status" NAME="taskstatus" PARAM="status_task" TYPE="HIDDEN"/>
			<INPUT LABEL="Hidden Task Completion Date" NAME="taskcompletion" PARAM="completion_date" TYPE="HIDDEN"/>
			<INPUT LABEL="Comment" NAME="task_note" PARAM="task_note" TYPE="MEMO"  MAXLEN="200" COL="40" ROW="3" ERRMSG="Please Input Feedback Note"/>
		</FIELDSET>
		<FIELDSET LABEL="-">
			<INPUT LABEL="-" TYPE="SCRIPT" TEMPLATE="hrm.performance.dashboard.receivedtask&amp;task_code=#task_code#"/> 
		</FIELDSET>
		
		<SCRIPT FOR="FOOTER">
			var stat = document.getElementById('inp_taskstatus').value;
			if(stat=='3'){
				document.getElementById('tr_inp_status_task').style.display='none';
				document.getElementById('tr_inp_completion_date').style.display='none';
			}
			else if(stat=='4')
			{
				document.getElementById('tr_inp_status_task').style.display='none';
				document.getElementById('tr_inp_completion_date').style.display='none';
				document.getElementById('tr_inp_labelcompletion').style.display='none';
			}
			else if(stat=='5')
			{
				document.getElementById('tr_inp_status_task').style.display='none';
				document.getElementById('tr_inp_completion_date').style.display='none';
				document.getElementById('tr_inp_labelcompletion').style.display='none';
			}
			else if(stat=='2'){
				document.getElementById('tr_inp_completion_date').style.display='';
				document.getElementById('tr_inp_labelstatus').style.display='none';
				document.getElementById('tr_inp_labelcompletion').style.display='none';
			}
			else if(stat=='0'||stat=='1'){
				document.getElementById('tr_inp_completion_date').style.display='none';
				document.getElementById('tr_inp_labelstatus').style.display='none';
				document.getElementById('tr_inp_labelcompletion').style.display='none';
			}


			function statustask(obj){
				if(obj=='2'){
					document.getElementById('tr_inp_completion_date').style.display='';
				}
				if(obj=='0'||obj=='1'){
					document.getElementById('tr_inp_completion_date').style.display='none';
				}
				
			}
			


			for (var i=0; i &lt; document.frmPerformanceTask.inp_priority.length; i++)
			{
      		 	document.frmPerformanceTask.inp_priority[i].disabled = true;
			}
			
		</SCRIPT>
		
		<BUTTONLIST>
			<BUTTON TYPE="Cancel"></BUTTON>
			<BUTTON TYPE="Submit"></BUTTON>
		</BUTTONLIST>
	</SFFORM>
</SFPAGE>