<SFPAGE TITLE="Detail Received Feedback" ACCESS="hrm.performance.dashboard:edit" >
	<SFFORM TITLE="Detail Received Feedback" DATASOURCE="PerformanceDashboardFeedback.viewMyFeedback" ACTION="PerformanceDashboardFeedback.save" NAME="frmPerformanceFeedback" HEIGHT="400" WIDTH="800">
		<TOOLBAR>
			<BUTTON TYPE="Reload"></BUTTON>
			<BUTTON TYPE="Help"></BUTTON>
			<BUTTON TYPE="Close"></BUTTON>
		</TOOLBAR>
		<FIELDSET>
			<INPUT LABEL="-" NAME="temp" TYPE="SCRIPT" TEMPLATE="hrm.performance.dashboard.receivedfeedback&amp;feedback_code=#feedback_code#"/>
		</FIELDSET>
		<FIELDSET LABEL="-">
			<INPUT LABEL="Comment" NAME="feedback_note" PARAM="feedback_note" TYPE="MEMO" MAXLEN="200" COL="40" ROW="3" ERRMSG="Please Input Feedback Note"/>
		</FIELDSET>	
		<FIELDSET LABEL="-">
			<INPUT LABEL="Employee" NAME="feedback_for" PARAM="feedback_for" TYPE="HIDDEN"/>
			<INPUT LABEL="Feedback" NAME="feedback_desc" PARAM="feedback_desc" TYPE="HIDDEN"/>
			<INPUT LABEL="Type" NAME="feedback_type" TYPE="HIDDEN" PARAM="feedback_type"/>
			<INPUT LABEL="Severity" NAME="severity_level" TYPE="HIDDEN" PARAM="severity_level"/>
			
		</FIELDSET>
		<SCRIPT FOR="FOOTER">
			var feedbackempid =  document.getElementById('inp_feedback_for').value;
			
			if (feedbackempid != "#REQUEST.SCOOKIE.USER.EMPID#" )
			{
				document.getElementById('tr_inp_feedback_note').style.display='none';
				$("##btn_a_1").hide();
			}
		</SCRIPT>
		<BUTTONLIST>
			<BUTTON TYPE="Cancel"></BUTTON>
			<BUTTON TYPE="Submit"></BUTTON>
		</BUTTONLIST>
	</SFFORM>
</SFPAGE>