<SFPAGE TITLE="Detail My Task" ACCESS="hrm.performance.dashboard:edit" >
	<SFFORM TITLE="Detail My Task" DATASOURCE="PerformanceDashboardTask.viewMyTask" ACTION="PerformanceDashboardTask.saves" NAME="frmPerformanceTask" HEIGHT="400" WIDTH="800">
		<TOOLBAR>
			<BUTTON TYPE="Reload"></BUTTON>
			<BUTTON TYPE="Help"></BUTTON>
			<BUTTON TYPE="Close"></BUTTON>
		</TOOLBAR>
		<FIELDSET LABEL="-">
			<INPUT LABEL="Employee" NAME="assignee1" PARAM="full_name" TYPE="LABEL"/>
			<INPUT LABEL="Employee" NAME="assignee" PARAM="assignee" TYPE="HIDDEN"/>
			<INPUT LABEL="Task" NAME="lbltask" PARAM="Task_desc" TYPE="LABEL"/>
			<INPUT LABEL="Task" NAME="task_desc" PARAM="Task_desc" TYPE="MEMO" Multilang="No" REQUIRED="YES" MAXLEN="1000" COL="40" ROW="3" ERRMSG="Please Input Task Description"/>
			<INPUT LABEL="Start Date" NAME="startdate" PARAM="startdate" TYPE="DATE" DEFAULT="TODAY" DATECOMPARE="duedate" REQUIRED="YES"/>
			<INPUT LABEL="Start Date" NAME="lblstartdate" PARAM="startdate" TYPE="LABEL" LABELDATE="#REQUEST.CONFIG.DATE_OUTPUT_FORMAT#"/>
			<INPUT LABEL="Due Date" NAME="duedate" PARAM="duedate" TYPE="DATE" DEFAULT="TODAY" REQUIRED="YES"/>
			<INPUT LABEL="Due Date" NAME="lblduedate" PARAM="duedate" TYPE="LABEL" LABELDATE="#REQUEST.CONFIG.DATE_OUTPUT_FORMAT#"/>
			<INPUT LABEL="Priority" NAME="priority" TYPE="RADIO" PARAM="priority" OPTIONS="1=Low|2*=Normal|3=High" REQUIRED="YES"/>
			<INPUT LABEL="Status" NAME="status_task" TYPE="RADIO" PARAM="status_task" OPTIONS="0*=New|1=In Progress|2=Completed|3=Verified|4=Canceled|5=Suspended" REQUIRED="YES" ONCHANGE="statustask(this.value);"/>
			<INPUT LABEL="Task Status" NAME="taskstatus" PARAM="status_task" TYPE="HIDDEN"/>
			<INPUT LABEL="Completion Date" NAME="completion_date" PARAM="completion_date" TYPE="DATE" DEFAULT="TODAY" REQUIRED="YES"/>
			
			<INPUT LABEL="EmpLogin" NAME="emplogin" PARAM="emplogin" TYPE="HIDDEN" DEFAULT="#REQUEST.SCOOKIE.USER.EMPID#"/>
			<INPUT LABEL="Assigner" NAME="assigner" PARAM="created_task" TYPE="HIDDEN"/> <!-- DEFAULT="#assigner#"-->
			<INPUT LABEL="Assignee" NAME="hdnassignee" PARAM="assignee" TYPE="HIDDEN"/> <!--  DEFAULT="#assignee#" -->
		</FIELDSET>
		<FIELDSET LABEL="-">
			<INPUT LABEL="-" TYPE="SCRIPT" TEMPLATE="hrm.performance.dashboard.editnotetask&amp;task_code=#task_code#"/>
		</FIELDSET>
		<FIELDSET LABEL="-">
			<INPUT LABEL="Comment" NAME="task_note" PARAM="task_note" TYPE="MEMO" Multilang="No" REQUIRED="No" MAXLEN="1000" COL="40" ROW="3" ERRMSG="Please Input Task Note"/>
		</FIELDSET>
		<SCRIPT FOR="FOOTER">
			function statustask(obj){
				if(obj=='3'||obj=='2'){
					document.getElementById('tr_inp_completion_date').style.display='';
				}
				if(obj=='0'||obj=='1'||obj=='4'||obj=='5'){
					document.getElementById('tr_inp_completion_date').style.display='none';
				}
				
			}
			
			var stat = document.getElementById('inp_taskstatus').value;
			if(stat=='3'||stat=='2'){
				document.getElementById('tr_inp_completion_date').style.display='';
			}
			if(stat=='0'||stat=='1'||stat=='4'||stat=='5'){
				document.getElementById('tr_inp_completion_date').style.display='none';
			}
			
			if(document.getElementById('inp_emplogin').value != document.getElementById('inp_assigner').value){
				document.getElementById('tr_inp_lbltask').style.display='';
				document.getElementById('tr_inp_task_desc').style.display='none';
				document.getElementById('tr_inp_startdate').style.display='none';
				document.getElementById('tr_inp_duedate').style.display='none';
				document.getElementById('tr_inp_lblstartdate').style.display='';
				document.getElementById('tr_inp_lblduedate').style.display='';
			}else{
				document.getElementById('tr_inp_startdate').style.display='';
				document.getElementById('tr_inp_duedate').style.display='';
				document.getElementById('tr_inp_lblstartdate').style.display='none';
				document.getElementById('tr_inp_lblduedate').style.display='none';
				document.getElementById('tr_inp_lbltask').style.display='none';
				document.getElementById('tr_inp_task_desc').style.display='';
			}
		</SCRIPT>
		<BUTTONLIST>
			<BUTTON TYPE="Cancel"></BUTTON>
			<BUTTON TYPE="Submit"></BUTTON>
		</BUTTONLIST>
	</SFFORM>
</SFPAGE>