<SFPAGE TITLE="Task" ACCESS="hrm.performance.dashboard:read">
	<SFFORM TITLE="Task" DATASOURCE="PerformanceEvaluation.getEmpName" ACTION="PerformanceEvaluation.SaveTask" TRACER="Employee Development" NAME="frmPerfEval" WIDTH="1000" HEIGHT="1000">
		<TOOLBAR>
			<BUTTON TYPE="Help"></BUTTON>
			<BUTTON TYPE="Close"></BUTTON>
		</TOOLBAR>
		<FIELDSET LABEL="-">
			<INPUT LABEL="Employee" TYPE="LABEL" NAME="empname" PARAM="empname" /> 
			<INPUT TYPE="HIDDEN" NAME="emp_id" PARAM="emp_id" DEFAULT="#empid#" /> 
			<INPUT LABEL="Task Status" NAME="chkstat" PARAM="chkstat" TYPE="CHECKBOX" OPTIONS="0*=New|1*=In Progress|2*=Completed|3*=Verified|4*=Cancelled|5*=Suspended"/>
			<INPUT LABEL="Due Date Period" TYPE="DATE" NAME="startdate" PARAM="startdate" GROUP="duedate" DATECOMPARE="enddate" ERRMSG="End Date Must Grater Than Or Equal Start Date"/>
			<INPUT LABEL="To" TYPE="DATE" NAME="enddate" PARAM="enddate" REQUIRED="YES" GROUP="duedate~"/>
			<INPUT LABEL="Go" TYPE="BUTTON" SIZE="80" ONCLICK="getData()"/>
		</FIELDSET>
		<FIELDSET LABEL="-">
			<INPUT LABEL="-" NAME="frmtask" TYPE="SCRIPT" TEMPLATE="hrm.performance.dashboard.task?empid=#empid#&amp;chkstat=6"/>
		</FIELDSET>
		<BUTTONLIST>
			<BUTTON LABEL="Update" TYPE="Submit"></BUTTON>
		</BUTTONLIST>
		<SCRIPT FOR="FOOTER">			
			function initdate()
			{
				var currentTime = new Date();
				var month = 1;
				var day = 1;
				var year = currentTime.getFullYear();
				var nextday = 31;
				var nextmonth = 12;
				var nextyear = currentTime.getFullYear();
				
				if (month [LT] 10){
				 month = "0"+month;
				}
				if (day [LT] 10){
				 day = "0"+day;
				}
				
				document.getElementById('cal_startdate').value = dateFormatMask(month + day + year,"mmddyyyy","#request.config.date_input_format#");
				document.getElementById('cal_enddate').value = dateFormatMask("12" + "31" + nextyear,"mmddyyyy","#request.config.date_input_format#");
			}
			initdate();		
			
			function getData()
			{
				var startdate = document.getElementById('cal_startdate').value;
				var enddate = document.getElementById('cal_enddate').value;
				
				var lstStatus = 0;
				var listStatus = new Array();
				
				for(var i=0;i &lt;=frmPerfEval.inp_chkstat.length-1;i++)
				{
					if(document.frmPerfEval.inp_chkstat[i].checked)
					{
						listStatus.push(i);
						lstStatus = listStatus;
					}
				}
				getAJAXContent("?sfid=hrm.performance.dashboard.task&amp;empid=#empid#&amp;startdate="+startdate+"&amp;enddate="+enddate+"&amp;chkstat="+lstStatus,$sf("tableTask"),null,null,$sf("frmPerfEval"),null);
			}
			
		</SCRIPT>
	</SFFORM>
</SFPAGE>