<SFPAGE TITLE="Top Performer" ACCESS="hrm.performance.dashboard:read">
	<SFFORM TITLE="Top Performer" DATASOURCE="" ACTION="save" TRACER="Performance Dashboard" NAME="frmTopPerformer" WIDTH="800" HEIGHT="500" SHOWWINDOW="YES">
		<TOOLBAR>
			<BUTTON TYPE="Help"></BUTTON>
			<BUTTON TYPE="Close"></BUTTON>
		</TOOLBAR>
		<FIELDSET LABEL="Top Performer">
			<INPUT LABEL="-" NAME="frmTopPerformer" TYPE="SCRIPT" TEMPLATE="hrm.performance.dashboard.topperformpop&amp;cForm=#cForm#"/>
		</FIELDSET>
	</SFFORM>
</SFPAGE>