<SFPAGE TITLE="Training Plan" ACCESS="hrm.performance.dashboard:edit">
	<SFFORM TITLE="Training Plan" DATASOURCE="PerformanceDevPlan.viewEmpNo" TRACER="Employee Development" ACTION="" NAME="frmTrainingPlan" WIDTH="1000" HEIGHT="800" passing="empno">
		<TOOLBAR>
			<BUTTON TYPE="Help"></BUTTON>
			<BUTTON TYPE="Close"></BUTTON>
		</TOOLBAR>
		<FIELDSET LABEL="-">
			<INPUT LABEL="Employee No" TYPE="LABEL" NAME="empno" PARAM="empno" /> 
			<INPUT LABEL="Employee Name" TYPE="LABEL" NAME="empname" PARAM="empname" /> 
			<INPUT LABEL="Due Date Period" TYPE="DATE" NAME="startdate" PARAM="startdate" GROUP="duedate" DATECOMPARE="enddate" ERRMSG="End Date Must Grater Than Or Equal Start Date"/>
			<INPUT LABEL="To" TYPE="DATE" NAME="enddate" PARAM="enddate" REQUIRED="YES" GROUP="duedate~"/> 
			<INPUT LABEL="Display" NAME="selDisp" PARAM="selDisp" TYPE="RADIO" OPTIONS="3*=All|2=Taken|1=Not Taken"/>
			<INPUT LABEL="Go" TYPE="BUTTON" SIZE="80" ONCLICK="getData()"/>
		</FIELDSET>
		<FIELDSET LABEL="-">
			<INPUT LABEL="-" NAME="a" TYPE="SCRIPT" TEMPLATE="hrm.performance.evaluation.trainingplan.trainingplan?empid=#empid#"/>
		</FIELDSET>
		<SCRIPT FOR="FOOTER">
		</SCRIPT>
		<BUTTONLIST>
			<BUTTON TYPE="Submit"></BUTTON>
		</BUTTONLIST>
	</SFFORM>
</SFPAGE>
