<SFPAGE TITLE="Vacancy" ACCESS="hrm.performance.dashboard:read">
	<SFFORM TITLE="Vacancy" DATASOURCE="" ACTION="save" TRACER="Employee Development" NAME="frmfb" WIDTH="450" HEIGHT="500" SHOWWINDOW="YES">
		<TOOLBAR>
			<BUTTON TYPE="Help"></BUTTON>
			<BUTTON TYPE="Close"></BUTTON>
		</TOOLBAR>
		<FIELDSET LABEL="Open Vacancies">
			<INPUT LABEL="-" NAME="frmfb" TYPE="SCRIPT" TEMPLATE="hrm.performance.dashboard.vacancy&amp;empid=#empid#"/>
		</FIELDSET>
		<SCRIPT FOR="FOOTER">
		</SCRIPT>
	</SFFORM>
</SFPAGE>
