<SFPAGE TITLE="period" ACCESS="hrm.setting.performance.period:add">
	<SFFORM TITLE="Appraisal Configuration" DATASOURCE="" ACTION="PerformancePeriod.ConfigureLib" NAME="frmPerfPeriod" WIDTH="100%" HEIGHT="100%">
		<TOOLBAR>
			<BUTTON TYPE="Help"></BUTTON>
			<BUTTON TYPE="Close"></BUTTON>
		</TOOLBAR>
		<SCRIPT>
			//loadScript('#application.path.lib#/scripts/pm/jquery.fixedheadertable.min.js');
			//loadScript('#application.path.lib#/scripts/pm/jquery.ba-throttle-debounce.min.js');
			//loadScript('#application.path.lib#/scripts/pm/jquery.stickyheader.js');
		</SCRIPT>
		<FIELDSET>
		    <INPUT LABEL="Configuration" PARAM="removeall" TYPE="CHECKBOX" OPTIONS="Y=Remove All Configuration" ONCHANGE="cbRemoveAllChange(this)"/>
		    <INPUT LABEL="Main Filter" PARAM="mainfilter" TYPE="RADIO" OPTIONS="POS*=Position|LIB=Appraisal Library" ONCHANGE="chgMainFilter()"/>
		    <INPUT LABEL="Only show configured position" PARAM="configuredonly" TYPE="CHECKBOX" OPTIONS="Y=Yes" ONCHANGE="setShow(this)"/>
			<INPUT LABEL="Position" TYPE="FILTER" ERRMSG="Please Select at least One Position" LISTSOURCE="PerformancePeriod.filterPos" ROW="6" MAXROW="5000" NAME="lstposcode" REQUIRED="YES" SHOWCHECKBOXALL="YES" CHECKBOXOPTION="1=All Positions" CHECKBOXPARAM="isallpos" CHECKBOXCHECKED="NO"/>
		    <INPUT LABEL="Only show libraries set for above position" PARAM="setforonly" TYPE="CHECKBOX" OPTIONS="Y=Yes" ONCHANGE="setShow(this)"/>
			<INPUT LABEL="Appraisal Library" TYPE="FILTER" ERRMSG="Please Select at least One Appraisal Library" LISTSOURCE="AppraisalLibrary.filterAppraisalLib" ROW="6" MAXROW="5000" NAME="lstapprlib" REQUIRED="YES" SHOWCHECKBOXALL="YES" CHECKBOXOPTION="1=All Appraisal Libraries" CHECKBOXPARAM="isallapprlib" CHECKBOXCHECKED="NO"/>
			<INPUT LABEL="~" NAME="hdntype"  PARAM="hdntype" TYPE="HIDDEN" default="appr"/>
			<INPUT LABEL="~" NAME="hdnperiodcode"  PARAM="hdnperiodcode" TYPE="HIDDEN" default="#URL.periodcode#"/>
			<INPUT LABEL="~" NAME="hdnposcode"  PARAM="hdnposcode" TYPE="HIDDEN" default=""/>
			<INPUT LABEL="~" NAME="hdnlibcode"  PARAM="hdnlibcode" TYPE="HIDDEN" default=""/>
			<INPUT LABEL="~" NAME="hdndefweight"  PARAM="hdndefweight" TYPE="HIDDEN" default=""/>
			<INPUT LABEL="~" NAME="hdnachtype"  PARAM="hdnachtype" TYPE="HIDDEN" default=""/>
			<INPUT LABEL="~" NAME="hdnopner"  PARAM="hdnopner" TYPE="HIDDEN" default=""/>
			
			<INPUT LABEL="~" NAME="hdnjtcode"  PARAM="hdnjtcode" TYPE="HIDDEN" default=""/>
			<INPUT LABEL="~" NAME="hdnjflcode"  PARAM="hdnjflcode" TYPE="HIDDEN" default=""/>
			<!--penambahan label jgcode-->
			<INPUT LABEL="~" NAME="hdnjgcode"  PARAM="hdnjgcode" TYPE="HIDDEN" default=""/>
            
            <INPUT LABEL="Set Configuration with Excel" PARAM="setwithexcel" TYPE="CHECKBOX" OPTIONS="Y=Yes" ONCHANGE="checkIsSetConfigWithExcel()"/>
            <INPUT LABEL="~" PARAM="setwithexcelitem" TYPE="CHECKBOX" OPTIONS="Default=Default" ONCHANGE="checkIsOtherElem()" GROUP="checkboxElem"/>
            <INPUT LABEL="~" PARAM="setwithexcelitemOther" TYPE="CHECKBOX" OPTIONS="Weight=Weight|Target=Target|AchievementType=Achievement Type" ONCHANGE="checkIsOtherElem()" GROUP="checkboxElem~"/>
            <INPUT LABEL="Download Template" NAME="btnDownloadTemplate" TYPE="BUTTON" ONCLICK="getExcelTemplate()" />
            <INPUT LABEL="Upload" TYPE="FILE" NAME="fileupload" ONCLICK="" ACCEPT=".xls"/>
            
            
			<INPUT LABEL="Set Configuration" TYPE="BUTTON" ONCLICK="setPMLibTable(1);" GROUP="btnconfig"/>
			<INPUT LABEL="Remove Configuration" TYPE="BUTTON" ONCLICK="setPMLibTable(2);" GROUP="btnconfig~"/>
			<INPUT LABEL="" TYPE="HIDDEN" PARAM="tabrowhide" NAME="tabrowhide"/>
		</FIELDSET>
		
		<TABPAGE HEIGHT="550">
			<TABROW>
				<!--TAB LABEL="Library" PAGELINK="hrm.setting.performance.period.apprconfig_deflibconfig&amp;lstposcode=&amp;lstlibcode=&amp;periodcode=#URL.periodcode#"/-->
				<!--TAB LABEL="Weight" PAGELINK="hrm.setting.performance.period.apprconfig_weight&amp;lstposcode=&amp;lstlibcode=&amp;periodcode=#URL.periodcode#"/-->
				<!--TAB LABEL="Target" PAGELINK="hrm.setting.performance.period.apprconfig_target&amp;lstposcode=&amp;lstlibcode=&amp;periodcode=#URL.periodcode#"/-->
				<!--TAB LABEL="Achivement Type" PAGELINK="hrm.setting.performance.period.apprconfig_achtype&amp;lstposcode=&amp;lstlibcode=&amp;periodcode=#URL.periodcode#"/-->
				<!--TAB LABEL="Lookup Achievement" PAGELINK="hrm.setting.performance.period.apprconfig_lookup&amp;lstposcode=&amp;lstlibcode=&amp;periodcode=#URL.periodcode#"/-->
				
				<TAB LABEL="Default">
					<FIELDSET LABEL="Default Library Configuration">
						<INPUT TYPE="HIDDEN" NAME="hdnposcode2"/>
						<INPUT TYPE="HIDDEN" NAME="hdnlibcode2"/>
						<INPUT LABEL="-" NAME="Library" TYPE="SCRIPT" TEMPLATE="hrm.setting.performance.period.defconfig"/>
					</FIELDSET>
				</TAB>	
				<TAB LABEL="Weight">
					<FIELDSET LABEL="Weight Configuration">
						<INPUT TYPE="HIDDEN" NAME="hdnposcode3"/>
						<INPUT TYPE="HIDDEN" NAME="hdnlibcode3"/>
						<INPUT LABEL="-" NAME="Weight" TYPE="SCRIPT" TEMPLATE="hrm.setting.performance.period.weightconfig"/>
					</FIELDSET>
				</TAB>

				<TAB LABEL="Target">	
					<FIELDSET LABEL="Target Configuration">
						<INPUT TYPE="HIDDEN" NAME="hdnposcode4"/>
						<INPUT TYPE="HIDDEN" NAME="hdnlibcode4"/>
						<INPUT LABEL="-" NAME="Target" TYPE="SCRIPT" TEMPLATE="hrm.setting.performance.period.targetconfig"/>
					</FIELDSET>	
				</TAB>
					
				<TAB LABEL="Achievement Type"> 
					<FIELDSET LABEL="Achievement Type Configuration">
						<INPUT TYPE="HIDDEN" NAME="hdnposcode5"/>
						<INPUT TYPE="HIDDEN" NAME="hdnlibcode5"/>
						<INPUT LABEL="-" NAME="Achievement" TYPE="SCRIPT" TEMPLATE="hrm.setting.performance.period.achtypeconfig"/>
					</FIELDSET>
				</TAB>
				<TAB LABEL="Lookup Achievement">
					<FIELDSET LABEL="Lookup Achievement Configuration">
						<INPUT TYPE="HIDDEN" NAME="hdnposcode6"/>
						<INPUT TYPE="HIDDEN" NAME="hdnlibcode6"/>
						<INPUT LABEL="-" NAME="Lookup" TYPE="SCRIPT" TEMPLATE="hrm.setting.performance.period.lookupconfig"/>
					</FIELDSET>
				</TAB>
				<TAB LABEL="Remove">
					<FIELDSET LABEL="Remove Configuration">
						<INPUT TYPE="HIDDEN" NAME="hdnposcode7"/>
						<INPUT TYPE="HIDDEN" NAME="hdnlibcode7"/>
						<INPUT LABEL="-" NAME="Remove" TYPE="SCRIPT" TEMPLATE="hrm.setting.performance.period.removeconfig"/>
					</FIELDSET>
				</TAB>
			</TABROW>
		</TABPAGE>

		<SCRIPT FOR="FOOTER"> 
		    /*add : ENC50216-80188 (RS)*/
		    $('##inp_lstposcode').before(" &lt;br /&gt;");
	        $('##inp_lstposcode').after(" &lt;input type='button' value='Filter Position' id='btnFilterPos' name='btnFilterPos' onclick='openpopup();'&gt; &lt;input type='button' value='Clear' id='btClearPos' name='btClearPos' onclick='clearPos();'&gt;");
	        $('##inp_lstposcode').css('width', '80%');
	        $('##btClearPos').hide();
		    /*end : ENC50216-80188 (RS)*/
		
		    function isNumberKey(evt){
                var charCode = (evt.which) ? evt.which : evt.keyCode;
                if (charCode != 46 &amp;&amp; charCode &gt; 31 &amp;&amp; (charCode &lt; 48 || charCode &gt; 57))
                    return false;
                    
                return true;
            }
            
			if(opener.frmPerformancePeriod.hdn_score_type != null){
					var tempopener = opener.frmPerformancePeriod.hdn_score_type.value;
					document.getElementById('inp_hdnopner').value = tempopener;
			}

			var gllstposcode = '';
			var gllstlibcode = '';
			
			function setvariabelpos(lstposcode){
				gllstposcode = lstposcode;
			}
			
			function getvariabelpos(){
				return gllstposcode;
			}
			
			function setvariabellib(lstlibcode){
				gllstlibcode = lstlibcode;
			}
			
			function getvariabellib(){
				return gllstlibcode;
			}

			function inittempweight(){
				document.frmPerfPeriod.inp_hdnposcode3.value = document.getElementById('inp_hdnposcode').value;
				document.frmPerfPeriod.inp_hdnlibcode3.value = document.getElementById('inp_hdnlibcode').value;
				var lstposcodeTemp = document.getElementById('inp_hdnposcode').value;
				var lstlibcodeTemp = document.getElementById('inp_hdnlibcode').value;
				var appr 		   = document.getElementById('inp_hdntype').value;	
				var periodcode	   = document.getElementById('inp_hdnperiodcode').value;	
				var d 			   = new Date();
				var n 			   = d.getTime();

				if (lstlibcodeTemp != ""){
    				//getAJAXContent("?sfid=hrm.setting.performance.period.weightconfig&amp;txtime="+n+"&amp;type="+appr+"&amp;lstposcode="+lstposcodeTemp+"&amp;lstlibcode="+lstlibcodeTemp+"&amp;periodcode="+periodcode,$sf("AttDataDivWeight"));
    				$.post( "?sfid=hrm.setting.performance.period.weightconfig", { txtime: n, type: appr, lstposcode: lstposcodeTemp, lstlibcode: lstlibcodeTemp, periodcode: periodcode} )
        				.done(function( data ) {
                            $("##AttDataDivWeight").html(data);
                    });
				}
			}
			
			function initlibrary(){
				document.frmPerfPeriod.inp_hdnposcode2.value = document.getElementById('inp_hdnposcode').value;
				document.frmPerfPeriod.inp_hdnlibcode2.value = document.getElementById('inp_hdnlibcode').value;
				var lstposcodeTemp = document.getElementById('inp_hdnposcode').value;
				var lstlibcodeTemp = document.getElementById('inp_hdnlibcode').value;
				var appr 		   = document.getElementById('inp_hdntype').value;	
				var periodcode	   = document.getElementById('inp_hdnperiodcode').value;	
				var d 			   = new Date();
				var n 			   = d.getTime();
				
				if (lstlibcodeTemp != ""){
    				//getAJAXContent("?sfid=hrm.setting.performance.period.defconfig&amp;txtime="+n+"&amp;type="+appr+"&amp;lstposcode="+lstposcodeTemp+"&amp;lstlibcode="+lstlibcodeTemp+"&amp;periodcode="+periodcode,$sf("AttDataDivLibrary"));
    				$.post( "?sfid=hrm.setting.performance.period.defconfig", { txtime: n, type: appr, lstposcode: lstposcodeTemp, lstlibcode: lstlibcodeTemp, periodcode: periodcode} )
        				.done(function( data ) {
                            $("##AttDataDivLibrary").html(data);
                    });
				}
			}

			function inittarget(){
				document.frmPerfPeriod.inp_hdnposcode4.value  = document.getElementById('inp_hdnposcode').value;
				document.frmPerfPeriod.inp_hdnlibcode4.value  = document.getElementById('inp_hdnlibcode').value;
				var lstposcodeTemp = document.getElementById('inp_hdnposcode').value;
				var lstlibcodeTemp = document.getElementById('inp_hdnlibcode').value;
				var appr 		   = document.getElementById('inp_hdntype').value;
				var periodcode	   = document.getElementById('inp_hdnperiodcode').value;		
				var d 			   = new Date();
				var n 			   = d.getTime();
				
				if (lstlibcodeTemp != ""){
				    //getAJAXContent("?sfid=hrm.setting.performance.period.targetconfig&amp;txtime="+n+"&amp;type="+appr+"&amp;lstposcode="+lstposcodeTemp+"&amp;lstlibcode="+lstlibcodeTemp+"&amp;periodcode="+periodcode,$sf("AttDataDivTarget"));
    				$.post( "?sfid=hrm.setting.performance.period.targetconfig", { txtime: n, type: appr, lstposcode: lstposcodeTemp, lstlibcode: lstlibcodeTemp, periodcode: periodcode} )
        				.done(function( data ) {
                            $("##AttDataDivTarget").html(data);
                    });
				}
			}

			function iniachivement(){
				document.frmPerfPeriod.inp_hdnposcode5.value = document.getElementById('inp_hdnposcode').value;
				document.frmPerfPeriod.inp_hdnlibcode5.value = document.getElementById('inp_hdnlibcode').value;
				var lstposcodeTemp = document.getElementById('inp_hdnposcode').value;
				var lstlibcodeTemp = document.getElementById('inp_hdnlibcode').value;
				var appr 		   = document.getElementById('inp_hdntype').value;		
				var periodcode	   = document.getElementById('inp_hdnperiodcode').value;	
				var d 			   = new Date();
				var n 			   = d.getTime();
				
				if (lstlibcodeTemp != ""){
    				//getAJAXContent("?sfid=hrm.setting.performance.period.achtypeconfig&amp;txtime="+n+"&amp;type="+appr+"&amp;lstposcode="+lstposcodeTemp+"&amp;lstlibcode="+lstlibcodeTemp+"&amp;periodcode="+periodcode,$sf("AttDataDivAchivement"));
    				$.post( "?sfid=hrm.setting.performance.period.achtypeconfig", { txtime: n, type: appr, lstposcode: lstposcodeTemp, lstlibcode: lstlibcodeTemp, periodcode: periodcode} )
        				.done(function( data ) {
                            $("##AttDataDivAchivement").html(data);
                    });
				}
			}

			function initlookup(){
				document.frmPerfPeriod.inp_hdnposcode6.value = document.getElementById('inp_hdnposcode').value;
				document.frmPerfPeriod.inp_hdnlibcode6.value = document.getElementById('inp_hdnlibcode').value;
				var lstposcodeTemp = document.getElementById('inp_hdnposcode').value;
				var lstlibcodeTemp = document.getElementById('inp_hdnlibcode').value;
				var appr 		   = document.getElementById('inp_hdntype').value;
				var periodcode	   = document.getElementById('inp_hdnperiodcode').value;
				var scoretype 	   = document.getElementById('inp_hdnopner').value; 				
				var d 			   = new Date();
				var n 			   = d.getTime();

				
				if (lstlibcodeTemp != ""){
    				//getAJAXContent("?sfid=hrm.setting.performance.period.lookupconfig&amp;txtime="+n+"&amp;type="+appr+"&amp;lstposcode="+lstposcodeTemp+"&amp;lstlibcode="+lstlibcodeTemp+"&amp;period_code="+periodcode+"&amp;scoretype="+scoretype,$sf("AttDataDivLookup"));
    				$.post( "?sfid=hrm.setting.performance.period.lookupconfig", { txtime: n, type: appr, lstposcode: lstposcodeTemp, lstlibcode: lstlibcodeTemp, periodcode: periodcode, scoretype: scoretype} )
        				.done(function( data ) {
                            $("##AttDataDivLookup").html(data);
                    });
				}
			}

			function initremove(){
				document.frmPerfPeriod.inp_hdnposcode7.value = document.getElementById('inp_hdnposcode').value;
				document.frmPerfPeriod.inp_hdnlibcode7.value = document.getElementById('inp_hdnlibcode').value;
				var lstposcodeTemp = document.getElementById('inp_hdnposcode').value;
				var lstlibcodeTemp = document.getElementById('inp_hdnlibcode').value;
				var appr 		   = document.getElementById('inp_hdntype').value;
				var periodcode	   = document.getElementById('inp_hdnperiodcode').value;
				var scoretype 	   = document.getElementById('inp_hdnopner').value; 			
				var d 			   = new Date();
				var n 			   = d.getTime();

				
				if (lstlibcodeTemp != ""){
    				//getAJAXContent("?sfid=hrm.setting.performance.period.removeconfig&amp;txtime="+n+"&amp;type="+appr+"&amp;lstposcode="+lstposcodeTemp+"&amp;lstlibcode="+lstlibcodeTemp+"&amp;periodcode="+periodcode+"&amp;scoretype="+scoretype,$sf("AttDataDivRemove"));
    				$.post( "?sfid=hrm.setting.performance.period.removeconfig", { txtime: n, type: appr, lstposcode: lstposcodeTemp, lstlibcode: lstlibcodeTemp, periodcode: periodcode, scoretype: scoretype} )
        				.done(function( data ) {
                            $("##AttDataDivRemove").html(data);
                    });
				}
			}
			
			function getPosCodeList(){
			    var arrposcode = [];

				if(!($('##isinp_lstposcode').is(':checked'))){
                    $('##selinp_lstposcode option').each(function() {
                        arrposcode.push($(this).val());
                    });
    			}
    			else{
                    $('##selinp_lstposcode option').each(function() {
                        arrposcode.push($(this).val());
                    });
                    $('##unselinp_lstposcode option').each(function() {
                        arrposcode.push($(this).val());
                    });
    			}
    			return arrposcode;
			}
			
			function getLibCodeList(){
			    var arrlibcode = [];
			    
    			if(!($('##isinp_lstapprlib').is(':checked'))){
                    $('##selinp_lstapprlib option').each(function() {
                        arrlibcode.push($(this).val());
                    });

                    lstlibcode = arrlibcode.join(',');
                }
				else{
                    $('##selinp_lstapprlib option').each(function() {
                        arrlibcode.push($(this).val());
                    });
                    $('##unselinp_lstapprlib option').each(function() {
                        arrlibcode.push($(this).val());
                    });
                    
                    lstlibcode = arrlibcode.join(',');
				}	
    			return arrlibcode;
			}

			function setPMLibTable(ctype)
			{
			    var arrposcode = getPosCodeList();
				var lstposcode = ''; 
			    var arrlibcode = getLibCodeList();
				var lstlibcode = ''; 
				var periodcode = document.getElementById('inp_hdnperiodcode').value;
				
    			if(!arrposcode.length){
					alert("[SFTEXT:ERPlease Select at least One Position]");
					return false;
				}
				else{
                    lstposcode = arrposcode.join(',');
				}
                
    			if(!arrlibcode.length){
					alert("[SFTEXT:ERPlease Select At Least One Appraisal Library]");
					return false;
				}
				else{
                    lstlibcode = arrlibcode.join(',');
				}
				/* ENC51117-81286  if position more than 500 maka hanya bisa set 1 library */
				if(arrposcode.length > 500 &amp;&amp; arrlibcode.length > 1){
					alert("[SFTEXT:Position is more than 500, please select one library only to get best perform while setting]");
					return false;
				}
				
				changeConfigType(ctype);

				document.getElementById('inp_hdnposcode').value = lstposcode;
				setvariabelpos(lstposcode);

				document.getElementById('inp_hdnlibcode').value = lstlibcode;
				setvariabellib(lstlibcode);
				
                /* untuk ENC upload */
                if(ctype == 3){
                    return true;
                }
                /* untuk ENC upload */


				setTimeout(function(){initlibrary()},(bwtype.toLowerCase()=="ie"?1000:200));
				
				setTimeout(function(){inittempweight()},(bwtype.toLowerCase()=="ie"?1000:300));
				
				setTimeout(function(){inittarget()},(bwtype.toLowerCase()=="ie"?1000:400));
				
				setTimeout(function(){iniachivement()},(bwtype.toLowerCase()=="ie"?1000:300));
				
				setTimeout(function(){initlookup()},(bwtype.toLowerCase()=="ie"?1000:400));
				
				setTimeout(function(){initremove()},(bwtype.toLowerCase()=="ie"?1000:400));
				
				return true;
			}

			function validateOther(){
			    var removeAll = $('##inp_removeall').is(':checked');
				var isValid = true;
			    var arrposcode = getPosCodeList();
			    var arrlibcode = getLibCodeList();

			    if(!removeAll){
			    
        			if(!arrposcode.length){
    					alert("[SFTEXT:ERPlease Select at least One Position]");
    					return false;
    				}
        			if(!arrlibcode.length){
    					alert("[SFTEXT:ERPlease Select At Least One Appraisal Library]");
    					return false;
    				}

    				//var isValid = true;
    				
    				if($('##vistab_6').css('display') == 'none'){
        				if(isValid){
        					$('input[name*="inp_weight_"]').each(function(){
        						if($(this).val().length == 0){
        							isValid = false;
        						}
        					});
        					if(!isValid){
        						alert("[SFTEXT:ERPlease Set Weight for All Appraisal Libraries in Default Tab]");
        					}
        				}
        				
        				/*
        				if(isValid){
        					$('input[name*="txtTarget_"]').each(function(){
        						if($(this).val().length == 0){
        							isValid = false;
        						}
        					});
        					if(!isValid){
        						alert("[SFTEXT:ERPlease Set Target for All Appraisal Libraries and Positions in Target Tab]");
        					}
        				}
        				*/
    				}
    				/* <!-- ENC50118-81388 --> */
    				if($('[id="inp_setwithexcel"]').prop('checked')){
    				     var selectedItem = $('[id=tr_inp_setwithexcelitem] > td > input[type="checkbox"]:checked').map(function(){ return this.value; }).get().join(',');
    				     if(selectedItem == ''){
    				        alert("[SFTEXT:ERPlease Select At Least One Configuration Item]");
    				        isValid = false;
    				     }
    				     if(isValid){
    				        isValid = setPMLibTable(3);
    				     }
    				     
    				     /* <!-- BUG50318-90022 -->  */
    				     $('[id=frmPerfPeriod]').attr('enctype','multipart/form-data');
    				     /* <!-- BUG50318-90022 -->  */
    				     
    				}
    				/* <!-- ENC50118-81388 --> */
    				
				}
				return isValid;
			}
			
			/*add by brurce Abraham*/
			var strData = "1";
	
			function ListAppend(strData, strValue)
			{
				if(strData == "")
					strData = strValue;
				else
					strData = strData + "," + strValue;
					
				return strData;
			}
			
			
			try { /**try to add callback on the existing js function (showTab)**/
				    if (typeof(oldShowTab)==="undefined" [AND] typeof(showTab)==="function") {
				     var oldShowTab = showTab;
					 showTab = function(actid) {	
				     strData = ListAppend(strData,actid);
				     $sf('inp_tabrowhide').value = strData;
					 oldShowTab(actid);
				};
				}
				}
			catch(e){}
			/*End add by brurce Abraham*/
			
			function changeConfigType(val){
			    if(val==2){
			        $("##vistab_1").hide();
			        $("##vistab_2").hide();
			        $("##vistab_3").hide();
			        $("##vistab_4").hide();
			        $("##vistab_5").hide();
			        $("##vistab_6").show();
			        showTab(6);
			        
			        $('##btn_a_1').hide()
			        $('##btn_a_2').show()
			    }
			    else{
			        $("##vistab_1").show();
			        $("##vistab_2").show();
			        $("##vistab_3").show();
			        $("##vistab_4").show();
			        $("##vistab_5").show();
			        $("##vistab_6").hide();
			        showTab(1);

			        $('##btn_a_1').show()
			        $('##btn_a_2').hide()
			    }
			}
            changeConfigType(1);
            
            function removeApprConfig(){
                strLinkOld=sLink;
				sLink='?ofid=PerformancePeriod.RemoveConfig';
				validateForm(document.frmPerfPeriod);
				sLink=strLinkOld;
            }
            
            function cbRemoveAllChange(o){
                if(o.checked){
                    $('##formtab_1').hide();
                    $('##tr_inp_lstposcode').hide();
                    $('##tr_inp_lstapprlib').hide();

                    $('##tr_inp_mainfilter').hide();
                    $('##tr_inp_configuredonly').hide();
                    $('##tr_inp_setforonly').hide();

                    $('##tr_').hide();

			        $('##btn_a_1').hide();
			        $('##btn_a_2').show();
			        
			        /* untuk ENC ENC50118-81388 */
			        $('[id="tr_inp_setwithexcel"],[id="tr_inp_setwithexcelitem"],[id="tr_btn_btnDownloadTemplate"],[id="tr_inp_fileupload"]').hide();
			        /* End: untuk ENC ENC50118-81388 */
                }
                else{
                    $('##formtab_1').show();
                    $('##tr_inp_lstposcode').show();
                    $('##tr_inp_lstapprlib').show();
                    
                    $('##tr_inp_mainfilter').show();
                    $('##tr_inp_configuredonly').show()
                    $('##tr_inp_setforonly').show();

                    $('##tr_').show();

			        $('##btn_a_1').show();
			        $('##btn_a_2').hide();
			        
			        /* untuk ENC ENC50118-81388 */
			        $('[id="tr_inp_setwithexcel"],[id="tr_inp_setwithexcelitem"],[id="tr_btn_btnDownloadTemplate"],[id="tr_inp_fileupload"]').show();
			        checkIsSetConfigWithExcel();
			        /* End: untuk ENC ENC50118-81388 */
                }
            }
            
            function chgMainFilter(){
                var mf = $('##inp_mainfilter:checked').val();
                if(mf == 'POS'){
                    $('##tr_inp_lstposcode').after($('##tr_inp_setforonly'));
                    $('##tr_inp_setforonly').after($('##tr_inp_lstapprlib'));
                    $('##lbl_inp_configuredonly').text("[SFTEXT:FDOnly show configured position]")
                    $('##lbl_inp_setforonly').text("[SFTEXT:FDOnly show libraries set for above position]");
                }
                else{
                    $('##tr_inp_lstapprlib').after($('##tr_inp_setforonly'));
                    $('##tr_inp_setforonly').after($('##tr_inp_lstposcode'));
                    $('##lbl_inp_configuredonly').text("[SFTEXT:FDOnly show configured libraries]")
                    $('##lbl_inp_setforonly').text("[SFTEXT:FDOnly show position set for above libraries]");
                }
            }
            
            function setShow(o){
                var mf = $('##inp_mainfilter:checked').val();
                if(o.name == 'inp_configuredonly'){
                    if(mf == 'POS'){
                        searchFilter(null,'?ofid=PerformancePeriod.filterPos','inp_lstposcode',10000);
                    }
                    else{
                        searchFilter(null,'?ofid=AppraisalLibrary.filterAppraisalLib','inp_lstapprlib',10000);
                    }
                    if(!o.checked){
                        if(!($('##inp_setforonly').is(':checked'))){
                            $('input[name=inp_mainfilter]').removeAttr("disabled");
                        }
                    }
                    else{
                        $('input[name=inp_mainfilter]').attr("disabled","disabled");
                    }
                }
                else{
                    if(mf == 'POS'){
                        if(o.checked){
                            $('##inp_configuredonly, ##isinp_lstposcode, ##unselinp_lstposcode, ##selinp_lstposcode').attr("disabled","disabled");
                            $('input[name=inp_mainfilter]').attr("disabled","disabled");
                            $("##unselinp_lstposcode")[0].selectedIndex = -1;
                            $("##selinp_lstposcode")[0].selectedIndex = -1;
                        }
                        else{
                            $('##inp_configuredonly, ##isinp_lstposcode, ##unselinp_lstposcode, ##selinp_lstposcode').removeAttr("disabled");
                            if(!($('##inp_configuredonly').is(':checked'))){
                                $('input[name=inp_mainfilter]').removeAttr("disabled");
                            }
                        }

                        searchFilter(null,'?ofid=AppraisalLibrary.filterAppraisalLib','inp_lstapprlib',10000);
                    }
                    else{
                        if(o.checked){
                            $('##inp_configuredonly, ##isinp_lstapprlib, ##unselinp_lstapprlib, ##selinp_lstapprlib').attr("disabled","disabled");
                            $('input[name=inp_mainfilter]').attr("disabled","disabled");
                            $("##unselinp_lstapprlib")[0].selectedIndex = -1;
                            $("##selinp_lstapprlib")[0].selectedIndex = -1;
                        }
                        else{
                            $('##inp_configuredonly, ##isinp_lstapprlib, ##unselinp_lstapprlib, ##selinp_lstapprlib').removeAttr("disabled");
                            if(!($('##inp_configuredonly').is(':checked'))){
                                $('input[name=inp_mainfilter]').removeAttr("disabled");
                            }
                        }

                        searchFilter(null,'?ofid=PerformancePeriod.filterPos','inp_lstposcode',10000);
                    }
                }
            }
            
            /*add : ENC50216-80188 (RS)*/
            function openpopup(){
                popWindow('?xfid=hrm.setting.performance.period.filterposition');
            }
            function filterPos(){
                searchFilter(null,'?ofid=PerformancePeriod.filterPos','inp_lstposcode',10000);
                $('##btClearPos').show();
                $('##inp_lstposcode').css('width', '70%');
            }
			/*penambahan inp_hdnjflcode.value */
            function clearPos(){
                document.frmPerfPeriod.inp_hdnjtcode.value = '';
                document.frmPerfPeriod.inp_hdnjflcode.value = '';
				document.frmPerfPeriod.inp_hdnjgcode.value = '';
                searchFilter(null,'?ofid=PerformancePeriod.filterPos','inp_lstposcode',10000);
                $('##btClearPos').hide();
                $('##inp_lstposcode').css('width', '80%');
            }
            /*end : ENC50216-80188 (RS)*/
            
            $( document ).ajaxStart(function() {
                var $klon = $("##divBlockSpace").clone().prop('id', 'blockSpaceAppr' );
                var $klon2 = $("##divBlock").clone().prop('id', 'blockAppr' );
                
                $klon.insertAfter("##divBlockSpace");
                $klon2.insertAfter("##divBlock");
                
                $klon.show();
                $klon2.show();
            });
            $( document ).ajaxStop(function() {
                $('##blockAppr').remove();
                $('##blockSpaceAppr').remove();
            });
            
            
            /* <!--ENC51117-81286--> */
            function resizeWinConfPerPeriode() {
    			if(!window){
    			}else{
    				window.resizeTo(1300,600);
    				document.getElementById('pop_title').style="display:block; max-width:screen.availWidth";
    				document.getElementById('pop_title').width="screen.availWidth";
    			}  
            }
            window.onload = resizeWinConfPerPeriode;
			   
		    var flagSubmit = true;
			var status = 0;
            function doSubmit(){
		
				 strLinkOld=sLink;
				 validateForm(document.frmPerfPeriod,null,true);
				 sLink='?ofid=PerformancePeriod.ConfigureLib';
				 
            }
            
            
            /* <!--ENC50118-81388--> */
            checkIsSetConfigWithExcel();
            function checkIsSetConfigWithExcel() {
                var obj = $('[id=inp_setwithexcel]');
                checkIsOtherElem();
                if ($(obj).prop('checked')) {
                    $('##tr_inp_fileupload').show();
                    $('##tr_.clTR1').hide();
                    $('div##formtab_1_tabpage').hide();
        
                    $('##tr_btn_btnDownloadTemplate').show();
                    $('##tr_inp_setwithexcelitem').show();
                    clearSetConfigInput();
                } else {
                    $('##tr_inp_fileupload').hide();
                    $('##tr_.clTR1').show();
                    $('div##formtab_1_tabpage').show();
        
                    $('##tr_btn_btnDownloadTemplate').hide();
                    $('##tr_inp_setwithexcelitem').hide();
                }
            };
        
            function checkIsOtherElem() {
                var thisis = $('[id=tr_inp_setwithexcelitem] > td > input[type="checkbox"]:checked');
                if (thisis.length == 0) {
                    $('[id=tr_inp_setwithexcelitem] > td > input[type="checkbox"]').prop("disabled", false);
                } else {
                    if ($(thisis).attr('name') == 'inp_setwithexcelitemOther'){
                        var OTHElem =  $('[id=tr_inp_setwithexcelitem] > td > input[type="checkbox"][name=inp_setwithexcelitemOther]');
                        $('[id=tr_inp_setwithexcelitem] > td > input[type="checkbox"]').not(thisis).not(OTHElem).prop("disabled", true);
                        
                        /*vistab_2,vistab_3,vistab_4,vistab_5,vistab_6*/
                        strData = ListAppend(strData,'vistab_2,vistab_3,vistab_4,vistab_5');
                        var arr =  $.unique(strData.split(','));
                        strData = arr.join(",");
				        $sf('inp_tabrowhide').value = strData;
				        
                    }else{
                        $('[id=tr_inp_setwithexcelitem] > td > input[type="checkbox"]').not(thisis).prop("disabled", true);
                    }
                }
            };
            
            function getExcelTemplate() {
                var validation = setPMLibTable(3);
                var selectedItem = $('[id=tr_inp_setwithexcelitem] > td > input[type="checkbox"]:checked').map(function(){ return this.value; }).get().join(',');
                if(validation == true){
                    if($('[id=tr_inp_setwithexcelitem] > td > input[type="checkbox"]:checked').length == 0){
                    	alert("[SFTEXT:ERPlease Select At Least One Configuration Item]");
                        return false;
                    }
                    // document.location="index.cfm?sfid=hrm.setting.performance.period.templateconfigurationexcel&amp;selectedItem="+selectedItem+"&amp;"+$('[id=frmPerfPeriod]').serialize();
                    // popWindow("?sfid=hrm.setting.performance.period.templateconfigurationexcel&amp;selectedItem="+selectedItem+"&amp;"+$('[id=tr_inp_removeall]').closest('tbody').find('input').serialize());
                    sLinkOld = sLink;
                    sLink = "?ofid=PerformancePeriod.getTemplateUploadConfig";
                    validateForm(document.frmPerfPeriod);
                    sLink = sLinkOld;
                }
            };
            
            
            function clearSetConfigInput(){
                $("##AttDataDivWeight").html('[SFTEXT:NoLibrarySelected]');
                $("##AttDataDivLibrary").html('[SFTEXT:NoLibrarySelected]');
                $("##AttDataDivTarget").html('[SFTEXT:NoLibrarySelected]');
                $("##AttDataDivAchivement").html('[SFTEXT:NoLibrarySelected]');
                $("##AttDataDivLookup").html('[SFTEXT:NoLibrarySelected]');
            };
            
		</SCRIPT>		
		<BUTTONLIST>
			<BUTTON TYPE="Cancel"></BUTTON>
			<!--<BUTTON LABEL="Submit" TYPE="submit"></BUTTON>-->
		<BUTTON LABEL="Submit" ACTION="doSubmit()"></BUTTON>
    	<BUTTON LABEL="Submit" ACTION="removeApprConfig()"></BUTTON>
		</BUTTONLIST>
	</SFFORM>
	
	
</SFPAGE>






