<SFPAGE TITLE="Claim Form" ACCESS="hrm.reimbursement.claimrequest:read">
    <SFGRID DATASOURCE="ClaimForm.getClaimForm" TITLE="Claim Form" TRACER="Reimbursement | Claim Form">
		<TOOLBAR>
			<!--<BUTTON TYPE="Add" ACTION="hrm.reimbursement.claimrequest.addform"></BUTTON>-->
			<BUTTON TYPE="Add" ACTION="?sfid=hrm.reimbursement.claimrequest.listdata&amp;tablist=3&amp;"></BUTTON>
			<BUTTON TYPE="Print"></BUTTON>
			<BUTTON TYPE="PDF"></BUTTON>
			<BUTTON TYPE="Excel"></BUTTON>
			<BUTTON TYPE="Reload"></BUTTON>
			<BUTTON TYPE="Help"></BUTTON>
		</TOOLBAR>
		<COLUMN TITLE="Request Number" FIELD="request_no"></COLUMN>
		<COLUMN TITLE="Request For" FIELD="requestfor" WIDTH="180"></COLUMN>
		<COLUMN TITLE="Total Claim" FIELD="total" WIDTH="50" LINK="hrm.reimbursement.claimrequest.editclaimform?request_no=[request_no]" LINKTYPE="INNERPOP"></COLUMN>
		<COLUMN TITLE="Remark" FIELD="remark" WIDTH="180"></COLUMN>
		<COLUMN TITLE="Request Status" FIELD="request_status" WIDTH="90" LINK="?ofid=RequestInbox.ListRequestByType&amp;reqtype=Reimbursement.ClaimForm&amp;rno=[request_no]&amp;fButton=true~~~~scrollbars=yes" LINKTYPE="POP"></COLUMN>
		<COLUMN TITLE="Paid Status" FIELD="paid_status"  WIDTH="50" LOOKUP="0=Unpaid|1=Paid"></COLUMN>
		<COLUMN TITLE="Source" FIELD="reim_source" WIDTH="150"></COLUMN>
		<COLUMN TITLE="Onduty No" FIELD="onduty_number" WIDTH="150" LINK="?ofid=RequestInbox.ListRequestByType&amp;reqtype=ATTENDANCE.ONDUTYDECLARATION&amp;rno=[onduty_number]~~~~scrollbars=yes" LINKTYPE="POP"></COLUMN>
		<COLUMN TITLE="Cancel Status" FIELD="status_cancelclaim" WIDTH="150"></COLUMN>
    </SFGRID>		
</SFPAGE>


