<SFPAGE TITLE="Career Plan" ACCESS="hrm.performance.evaluation:edit">
	<SFFORM TITLE="Career Plan" DATASOURCE="PerformanceCareerPlan.View" TRACER="Employee Development" ACTION="PerformanceCareerPlan.Save" NAME="frmCareerPlan" WIDTH="1000" HEIGHT="500">
		<TOOLBAR>
			<BUTTON TYPE="Help"></BUTTON>
			<BUTTON TYPE="Close"></BUTTON>
		</TOOLBAR>
		
		
		<FIELDSET LABEL="-">
			<INPUT LABEL="Impact Of Leaving" NAME="leaving_impact" PARAM="leaving_impact" REQUIRED="YES" TYPE="RADIO" OPTIONS="1=Low|2=Medium|3=High"/>
			<INPUT LABEL="Risk Of Leaving" NAME="leaving_risk" PARAM="leaving_risk" REQUIRED="YES" TYPE="RADIO" OPTIONS="1=Low|2=Medium|3=High"/>
		</FIELDSET>
		<FIELDSET LABEL="-">
			<INPUT LABEL="-" NAME="a" TYPE="SCRIPT" TEMPLATE="hrm.performance.evaluation.careerplan.careerplan?empid=#empid#"/>
		</FIELDSET>
		<SCRIPT FOR="FOOTER">
		</SCRIPT>
		<BUTTONLIST>
			<BUTTON TYPE="Submit"></BUTTON>
		</BUTTONLIST>
	</SFFORM>
</SFPAGE>