<SFPAGE TITLE="Career Transition" ACCESS="hrm.performance.evalform:read">
	<SFFORM TITLE="Career Transition" DATASOURCE=""  PASSING ="jobtitle_code"  ACTION="SaveAll" NAME="frmPerfEval" WIDTH="800" HEIGHT="400" SHOWWINDOW="YES">
		<TOOLBAR>
			<!--<BUTTON TYPE="Reload"></BUTTON>-->
			<BUTTON TYPE="Help"></BUTTON>
			<BUTTON TYPE="Close"></BUTTON>
		</TOOLBAR>
		<FIELDSET LABEL="-">
			<INPUT LABEL="-" NAME="a" TYPE="SCRIPT" TEMPLATE="hrm.performance.evalform.careerplan.careertransition?empid=#empid#&amp;jobtitle_code=#jobtitle_code#"/>
		</FIELDSET>
	</SFFORM>
</SFPAGE>
