<SFPAGE TITLE="Career Plan" ACCESS="hrm.performance.evalform:edit">
	<SFFORM TITLE="Career Plan" DATASOURCE="PerformanceCareerPlan.View" ACTION="PerformanceCareerPlan.SaveH" NAME="frmCareerPlan" WIDTH="850" HEIGHT="250" SHOWWINDOW="YES">
		<TOOLBAR>
			<!--<BUTTON TYPE="Reload"></BUTTON>
			<BUTTON TYPE="Help"></BUTTON>-->
		</TOOLBAR>
		<FIELDSET LABEL="-">
		    <INPUT LABEL="Readiness" NAME="readiness" PARAM="readiness" REQUIRED="YES" TYPE="RADIO" OPTIONS="1=Low|2=Medium|3=High"/>
			<INPUT LABEL="~" NAME="ready" PARAM="ready" TYPE="HIDDEN" DEFAULT="NO"/>
			<INPUT LABEL="Impact Of Leaving" NAME="leaving_impact" PARAM="leaving_impact" REQUIRED="YES" TYPE="RADIO" OPTIONS="1=Low|2=Medium|3=High"/>
			<INPUT LABEL="~" NAME="impact" PARAM="impact" TYPE="HIDDEN" DEFAULT="NO"/>
			<INPUT LABEL="Risk Of Leaving" NAME="leaving_risk" PARAM="leaving_risk" REQUIRED="YES" TYPE="RADIO" OPTIONS="1=Low|2=Medium|3=High"/>
			<INPUT LABEL="~" NAME="risk" PARAM="risk" TYPE="HIDDEN" DEFAULT="NO"/>
			<INPUT LABEL="~" NAME="showwin" PARAM="showwin" TYPE="HIDDEN" DEFAULT="#showwin#"/>
			
		</FIELDSET>
		<FIELDSET LABEL="-">
			<INPUT LABEL="-" NAME="a" TYPE="SCRIPT" TEMPLATE="hrm.performance.evalform.careerplan.careerplan?empid=#empid#"/>
		</FIELDSET>
		<SCRIPT FOR="FOOTER">
			var showwin =$('##inp_showwin').val();
			//alert(showwin);
			if (showwin == "NO"){
				// document.getElementById("pop_title").style.display="none";
				// document.getElementById("form_toolbar").style.display="none";
				
    		  	try {
    				document.getElementById('pop_title').style.display = 'none';
    				document.getElementById('form_toolbar').style.display = 'none';
    				document.getElementById('pop_data').style = 'height:100%;border:none;';
    			}
    			catch(err) {
    			}
			}	
		</SCRIPT>
		<BUTTONLIST>
			<BUTTON TYPE="Submit"></BUTTON>
		</BUTTONLIST>
	</SFFORM>
</SFPAGE>