<SFPAGE TITLE="Edit Career Plan" ACCESS="hrm.performance.evalform:edit">
	<SFFORM TITLE="Edit Career Plan" DATASOURCE="PerformanceCareerPlan.getPerformanceCareerPlan" ACTION="PerformanceCareerPlan.saveNote" NAME="frmEditCareerPlan" WIDTH="600" HEIGHT="550" >
		<TOOLBAR>
			<!--<BUTTON TYPE="Reload"></BUTTON>
			<BUTTON TYPE="Help"></BUTTON>-->
		</TOOLBAR>
		<FIELDSET LABEL="-">
			<INPUT LABEL="Employee No" NAME="emo_no" PARAM="emp_no" TYPE ="LABEL"/>
			<INPUT LABEL="Employee Name" NAME="full_name" PARAM="full_name" TYPE ="LABEL"/>
			<INPUT LABEL="Job Title" NAME="jobtitle" PARAM="jobtitle_name"  TYPE="LABEL" />
			<INPUT LABEL="Competency Match" NAME="comp_match" PARAM="com_match" TYPE ="LABEL"/>
			<INPUT LABEL="Targeted Date" NAME="target_date" PARAM="target_date" TYPE ="DATE" REQUIRED="YES"/>
			<INPUT LABEL="Status" NAME="IsActive" PARAM="IsActive" REQUIRED="YES" TYPE="RADIO" OPTIONS="1=Active|0=Canceled"/>
			<INPUT LABEL="Recommended" NAME="recommended" PARAM="recommended" TYPE="CHECKBOX" OPTIONS="1=Yes" GROUP="mata"/>
			<INPUT LABEL="" NAME="recom" TYPE="BUTTON" ICON="glasses.png" ONCLICK="recom(this)" GROUP="mata~" TIP="View Recommended"/>
			<INPUT LABEL="" NAME="careerplan_code" PARAM="careerplan_code" TYPE ="HIDDEN"/>
			<INPUT LABEL="" NAME="com_match" PARAM="com_match" TYPE ="HIDDEN"/>
			<INPUT LABEL="" NAME="history_no" PARAM="history_no" TYPE ="HIDDEN"/>
			<INPUT LABEL="" NAME="jobtitle_code" PARAM="jobtitle_code" TYPE ="HIDDEN"/>
			<INPUT LABEL="" NAME="jobtitle_name" PARAM="jobtitle_name"  TYPE="HIDDEN" />
			<INPUT LABEL="" NAME="prev_target_date" PARAM="target_date" TYPE ="HIDDEN"/>
			<!--<INPUT LABEL="" NAME="leaving_risk" PARAM="leaving_risk" TYPE ="HIDDEN" DEFAULT="#leaving_risk#"/>
			<INPUT LABEL="" NAME="leaving_impact" PARAM="leaving_impact" TYPE ="HIDDEN" DEFAULT="#leaving_impact#"/>-->
			<INPUT LABEL="" NAME="emp_id" PARAM="emp_id" TYPE ="HIDDEN" DEFAULT="#empid#"/>
			<INPUT LABEL="" NAME="uid" PARAM="uid" TYPE ="HIDDEN" DEFAULT="{REQUEST.SCOOKIE.USER.empid}"/>
			<INPUT LABEL="" NAME="creator" PARAM="created_by" TYPE ="HIDDEN"/>
			<INPUT LABEL="" NAME="user" PARAM="user" TYPE ="HIDDEN" DEFAULT="{REQUEST.SCOOKIE.USER.UNAME}"/>
			<INPUT LABEL="" NAME="approveryn" PARAM="approveryn" TYPE ="HIDDEN" DEFAULT="#approveryn#"/>
			<INPUT LABEL="~" NAME="empsel" TYPE="HIDDEN" PARAM="empsel"/>
		</FIELDSET>
		<FIELDSET LABEL="-">
			<INPUT LABEL="-" NAME="temp" TYPE="SCRIPT" TEMPLATE="hrm.performance.dashboard.receivednote&amp;careerplan_code=#careerplan_code#"/>
		</FIELDSET>
		<FIELDSET LABEL="-">
			<INPUT LABEL="My Notes" NAME="note" PARAM="" TYPE="MEMO" MAXLEN="200" COL="40" ROW="3" ERRMSG="Please Input Note"/>
		</FIELDSET>
		<SCRIPT FOR="FOOTER">
		</SCRIPT>
		<BUTTONLIST>
			<BUTTON TYPE="Cancel"></BUTTON>
			<BUTTON TYPE="Delete"></BUTTON>
			<BUTTON TYPE="Submit"></BUTTON>
		</BUTTONLIST>
		<SCRIPT FOR="FOOTER">
			 var empsel =  document.getElementById('inp_empsel').value;
			 var emplogin =  document.getElementById('inp_uid').value;
			 var creator = $('##inp_creator').val();
			 var user =  $('##inp_user').val();
			 var uid = $('##inp_uid').val();
			 var emp_id = $('##inp_emp_id').val();
			 var approveryn = $('##inp_approveryn').val();
		
		  $("##btn_recom").prop("src", "/sf6lib/skins/def/images/icon/glasses.png")
		
			 if ( emp_id ==uid || approveryn == 0) {
				document.getElementById("btn_a_1").style.display="none";
				document.getElementById("btn_a_2").style.display="none";
			 }
			 
			 if (empsel == emplogin){
			     document.getElementById("tr_inp_recommended").style.display="none";
			 }
			 function recom(){
			    $('##recom').toggle()
			 }
			 
			    var SI = '#qForm.showicon#';
			    if(SI == '0'){
			    $('##btn_recom').hide();
			    }
		</SCRIPT>
	</SFFORM>
</SFPAGE>
