<SFPAGE TITLE="Job Description" ACCESS="hrm.performance.evalform:edit">
	<SFFORM TITLE="Job Description" DATASOURCE="PerformanceCareerPlan.getjobDesc" ACTION="" NAME="frmCareerJobDesc" WIDTH="600" HEIGHT="400" >
		<TOOLBAR>
			<!--<BUTTON TYPE="Reload"></BUTTON>
			<BUTTON TYPE="Help"></BUTTON>-->
		</TOOLBAR>
		<FIELDSET>
			<INPUT LABEL="Job Title" NAME="pos_name" PARAM="pos_name" TYPE ="LABEL"/>
			<INPUT LABEL="Competency Match" NAME="commatch" PARAM="commatch" TYPE ="LABEL"/>
			<INPUT LABEL="Job Description" TYPE="SCRIPT" TEMPLATE="hrm.performance.evalform.careerplan.jobdesc&amp;jobtitle_code=#jobtitle_code#"/>
		</FIELDSET>
		<BUTTONLIST>
			<BUTTON TYPE="Cancel"></BUTTON>
		</BUTTONLIST>
	</SFFORM>
</SFPAGE>