<SFPAGE TITLE="View Career Path Map" ACCESS="hrm.performance.evalform:edit">
	<SFFORM TITLE="View Career Path Map" DATASOURCE="" ACTION="PerformanceCareerPlan.getCareerPlan" NAME="frmCareerPathMap" WIDTH="900" HEIGHT="700" >
		<TOOLBAR>
			<!--<BUTTON TYPE="Reload"></BUTTON>
			<BUTTON TYPE="Help"></BUTTON>-->
		</TOOLBAR>
		<FIELDSET>
			<INPUT LABEL ="-" TYPE="HIDDEN" NAME="ff" PARAM="ff" DEFAULT="{ff}"/>
			<INPUT LABEL="-" TYPE="SCRIPT" TEMPLATE="hrm.performance.evalform.careerplan.pathmap&amp;emp_id=#empid#&amp;approveryn=#approveryn#"/>
		</FIELDSET>
		<BUTTONLIST>
			<BUTTON TYPE="Cancel"></BUTTON>
			<!--<BUTTON TYPE="Delete"></BUTTON>
			<BUTTON TYPE="Submit"></BUTTON>-->
		</BUTTONLIST>
		<SCRIPT >
				/*var ff = #ff#;
				alert (ff);
				if (ff !=1) {*/
					parent.refreshPage();
				//}
			
		</SCRIPT>
	</SFFORM>
</SFPAGE>