<SFPAGE TITLE="Training Plan" ACCESS="hrm.performance.evaluation:edit"><!-- PerformanceTrainingPlan.SavePlan -->
	<SFFORM TITLE="Training Plan" DATASOURCE="" ACTION="PerformanceTrainingPlan.SaveCompetence" NAME="frmTrainingPlan" WIDTH="600" HEIGHT="600" SHOWWINDOW="YES">
		<TOOLBAR>
			<BUTTON TYPE="Reload"></BUTTON>
			<BUTTON TYPE="Help"></BUTTON>
		</TOOLBAR>

		<FIELDSET LABEL="-">
			<INPUT LABEL="-" NAME="a" TYPE="SCRIPT" TEMPLATE="hrm.performance.evaluation.trainingplan.addtrainingplan?empid=#empid#"/>
		</FIELDSET>
		<SCRIPT FOR="FOOTER">
		</SCRIPT>
		<BUTTONLIST><!-- ACTION="addR();"  -->
			 <BUTTON LABEL="Add Training Plan" TYPE="Submit"></BUTTON>
		</BUTTONLIST>
	</SFFORM>
</SFPAGE>