<SFPAGE TITLE="Training Plan" ACCESS="hrm.performance.evalform.trainingplan:edit"><!-- PerformanceTrainingPlan.SavePlan -->
	<SFFORM TITLE="Training Plan" DATASOURCE="PerformanceTrainingPlan.ViewEmpid" ACTION="PerformanceTrainingPlan.SaveCompetence" NAME="frmTrainingPlan" WIDTH="850" HEIGHT="600" SHOWWINDOW="YES">
		<TOOLBAR>
			<BUTTON TYPE="Reload"></BUTTON>
			<BUTTON TYPE="Help"></BUTTON>
			<BUTTON TYPE="Close"></BUTTON>
		</TOOLBAR>

		<FIELDSET LABEL="-">
			<INPUT LABEL="-" NAME="a" TYPE="SCRIPT" TEMPLATE="hrm.performance.evalform.trainingplan.addtrainingplan?empid=#empid#&amp;approveryn=#approveryn#"/>
			<INPUT LABEL="~" NAME="empids" PARAM="empid" TYPE="HIDDEN"  DEFAULT="#empid#"/>
			<INPUT LABEL="~" NAME="emplogin" PARAM="emplogin" TYPE="HIDDEN"/>
			<INPUT LABEL="~" NAME="approver" PARAM="approver" TYPE="HIDDEN"  DEFAULT="#approveryn#"/>
		</FIELDSET>
		<SCRIPT FOR="FOOTER">
			var empid = document.getElementById('inp_empids').value;
			var emplogin = document.getElementById('inp_emplogin').value;
			var approver = document.getElementById('inp_approver').value;
			//alert(empid);alert(emplogin);alert(approver);empid == emplogin || approver == 0
			
			if(approver != 0)
			{
				$('##btn_a_0').show();
			}
			else
			{
				$('##btn_a_0').hide();
			}
			
			
		</SCRIPT>
		<BUTTONLIST><!-- ACTION="addR();"  -->
			 <BUTTON LABEL="Add Training Plan" TYPE="Submit"></BUTTON>
		</BUTTONLIST>
	</SFFORM>
</SFPAGE>
