<SFPAGE TITLE="evaluation" ACCESS="hrm.performance.evalform:read">
	<SFFORM TITLE="Edit" DATASOURCE="PerformanceTrainingPlan.ViewTraining" ACTION="PerformanceTrainingPlan.UpdateDate" NAME="frmTrainingPlan" WIDTH="800" HEIGHT="450" passing="uplan">
		<TOOLBAR><!--  PerformanceDevPlan.UpdateDate PerformanceTrainingPlan.UpdateDate diganti jadi Save karna mau dijadikan request approval-->
			<BUTTON TYPE="Help"></BUTTON>
			<BUTTON TYPE="Close"></BUTTON>
		</TOOLBAR>
		
		<FIELDSET LABEL="~">
			<INPUT LABEL="Employee No" NAME="empno" TYPE="LABEL" PARAM="empno"/>
			<INPUT LABEL="Employee Name" NAME="empname" TYPE="LABEL" PARAM="empname"/>
			<INPUT LABEL="Recomended Training" NAME="trname" TYPE="LABEL" PARAM="trname"/>
			<INPUT LABEL="Due Date" NAME="dpduedate" TYPE="DATE" PARAM="due_date" REQUIRED="YES" />
			<INPUT LABEL="Actual Date" NAME="actualdate" TYPE="LABEL" PARAM="actualdate"/>
			<INPUT LABEL="Recommended By" NAME="recomby" TYPE="LABEL" PARAM="recomby"/>
			<INPUT LABEL="~" NAME="hUname" TYPE="HIDDEN" PARAM="uname"/>
			<INPUT LABEL="~" NAME="hUplan" TYPE="HIDDEN" PARAM="uplan"/>
			<INPUT LABEL="~" NAME="trplan_code" TYPE="HIDDEN" PARAM="trnplan_code"/>
			<INPUT LABEL="~" NAME="currdate" TYPE="HIDDEN" PARAM="due_date"/>
			<INPUT LABEL="" NAME="approveryn" PARAM="approveryn" TYPE ="HIDDEN" DEFAULT="#approveryn#"/>
			<INPUT LABEL="" NAME="emp_id" PARAM="emp_id" TYPE ="HIDDEN" DEFAULT="#empid#"/>
			<INPUT LABEL="" NAME="uid" PARAM="uid" TYPE ="HIDDEN" DEFAULT="{REQUEST.SCOOKIE.USER.empid}"/>
		</FIELDSET>
		
		<SCRIPT FOR="FOOTER">
		
			var uplan = document.getElementById('inp_hUplan').value;
			var uname = document.getElementById('inp_hUname').value;
			var approveryn = document.getElementById('inp_approveryn').value;
			var emp_id = document.getElementById('inp_emp_id').value;
			var uid = document.getElementById('inp_uid').value;
			//alert(emp_id);alert(uid);uplan != uname || emp_id ==uid ||
			if(approveryn == 0) 
			 {
				$('##btn_a_1').hide();
				$('##btn_a_2').hide();
				
			 }
			 else
			 {
				$('##btn_a_1').show();
				$('##btn_a_2').show();
			 }
			 
			
			function delTrainingPlan(){
				strLinkOld=sLink;
				sLink='?ofid=PerformanceTrainingPlan.Delete';
				validateForm(document.frmTrainingPlan);
				sLink=strLinkOld;
			}
		</SCRIPT>
		<BUTTONLIST>
			<BUTTON TYPE="Cancel"></BUTTON>
			<BUTTON TYPE="Delete"></BUTTON>
			<BUTTON TYPE="Submit" Label="Submit"></BUTTON>
		</BUTTONLIST>
	</SFFORM>
</SFPAGE>
