<SFPAGE TITLE="evaluation" ACCESS="hrm.performance.evalform:read">
	<SFFORM TITLE="Edit" DATASOURCE="" GROUPFIELD="hierarchy" ACTION="SaveAll" NAME="frmPerfEval" WIDTH="1000" HEIGHT="450" SHOWWINDOW="YES">
		<TOOLBAR>
			<!--<BUTTON TYPE="Reload"></BUTTON>-->
			<BUTTON TYPE="Help"></BUTTON>
			<BUTTON TYPE="Close"></BUTTON>
		</TOOLBAR>
		<TABPAGE WIDTH="1000" HEIGHT="450">
			<TABROW>
				<TAB LABEL="Evaluation Result">
					<FIELDSET LABEL="-">
						<INPUT LABEL="-" NAME="a" TYPE="SCRIPT" TEMPLATE="hrm.performance.evalform.trainingplan.trainingduedatedetailevaluation?trncourse_code=#trncourse_code#&amp;empid=#empid#&amp;trnevent=#trnevent#"/>
					</FIELDSET>
				</TAB>
				<TAB LABEL="Feedback">
					<FIELDSET LABEL="-">
						<INPUT LABEL="-" NAME="b" TYPE="SCRIPT" TEMPLATE="hrm.performance.evalform.trainingplan.trainingduedatedetailfeedback?trncourse_code=#trncourse_code#&amp;empid=#empid#&amp;trnevent=#trnevent#"/>
					</FIELDSET>
				</TAB>
			</TABROW>
		</TABPAGE>
	</SFFORM>
</SFPAGE>
