<SFPAGE TITLE="Training Plan" ACCESS="hrm.performance.evalform.trainingplan:edit">
	<SFFORM TITLE="Training Plan" DATASOURCE="PerformanceDevPlan.viewEmpNo" ACTION="PerformanceTrainingPlan.SaveTrainingPlan" NAME="frmTrainingPlan"  WIDTH="850" HEIGHT="250" SHOWWINDOW="NO">
		<TOOLBAR>
			<BUTTON TYPE="Help"></BUTTON>
			<BUTTON TYPE="Close" ACTION="innerClose();"></BUTTON>			
		</TOOLBAR>
		<FIELDSET LABEL="-">
			 <INPUT LABEL="Employee No." TYPE="LABEL" NAME="empno" PARAM="empno" /> 
			<INPUT LABEL="Employee Name" TYPE="LABEL" NAME="empname" PARAM="empname" /> 
			<INPUT LABEL="Due Date Period" TYPE="DATE" NAME="startdate" PARAM="startdate" GROUP="duedate" DATECOMPARE="enddate" ERRMSG="End Date Must Grater Than Or Equal Start Date"/>
			<INPUT LABEL="To" TYPE="DATE" NAME="enddate" PARAM="enddate" REQUIRED="YES" GROUP="duedate~"/> 
			<INPUT LABEL="Display" NAME="selDisp" PARAM="selDisp" TYPE="RADIO" OPTIONS="3*=All|2=Taken|1=Not Taken"/>
			<INPUT LABEL="Go" TYPE="BUTTON" SIZE="80" ONCLICK="getData()"/>
			<INPUT LABEL="~" NAME="showwin" PARAM="showwin" TYPE="HIDDEN" DEFAULT="#showwin#"/>
			<INPUT LABEL="~" NAME="empid" PARAM="empid" TYPE="HIDDEN"  DEFAULT="#empid#"/>
			<INPUT LABEL="~" NAME="empSelf" PARAM="empSelf" TYPE="HIDDEN"/>
			<INPUT LABEL="~" NAME="approveryn" PARAM="approveryn" TYPE="HIDDEN" DEFAULT="#approveryn#"/> 
		</FIELDSET>
		<FIELDSET LABEL="-">
			<INPUT LABEL="-" NAME="a" TYPE="SCRIPT" TEMPLATE="hrm.performance.evalform.trainingplan.trainingplan?empid=#empid#&amp;startdate=0&amp;enddate=0&amp;chkValue=3"/>
		</FIELDSET>
		<SCRIPT FOR="FOOTER">
		  	try {
				document.getElementById('pop_title').style.display = 'none';
				document.getElementById('form_toolbar').style.display = 'none';
				document.getElementById('pop_data').style = 'height:100%;border:none;';
			}
			catch(err) {

			}
			function validateOther(){
			  var istrue=true;
			    $('##tableTrainingPlan').find('input:visible').each(function(a,b){
				if(b.value==""){    
				  if(b.id.search(/trncourse/)>=0){
					  alert("[SFTEXT:ERPlease Input Recommended Training]");
				      b.focus();
				      istrue=false;
				      return false;
				  }
				  /*else if(b.id.search(/due_date/)>=0){
					  alert("[SFTEXT:ERPlease Input Due Date]");
				      b.focus();
				      istrue=false;
				      return false;
				  }*/
				}
			    })
			    return istrue;
			}
			
			function initdate()
			{
				var currentTime = new Date();
				var month = 1;
				var day = 1;
				var year = currentTime.getFullYear();
				var nextday = 31;
				var nextmonth = 12;
				var nextyear = currentTime.getFullYear()+1;
				
				if (month [LT] 10){
				 month = "0"+month;
				}
				if (day [LT] 10){
				 day = "0"+day;
				}
				
				document.getElementById('cal_startdate').value = dateFormatMask(month + day + year,"mmddyyyy","#request.config.date_input_format#");
				document.getElementById('cal_enddate').value = dateFormatMask("12" + "31" + nextyear,"mmddyyyy","#request.config.date_input_format#");
			}
			initdate();
			
			var showwin =$('##inp_showwin').val();
			var empid = document.getElementById('inp_empid').value;
			var empself = document.getElementById('inp_empSelf').value;
			var approveryn = document.getElementById('inp_approveryn').value;
			//alert(approveryn);empid == empself 
			if(approveryn != 0)
			{
				$('##btn_a_0').show();
			}
			else
			{
				$('##btn_a_0').hide();
			}
			
			if (showwin == "NO"){
				document.getElementById("pop_title").style.display="none";
				document.getElementById("form_toolbar").style.display="none";
				document.getElementById("tr_inp_empno").style.display="none";
				document.getElementById("tr_inp_empname").style.display="none";
			}
			function getData()
			{
				var startdate = document.getElementById('cal_startdate').value;
				var enddate = document.getElementById('cal_enddate').value;
				var chkAll = document.frmTrainingPlan.inp_selDisp[0];
				var chkTaken = document.frmTrainingPlan.inp_selDisp[1];
				var chkNot = document.frmTrainingPlan.inp_selDisp[2];
				
				if(chkAll.checked)
				{
					var chkValue = 3;
				}
				if(chkTaken.checked)
				{
					var chkValue = 2;
				}
				if(chkNot.checked)
				{
					var chkValue = 1;
				}
				getAJAXContent("?sfid=hrm.performance.evalform.trainingplan.trainingplan&amp;empid=#empid#&amp;chkValue="+chkValue+"&amp;startdate="+startdate+"&amp;enddate="+enddate,$sf("tableTrainingPlan"),null,null,$sf("frmTrainingPlan"),null);
			}
			/*add by brurce Abraham*/
			var mPosX = 0;
			var mPosY = 0;
			function SetPosition(e)
			{
						//logthis(e);
						mPosX = (typeof(event) != "undefined") ? event.clientX : e.pageX;
						mPosY = (typeof(event) != "undefined") ? event.clientY : e.pageY;
			}

			document.onmousemove = SetPosition;
			document.onmouseup = function(){document.onmousemove = SetPosition;}

			
			try { /**try to add callback on the existing js function (popCalendar)**/
			    if (typeof(oldShowCal)==="undefined" [AND] typeof(popCalendar)==="function") {
			     var oldShowCal = popCalendar;
				 popCalendar = function(e,inp) {	
				 oldShowCal(e,inp);
				 objRightClickListSchedule = document.getElementById("popcalendar_plc");
				var objframe = document.getElementById("formspace");

				iWindowWidth = 0;
				if(window.innerWidth == undefined){
					iWindowWidth = document.body.clientWidth;
				}else{
					iWindowWidth = innerWidth;
				}
				
				if(window.innerHeight == undefined){
					iWindowHeight = document.body.clientHeight;
				}else{
					iWindowHeight = innerHeight;
				}
				
				objRightClickListSchedule.style.top = "0px";
				
				//logthis(objRightClickListSchedule.style.top);
				//logthis(objRightClickListSchedule.style.left);
					
			};
			}
			}
		catch(e){}
		/*End add by brurce Abraham*/
		</SCRIPT>
		<BUTTONLIST>
			<BUTTON TYPE="Submit"></BUTTON>
		</BUTTONLIST>
	</SFFORM>
</SFPAGE>

