<SFPAGE TITLE="Training Plan" ACCESS="hrm.performance.evalform:edit">
	<SFFORM TITLE="Training Plan" DATASOURCE="" ACTION="PerformanceTrainingPlan.SaveTrainingPlan" NAME="frmTrainingPlan" WIDTH="600" HEIGHT="300" SHOWWINDOW="YES">
		<TOOLBAR>
			<BUTTON TYPE="Reload"></BUTTON>
			<BUTTON TYPE="Help"></BUTTON>
		</TOOLBAR>

		<FIELDSET LABEL="-">
			<INPUT LABEL="-" NAME="a" TYPE="SCRIPT" TEMPLATE="hrm.performance.evalform.trainingplan.trainingduedate?trncourse_code=#trncourse_code#&amp;empid=#empid#&amp;obj=#obj#&amp;pos=#pos#&amp;link=#link#&amp;tr=#tr#"/>
		</FIELDSET>
		<SCRIPT FOR="FOOTER">
		</SCRIPT>
		<BUTTONLIST>
			
		</BUTTONLIST>
	</SFFORM>
</SFPAGE>