<SFPAGE TITLE="Add Appraisal Item" ACCESS="hrm.setting.performance.appraisal:read">
	<SFFORM TITLE="Appraisal Library Upload" DATASOURCE="" NAME="frmPerfPlanUpload" WIDTH="100%" HEIGHT="100%" ACTION="AppraisalLibrary.Upload">
		<TOOLBAR TYPE="GRID">
			<BUTTON TIP="Back" ICON="back.png" LINKTYPE="LINK" ACTION="?xfid=hrm.setting.performance.appraisal.tree"  ></BUTTON>
			<BUTTON TYPE="Reload"></BUTTON>
			<BUTTON TYPE="Help"></BUTTON>
		</TOOLBAR>
		<FIELDSET LABEL="Appraisal Library Upload">
		        <INPUT LABEL="Update existing data" NAME="is_edit" PARAM="is_edit" TYPE="CHECKBOX" OPTIONS="1=Yes" />
	        	<INPUT LABEL="Download Template"  PARAM="template_orgunit" TYPE="SCRIPT" TEMPLATE="hrm.setting.performance.appraisal.linkdownloadapprtemplate"/>
				<INPUT LABEL="Upload Excel File" NAME="fileupload" TYPE="FILE" REQUIRED="YES"  />
				<INPUT TYPE="HIDDEN" NAME="temp" PARAM="temp"/>
		</FIELDSET>
		<BUTTONLIST>
			<BUTTON TYPE="Submit"></BUTTON>
		</BUTTONLIST>
	
	</SFFORM>
</SFPAGE>







