<SFPAGE TITLE="Display Order" ACCESS="hrm.setting.performance.appraisal:edit">
	<SFFORM TITLE="Display Order" NAME="frmAppraisalLibrary" ACTION="?ofid=AppraisalLibrary.saveOrdinal" WIDTH="600" HEIGHT="500">
		<TOOLBAR>
			<BUTTON TYPE="Reload"></BUTTON>
			<BUTTON TYPE="Help"></BUTTON>
			<BUTTON TYPE="Close"></BUTTON>
		</TOOLBAR>
		<ORDINAL LABEL="Edit Performance Appraisal Library Order" 
				NAME="AppraisalLibraryOrder" 
				DATASOURCE="AppraisalLibrary" 
				PASSING="appraisal_code=#url.appraisal_code#"
			/>
		<BUTTONLIST>
			<BUTTON TYPE="Submit" ACTION=""></BUTTON>
		</BUTTONLIST>
		<SCRIPT FOR="FOOTER">
			function onInit(){
				//init setting, set table width
				if($sf("divForm").childNodes[0]!=null [AND] $sf("divForm").childNodes[0].tagName.toLowerCase()=="table"){
					$sf("divForm").childNodes[0].style.width="100%";
				}
			}
			onInit();
		</SCRIPT>
	</SFFORM>
</SFPAGE>
