<SFPAGE TITLE="AppraisalLibrary" ACCESS="hrm.setting.performance.appraisal:read">
	<SFFORM DATASOURCE="" TITLE="Appraisal Library" NAME="frmAppraisalLibrary" WIDTH="100%" HEIGHT="100%">
		<TOOLBAR TYPE="GRID">
			<BUTTON TYPE="Add"></BUTTON>
			<BUTTON TIP="Appraisal Library Upload" ICON="upload.png" ACTION="?xfid=hrm.setting.performance.appraisal.appraisalupload"  LINKTYPE="LINK" ></BUTTON>
			<BUTTON TYPE="Reload"></BUTTON>
			<BUTTON TYPE="Help"></BUTTON>
		</TOOLBAR>
		<FIELDSET LABEL="Appraisal Library">
			<INPUT LABEL="-" TYPE="SCRIPT" NAME="viewAppraisalLibrary" TEMPLATE="?ofid=AppraisalLibrary.Tree"/>
		
		</FIELDSET>
	</SFFORM>
</SFPAGE>


