{
"show-progress":false,
"graphset":[
    {
        "plotarea":{
            "position":"0% 0%",
            "alpha":1,
            "background-color":"#eeeeee",
            "background-color-2":"#eeeeee",
            "margin-top":10,
            "margin-right":10,
            "margin-left":45,
            "margin-bottom":45,
	    "border-color":"#000000",
            "border-width":1
        },
	"plot":{
	    "highlight":true,
            "marker":{
                "type":"none",
                "size":4
            },
            "hover-marker":{
                "size":3
            },
            "spline":true
        },
	"scale-x":{
            "format":"%v",
            "item":{
                "text-align":"center"
            },
            "text-align":"center",
            "tick":{
                "size":0,
                "line-color":"#000000",
                "line-width":1,
                "line-gap-size":0
            },
	    "items-overlap": 0
        },
	"scale-y":{
	},
	"alpha":1,
        "background-color":"#eeeeee",
        "background-color-2":"#eeeeee",
        "legend":{
            "position":"40% 100%",
            "margin-top":10,
            "margin-right":10,
            "margin-left":10,
            "margin-bottom":10,
            "layout":"x1",
            "draggable":false,
            "minimize":false,
	    "item":{
                "toggle":true,
                "toggle-action":"hide",
                "margin-top":0,
                "margin-right":0,
                "margin-left":0,
                "margin-bottom":0
            }
        },
        "type":"line",
	"series":[
            {
                "line-width":4
            },
	    {
                "line-width":4
            }
	 ]
    }
]
}