<SFPAGE TITLE="evaluation" ACCESS="hrm.performance.evalform:read">
	<SFFORM TITLE="Objective Comparison" DATASOURCE="" ACTION="" NAME="frmObjComparison" WIDTH="730" HEIGHT="300" SHOWWINDOW="NO">
		<TOOLBAR>
			<BUTTON TYPE="Help"></BUTTON>
			<BUTTON TYPE="Close"></BUTTON>
		</TOOLBAR>
		<FIELDSET LABEL="-">
			<INPUT LABEL="-" NAME="objcomparisondetail" TYPE="SCRIPT" TEMPLATE="hrm.performance.evalform.comparison.lib&amp;type=#type#&amp;empid=#empid#&amp;refdate=#refdate#&amp;empscore=#empscore#&amp;periodcode=#periodcode#&amp;objCode=#objCode#"/>
		</FIELDSET>
		<SCRIPT FOR="FOOTER">
		</SCRIPT>
	</SFFORM>
</SFPAGE>
