{
	"folders": {
		"Archive": {},
		"BPKH": {
			"parent": "Archive"
		},
		"PLNE": {},
		"MULTIRASA": {
			"parent": "Archive"
		},
		"MTID": {
			"parent": "Archive"
		},
		"GTC": {
			"parent": "Archive"
		},
		"PBS": {
			"parent": "Archive"
		}
	},
	"connections": {
		"mariaDB-16ed06fed2a-2f73186b7c15983b": {
			"provider": "mysql",
			"driver": "mariaDB",
			"name": "BPKH Local Production (SST User) - 10.10.60.41",
			"save-password": true,
			"read-only": false,
			"folder": "Archive/BPKH",
			"configuration": {
				"host": "10.10.60.41",
				"port": "3306",
				"url": "jdbc:mysql://10.10.60.41:3306/",
				"type": "dev"
			}
		},
		"dbeaver-sample-database-sqlite-1": {
			"provider": "generic",
			"driver": "sqlite_jdbc",
			"name": "DBeaver Sample Database (SQLite)",
			"save-password": true,
			"show-system-objects": true,
			"read-only": false,
			"configuration": {
				"database": "C:\\Users\\marct\\AppData\\Roaming\\DBeaverData\\workspace6\\.metadata\\sample-database-sqlite-1\\Chinook.db",
				"url": "jdbc:sqlite:C:\\Users\\marct\\AppData\\Roaming\\DBeaverData\\workspace6\\.metadata\\sample-database-sqlite-1\\Chinook.db",
				"type": "dev"
			}
		},
		"mariaDB-16eda3f661a-3e5bd1f0a7f15e2": {
			"provider": "mysql",
			"driver": "mariaDB",
			"name": "PLNE - Fin",
			"save-password": true,
			"read-only": false,
			"folder": "PLNE",
			"configuration": {
				"host": "103.94.3.12",
				"port": "3306",
				"url": "jdbc:mysql://103.94.3.12:3306/",
				"type": "dev"
			},
			"custom-properties": {
				"database.meta.separate.connection": "false",
				"resultset.maxrows": "100"
			}
		},
		"mariaDB-16ee88c24bd-659757c0199b1ff3": {
			"provider": "mysql",
			"driver": "mariaDB",
			"name": "DataOnDev (admin) - 192.168.101.70",
			"save-password": true,
			"read-only": false,
			"folder": "Archive/BPKH",
			"configuration": {
				"host": "192.168.101.70",
				"port": "3306",
				"url": "jdbc:mysql://192.168.101.70:3306/",
				"type": "dev"
			}
		},
		"mariaDB-16ee8dec40a-7503f3660afd653e": {
			"provider": "mysql",
			"driver": "mariaDB",
			"name": "MULTIRASA - portal.multirasa.co.id (sst_user)",
			"save-password": true,
			"read-only": false,
			"folder": "Archive/MULTIRASA",
			"configuration": {
				"host": "portal.multirasa.co.id",
				"port": "5050",
				"url": "jdbc:mysql://portal.multirasa.co.id:5050/",
				"type": "dev",
				"auth-model": "native"
			},
			"custom-properties": {
				"database.meta.separate.connection": "false",
				"resultset.maxrows": "1000"
			}
		},
		"microsoft-16ef8b6b509-e18ded0f7ed0576": {
			"provider": "sqlserver",
			"driver": "microsoft",
			"name": "KBPA",
			"save-password": true,
			"read-only": false,
			"folder": "Archive",
			"configuration": {
				"host": "192.168.10.110",
				"port": "1433",
				"database": "master",
				"url": "jdbc:sqlserver://;serverName=192.168.10.110;databaseName=master",
				"type": "dev",
				"properties": {
					"trustServerCertificate": "true"
				},
				"provider-properties": {
					"@dbeaver-authentication@": "SQL_SERVER_PASSWORD",
					"@dbeaver-show-all-schemas@": "false"
				}
			},
			"custom-properties": {
				"resultset.maxrows": "100"
			}
		},
		"mariaDB-16fd19c32ac-6879e4c9f2e1309c": {
			"provider": "mysql",
			"driver": "mariaDB",
			"name": "MTID - Local Dev DataOn",
			"save-password": true,
			"read-only": false,
			"folder": "Archive/MTID",
			"configuration": {
				"host": "192.168.102.120",
				"port": "3306",
				"database": "dbSF_NBC_MTINDONESIA",
				"url": "jdbc:mysql://192.168.102.120:3306/dbSF_NBC_MTINDONESIA",
				"home": "MySQL Binaries",
				"type": "dev"
			},
			"custom-properties": {
				"database.meta.separate.connection": "false",
				"resultset.maxrows": "500"
			}
		},
		"mariaDB-16fd713d6b5-6e142794c54e2546": {
			"provider": "mysql",
			"driver": "mariaDB",
			"name": "MULTIRASA - portal.multirasa.co.id (sst_user) 1",
			"save-password": true,
			"read-only": false,
			"folder": "Archive/MULTIRASA",
			"configuration": {
				"host": "portal.multirasa.co.id",
				"port": "5050",
				"url": "jdbc:mysql://portal.multirasa.co.id:5050/",
				"type": "dev",
				"auth-model": "native"
			},
			"custom-properties": {
				"database.meta.separate.connection": "false"
			}
		},
		"microsoft-16fef22b127-60d7bca07df62984": {
			"provider": "sqlserver",
			"driver": "microsoft",
			"name": "FingerDB-Jakarta",
			"save-password": true,
			"read-only": false,
			"folder": "Archive/MTID",
			"configuration": {
				"host": "10.181.26.34",
				"port": "1433",
				"database": "Att_Solution",
				"url": "jdbc:sqlserver://;serverName=10.181.26.34;databaseName=Att_Solution",
				"type": "dev",
				"properties": {
					"trustServerCertificate": "true"
				},
				"provider-properties": {
					"@dbeaver-authentication@": "SQL_SERVER_PASSWORD",
					"@dbeaver-show-all-schemas@": "false"
				}
			}
		},
		"microsoft-16fef23e51f-783a2869ed60fade": {
			"provider": "sqlserver",
			"driver": "microsoft",
			"name": "FingerDB-Bandung",
			"save-password": true,
			"read-only": false,
			"folder": "Archive/MTID",
			"configuration": {
				"host": "10.181.64.34",
				"port": "1433",
				"database": "Att_Solution",
				"url": "jdbc:sqlserver://;serverName=10.181.64.34;databaseName=Att_Solution",
				"type": "dev",
				"properties": {
					"trustServerCertificate": "true"
				},
				"provider-properties": {
					"@dbeaver-authentication@": "SQL_SERVER_PASSWORD",
					"@dbeaver-show-all-schemas@": "false"
				}
			},
			"custom-properties": {
				"database.meta.separate.connection": "false"
			}
		},
		"mariaDB-1700f763290-6c0385f03b391419": {
			"provider": "mysql",
			"driver": "mariaDB",
			"name": "MTID",
			"save-password": true,
			"read-only": false,
			"folder": "Archive/MTID",
			"configuration": {
				"host": "10.181.26.40",
				"port": "3306",
				"database": "dbSF_NBC_MTINDONESIA",
				"url": "jdbc:mysql://10.181.26.40:3306/dbSF_NBC_MTINDONESIA",
				"home": "MySQL Binaries",
				"type": "dev"
			},
			"custom-properties": {
				"database.meta.separate.connection": "false"
			}
		},
		"mariaDB-1709e4b0d48-74f83019eb65c079": {
			"provider": "mysql",
			"driver": "mariaDB",
			"name": "MTID_admin",
			"save-password": true,
			"read-only": false,
			"folder": "Archive/MTID",
			"configuration": {
				"host": "10.181.26.40",
				"port": "3306",
				"database": "dbSF_NBC_MTINDONESIA_training",
				"url": "jdbc:mysql://10.181.26.40:3306/dbSF_NBC_MTINDONESIA_training",
				"home": "MySQL Binaries",
				"type": "dev"
			},
			"custom-properties": {
				"database.meta.separate.connection": "false"
			}
		},
		"mariaDB-1709e4b15f4-7dd3008dab27b6d8": {
			"provider": "mysql",
			"driver": "mariaDB",
			"name": "MTID fin",
			"save-password": true,
			"read-only": false,
			"folder": "Archive/MTID",
			"configuration": {
				"host": "10.181.26.40",
				"port": "3306",
				"database": "dbSF_NBC_MTINDONESIA_training",
				"url": "jdbc:mysql://10.181.26.40:3306/dbSF_NBC_MTINDONESIA_training",
				"home": "MySQL Binaries",
				"type": "dev"
			},
			"custom-properties": {
				"database.meta.separate.connection": "false"
			}
		},
		"mariaDB-1709e4b1c6c-65d584b060e24823": {
			"provider": "mysql",
			"driver": "mariaDB",
			"name": "MTID user",
			"save-password": true,
			"read-only": false,
			"folder": "Archive/MTID",
			"configuration": {
				"host": "10.181.26.40",
				"port": "3306",
				"database": "dbSF_NBC_MTINDONESIA_training",
				"url": "jdbc:mysql://10.181.26.40:3306/dbSF_NBC_MTINDONESIA_training",
				"home": "MySQL Binaries",
				"type": "dev"
			},
			"custom-properties": {
				"database.meta.separate.connection": "false"
			}
		},
		"mariaDB-1709e4bbb98-1fb8469551722987": {
			"provider": "mysql",
			"driver": "mariaDB",
			"name": "MTID sst",
			"save-password": true,
			"read-only": false,
			"folder": "Archive/MTID",
			"configuration": {
				"host": "10.181.26.40",
				"port": "3306",
				"database": "dbSF_NBC_MTINDONESIA_training",
				"url": "jdbc:mysql://10.181.26.40:3306/dbSF_NBC_MTINDONESIA_training",
				"home": "MySQL Binaries",
				"type": "dev"
			},
			"custom-properties": {
				"database.meta.separate.connection": "false"
			}
		},
		"mariaDB-1709e6446c5-6a6ed3852bc05788": {
			"provider": "mysql",
			"driver": "mariaDB",
			"name": "MTID_root",
			"save-password": true,
			"read-only": false,
			"folder": "Archive/MTID",
			"configuration": {
				"host": "10.181.26.40",
				"port": "3306",
				"database": "dbSF_NBC_MTINDONESIA_training",
				"url": "jdbc:mysql://10.181.26.40:3306/dbSF_NBC_MTINDONESIA_training",
				"home": "MySQL Binaries",
				"type": "dev"
			}
		},
		"mariaDB-1720d899a50-66e4dd9f10b820dc": {
			"provider": "mysql",
			"driver": "mariaDB",
			"name": "MariaDB - 192.168.102.120",
			"save-password": true,
			"read-only": false,
			"folder": "Archive/GTC",
			"configuration": {
				"host": "192.168.102.120",
				"port": "3306",
				"url": "jdbc:mysql://192.168.102.120:3306/",
				"home": "MySQL Binaries",
				"type": "dev"
			},
			"custom-properties": {
				"database.meta.separate.connection": "false"
			}
		},
		"mariaDB-173b76807d7-72a545b7b15dc55": {
			"provider": "mysql",
			"driver": "mariaDB",
			"name": "PLNE - Fin 1",
			"save-password": true,
			"read-only": false,
			"folder": "PLNE",
			"configuration": {
				"host": "103.94.3.12",
				"port": "3306",
				"url": "jdbc:mysql://103.94.3.12:3306/",
				"type": "dev",
				"auth-model": "native"
			}
		},
		"mariaDB-174910a9934-1e4816edeb559555": {
			"provider": "mysql",
			"driver": "mariaDB",
			"name": "192.168.101.70",
			"save-password": true,
			"show-system-objects": true,
			"read-only": false,
			"folder": "Archive/PBS",
			"configuration": {
				"host": "192.168.101.70",
				"port": "3306",
				"url": "jdbc:mysql://192.168.101.70:3306/",
				"home": "MySQL Binaries",
				"type": "dev",
				"auth-model": "native"
			}
		},
		"mariaDB-174be5e7385-7d5ccd1e07228d82": {
			"provider": "mysql",
			"driver": "mariaDB",
			"name": "155.124.73.21",
			"save-password": true,
			"show-system-objects": true,
			"read-only": false,
			"folder": "Archive/PBS",
			"configuration": {
				"host": "115.124.73.21",
				"port": "3106",
				"url": "jdbc:mysql://115.124.73.21:3106/",
				"home": "MySQL Binaries",
				"type": "dev",
				"auth-model": "native"
			}
		},
		"mariaDB-1766e8a65d7-1a2964efb4ca81ca": {
			"provider": "mysql",
			"driver": "mariaDB",
			"name": "H3i - 192.168.100.221",
			"save-password": true,
			"show-system-objects": true,
			"read-only": false,
			"configuration": {
				"host": "192.168.100.221",
				"port": "3306",
				"url": "jdbc:mysql://192.168.100.221:3306/",
				"home": "MySQL Binaries",
				"type": "dev",
				"auth-model": "native"
			},
			"custom-properties": {
				"resultset.maxrows": "100"
			}
		},
		"mariaDB-176b9acd605-625a7e9ab7ffc543": {
			"provider": "mysql",
			"driver": "mariaDB",
			"name": "vbox",
			"save-password": true,
			"show-system-objects": true,
			"read-only": false,
			"configuration": {
				"host": "192.168.56.112",
				"port": "3306",
				"url": "jdbc:mysql://192.168.56.112:3306/",
				"home": "MySQL Binaries",
				"type": "dev",
				"auth-model": "native"
			},
			"custom-properties": {
				"database.meta.separate.connection": "false"
			}
		},
		"mariaDB-177aa0da990-105efc80c4744b79": {
			"provider": "mysql",
			"driver": "mariaDB",
			"name": "GGP",
			"save-password": true,
			"show-system-objects": true,
			"read-only": false,
			"configuration": {
				"host": "10.15.2.101",
				"port": "3306",
				"url": "jdbc:mysql://10.15.2.101:3306/",
				"home": "MySQL Binaries",
				"type": "dev",
				"auth-model": "native"
			},
			"custom-properties": {
				"database.meta.separate.connection": "false"
			}
		},
		"mariaDB-1787ccb2e39-7003b96e94a57a97": {
			"provider": "mysql",
			"driver": "mariaDB",
			"name": "vbox 1",
			"save-password": true,
			"show-system-objects": true,
			"read-only": false,
			"configuration": {
				"host": "192.168.56.113",
				"port": "3306",
				"url": "jdbc:mysql://192.168.56.113:3306/",
				"home": "MySQL Binaries",
				"type": "dev",
				"auth-model": "native",
				"handlers": {}
			},
			"custom-properties": {
				"database.meta.separate.connection": "false"
			}
		}
	},
	"virtual-models": {
		"mariaDB-16eda3f661a-3e5bd1f0a7f15e2": {
			"dbsf_nbc_enjiniring_training": {
				":so7749639": {
					"constraints": {
						"VIRTUAL_PK": {
							"type": "vpk",
							"useAllColumns": true
						}
					}
				}
			}
		},
		"mariaDB-173b76807d7-72a545b7b15dc55": {
			"dbsf_nbc_enjiniring_training": {
				":so7749639": {
					"constraints": {
						"VIRTUAL_PK": {
							"type": "vpk",
							"useAllColumns": true
						}
					}
				}
			}
		}
	},
	"connection-types": {
		"dev": {
			"name": "Development",
			"color": "255,255,255",
			"description": "Regular development database",
			"auto-commit": true,
			"confirm-execute": false,
			"confirm-data-change": false,
			"auto-close-transactions": false
		}
	}
}