{"resources":{"Scripts/Script-1.sql":{"sql-editor-data-source-id":"microsoft-16ef8b6b509-e18ded0f7ed0576"},"Scripts/Script-10.sql":{"sql-editor-data-source-id":"mariaDB-1700f763290-6c0385f03b391419","default-catalog":"dbsf_nbc_mtindonesia"},"Scripts/Script-11.sql":{"sql-editor-data-source-id":"mariaDB-16ee8dec40a-7503f3660afd653e","default-datasource":"mariaDB-16ee8dec40a-7503f3660afd653e","default-catalog":"dbsf_nbc_multirasa"},"Scripts/Script-12.sql":{"sql-editor-data-source-id":"mariaDB-1720d899a50-66e4dd9f10b820dc","default-catalog":"dbsf_nbc_gtcspayrollservice"},"Scripts/Script-13.sql":{"sql-editor-data-source-id":"mariaDB-16eda3f661a-3e5bd1f0a7f15e2","default-datasource":"mariaDB-16eda3f661a-3e5bd1f0a7f15e2","default-catalog":"dbdev"},"Scripts/Script-14.sql":{"sql-editor-data-source-id":"mariaDB-16eda3f661a-3e5bd1f0a7f15e2","default-datasource":"mariaDB-16eda3f661a-3e5bd1f0a7f15e2","default-catalog":"dbdev"},"Scripts/Script-15.sql":{"sql-editor-data-source-id":"mariaDB-174be5e7385-7d5ccd1e07228d82","default-datasource":"mariaDB-174be5e7385-7d5ccd1e07228d82","default-catalog":"dbsaas_portal_putradutabuanasentosa"},"Scripts/Script-16.sql":{"sql-editor-data-source-id":"mariaDB-16ed06fed2a-2f73186b7c15983b","default-datasource":"mariaDB-16ed06fed2a-2f73186b7c15983b","default-catalog":"dbsf_nbc_bpkh2019"},"Scripts/Script-17.sql":{"sql-editor-data-source-id":"mariaDB-1766e8a65d7-1a2964efb4ca81ca","default-datasource":"mariaDB-1766e8a65d7-1a2964efb4ca81ca","default-catalog":"dbsf_nbc_h3i"},"Scripts/Script-18.sql":{"sql-editor-data-source-id":"mariaDB-1766e8a65d7-1a2964efb4ca81ca","default-datasource":"mariaDB-1766e8a65d7-1a2964efb4ca81ca","default-catalog":"dbsf_nbc_h3i"},"Scripts/Script-19.sql":{"sql-editor-data-source-id":"mariaDB-176b9acd605-625a7e9ab7ffc543","default-datasource":"mariaDB-176b9acd605-625a7e9ab7ffc543","default-catalog":"dbdev"},"Scripts/Script-2.sql":{"default-schema":"dbo","sql-editor-data-source-id":"microsoft-16ef8b6b509-e18ded0f7ed0576","default-catalog":"kbpagroup"},"Scripts/Script-20.sql":{"sql-editor-data-source-id":"mariaDB-176b9acd605-625a7e9ab7ffc543","default-datasource":"mariaDB-176b9acd605-625a7e9ab7ffc543","default-catalog":"dbsf6_saas_mtindonesia"},"Scripts/Script-21.sql":{"sql-editor-data-source-id":"mariaDB-177aa0da990-105efc80c4744b79","default-datasource":"mariaDB-177aa0da990-105efc80c4744b79","default-catalog":"dbsf_biznet_great"},"Scripts/Script-22.sql":{"sql-editor-data-source-id":"mariaDB-1787ccb2e39-7003b96e94a57a97","default-datasource":"mariaDB-1787ccb2e39-7003b96e94a57a97","default-catalog":"dbsf_nbc_mtindonesia"},"Scripts/Script-3.sql":{"sql-editor-data-source-id":"mariaDB-1700f763290-6c0385f03b391419","default-catalog":"dbsf_nbc_mtindonesia"},"Scripts/Script-4.sql":{"sql-editor-data-source-id":"mariaDB-1709e4b0d48-74f83019eb65c079","default-catalog":"dbsf_nbc_mtindonesia_training"},"Scripts/Script-5.sql":{"sql-editor-data-source-id":"mariaDB-1709e4b15f4-7dd3008dab27b6d8","default-catalog":"dbsf_nbc_mtindonesia_training"},"Scripts/Script-6.sql":{"sql-editor-data-source-id":"microsoft-16fef23e51f-783a2869ed60fade"},"Scripts/Script-7.sql":{"sql-editor-data-source-id":"mariaDB-1709e4b1c6c-65d584b060e24823","default-catalog":"dbsf_nbc_mtindonesia_training"},"Scripts/Script-8.sql":{"sql-editor-data-source-id":"mariaDB-1709e4bbb98-1fb8469551722987","default-catalog":"dbsf_nbc_mtindonesia_training"},"Scripts/Script-9.sql":{"sql-editor-data-source-id":"mariaDB-16fd19c32ac-6879e4c9f2e1309c","default-datasource":"mariaDB-16fd19c32ac-6879e4c9f2e1309c","default-catalog":"dbsf_nbc_mtindonesia"},"Scripts/Script.sql":{"sql-editor-data-source-id":"mariaDB-16eda3f661a-3e5bd1f0a7f15e2","default-datasource":"mariaDB-16eda3f661a-3e5bd1f0a7f15e2","default-catalog":"dbsf_nbc_enjiniring_training"}}}