<SFPAGE TITLE="Compare With Others - Task" ACCESS="hrm.performance.evalform:read">
	<SFFORM TITLE="Edit" DATASOURCE="" ACTION="" NAME="frmOtherEmp" WIDTH="700" HEIGHT="400" SHOWWINDOW="NO">
		<TOOLBAR>
			<BUTTON TYPE="Help"></BUTTON>
			<BUTTON TYPE="Close"></BUTTON>
		</TOOLBAR>
		<FIELDSET LABEL="-">
			<INPUT LABEL="-" NAME="frmOtherEmp" TYPE="SCRIPT" TEMPLATE="hrm.performance.evalform.task.otheremp?empid=#empid#&amp;periodcode=#periodcode#&amp;refdate=#refdate#"/>
		</FIELDSET>
		<SCRIPT FOR="FOOTER">
		</SCRIPT>
	</SFFORM>
</SFPAGE>
