<!--
	Author			: Famil Restu Pambudi
	E-mail			: famil.restu@dataon.com
	Company			: DataOn\ PT. Indodev Niaga Internet
	Client			: PayAsia
	FileName		: ?xfid=hrm.performance.monitoring.actionplan
	Application		: SunFish HR 6
	Date			: 9 Sept 2020
	Summary			: ...
	Revisions		: ...
-->

<SFPAGE TITLE="Action Plan" ACCESS="hrm.performance.monitoring:read">
	<SFFORM TITLE="Action Plan" WIDTH="100%" HEIGHT="100%" TRACER="Performance Management|Performance Monitoring|KPI Cascade Analysis Tools" NAME="frmActionPlan">
		<TOOLBAR>
			<BUTTON TYPE="Reload"></BUTTON>
			<BUTTON TYPE="Help"></BUTTON>
			<BUTTON TYPE="Close"></BUTTON>
		</TOOLBAR>
		<FIELDSET>
            <INPUT LABEL="-" NAME="-" TYPE="SCRIPT" TEMPLATE="hrm.performance.monitoring.actionplan&amp;reqno=#url.reqno#&amp;empid=#url.empid#&amp;periodcode=#url.periodcode#&amp;refdate=#url.refdate#&amp;formno=#url.formno#&amp;libcode=#url.libcode#&amp;opener=#url.opener#"/>
			<!--<INPUT TYPE="GRID" LABEL="-" NAME="-" TYPE="SCRIPT" TEMPLATE="hrm.performance.monitoring.actionplan&amp;flag=1&amp;reqno={reqno}&amp;empid={empid}&amp;periodcode={periodcode}&amp;refdate={refdate}&amp;formno={formno}&amp;libcode={libcode}"/>-->
		</FIELDSET>
        <SCRIPT>
        
        </SCRIPT>
	</SFFORM>
</SFPAGE>
