<SFPAGE TITLE="Detail History" ACCESS="hrm.performance.monitoring:read">
	<SFFORM TITLE="DetailHistory" DATASOURCE="" ACTION="" NAME="frmDetailhistory" WIDTH="100%" HEIGHT="100%" SHOWWINDOW="NO">
		<TOOLBAR>
			<BUTTON TYPE="Help"></BUTTON>
			<BUTTON TYPE="Close"></BUTTON>
		</TOOLBAR>
		<FIELDSET LABEL="-">
			<INPUT LABEL="-" NAME="DetailHistory" TYPE="SCRIPT" TEMPLATE="hrm.performance.monitoring.detailhist&amp;reqno=#reqno#&amp;empid=#empid#&amp;periodcode=#periodcode#&amp;refdate=#refdate#&amp;formno=#formno#&amp;libcode=#libcode#&amp;lpr=#lpr#"/> 
		</FIELDSET>
		<SCRIPT FOR="FOOTER">
			
		</SCRIPT>
	</SFFORM>
</SFPAGE>

