<!--
	Author			: Famil Restu Pambudi
	E-mail			: famil.restu@dataon.com
	Company			: DataOn\ PT. Indodev Niaga Internet
	Client			: PayAsia
	FileName		: ?xfid=hrm.performance.monitoring.kpicascade
	Application		: SunFish HR 6
	Date			: 9 Sept 2020
	Summary			: ...
	Revisions		: ...
-->

<SFPAGE TITLE="KPI Cascade Analysis Tools" ACCESS="hrm.performance.monitoring:delete">
	<SFFORM TITLE="KPI Cascade Analysis Tools" WIDTH="100%" HEIGHT="100%" TRACER="Performance Management|Performance Monitoring" NAME="form">
		<TOOLBAR TYPE="GRID">
			<BUTTON TYPE="Reload"></BUTTON>
			<!-- <BUTTON TYPE="Help"></BUTTON> -->
		</TOOLBAR>

		<FIELDSET>
			<INPUT LABEL="-" NAME="-" TYPE="SCRIPT" TEMPLATE="hrm.performance.monitoring.kpicascade&amp;reqno=#url.reqno#&amp;libcode=#url.libcode#&amp;empid=#url.empid#&amp;periodcode=#url.periodcode#&amp;refdate=#url.refdate#&amp;formno=#url.formno#&amp;depth=#(isDefined('url.depth') ? url.depth : 2)#"/>
		</FIELDSET>

        <SCRIPT>
            loadScript('#application.path.lib#/scripts/orgchart.js');
        </SCRIPT>
	</SFFORM>
</SFPAGE>

