<SFPAGE TITLE="List Performance Monitoring" ACCESS="hrm.performance.monitoring:read">
	<SFGRID DATASOURCE="PerformanceMonitoring" TITLE="Performance Monitoring">
		<TOOLBAR>
		    <BUTTON TIP="Performance Monitoring Upload" ICON="upload.png" ACTION="?xfid=hrm.performance.monitoring.monitoringupload" LINKTYPE="LINK" ></BUTTON>
			<BUTTON TYPE="Print"></BUTTON>
			<BUTTON TYPE="PDF"></BUTTON>
			<BUTTON TYPE="Excel"></BUTTON>
			<BUTTON TYPE="Openoffice"></BUTTON>
			<BUTTON TYPE="Reload"></BUTTON>
			<BUTTON TYPE="Help"></BUTTON>
		</TOOLBAR>
		<FILTER TEXT="Filter Monitoring by Date" SUBMITLABEL="Go" WIDTH="380" ICON="toolicon-filter.png">
            <INPUT LABEL="Planning Form Date" TYPE="DATE" NAME="startdt" GROUP="tanggal"/>
            <INPUT LABEL="To" NAME="enddt" TYPE="DATE" GROUP="tanggal~" />
        </FILTER>
        
		<COLUMN TITLE="Performance Form" FIELD="formname"></COLUMN>
		<COLUMN TITLE="Performance Date" FIELD="formdate" FORMAT="sdate"></COLUMN>
		<COLUMN TITLE="Employee No" FIELD="emp_no"></COLUMN>
		<COLUMN TITLE="Employee Name" FIELD="emp_name" LINK="javascript:ViewPlanWithRevisions('[emp_id];[periodcode];[refdate];[request_no];[formno]');" LINKTYPE="JS" ></COLUMN>	
		<COLUMN TITLE="Employment Status" FIELD="status"></COLUMN>
		<COLUMN TITLE="Position" FIELD="emp_pos"></COLUMN>
		<COLUMN TITLE="Last Reviewer" FIELD="lastreviewer"></COLUMN>
		<SCRIPT FOR="FOOTER">
		function ViewPlanWithRevisions(str){
				var arrPerfPlan = str.split(';')
				innerPop('?xfid=hrm.performance.monitoring.main&amp;empid='+arrPerfPlan[0]+'&amp;periodcode='+arrPerfPlan[1]+'&amp;refdate='+arrPerfPlan[2]+'&amp;reqno='+arrPerfPlan[3]+'&amp;formno='+arrPerfPlan[4],reposBlock);

			}
		
		function formatDate(abv) {
          var tgl = abv.substr(0, 2);
          var bln = abv.substr(3, 2);
          var thn = abv.substr(6, 4);
          return  thn+'/'+bln+'/'+tgl;
        }
            
		function filterSubmit(k) {
             if ('#REQUEST.CONFIG.DATE_INPUT_FORMAT#' == 'dd/mm/yyyy'){
			    var stdate = formatDate($('##cal_startdt').val());
                var endate = formatDate($('##cal_enddt').val());
			  }else{
			    var stdate = $('##cal_startdt').val();
                var endate = $('##cal_enddt').val();
			  }
			  
              var stdate = Date.parse(stdate);
              var endate = Date.parse(endate);
              
              if ($('##cal_startdt').val() == ''){
                alert("Please Input Start Date");
                return false;
              }
              if ($('##cal_enddt').val() == ''){
                alert("Please Input End Date");
                return false;
              }
              
              if(isNaN(stdate) || isNaN(endate)){
                alert("Invalid Date");
                return false;
              }
              
              if(endate &lt; stdate){
                alert("End Date must be greater than Start Date");
                return false;
              }
              hasfilter = false;
              var e = 0;
              for (var d = 0; d &lt; arrSearch.length; d++) {
                if (arrSearch[d][3] == 'filter') {
                  hasfilter = true;
                  break;
                }
              }
              if (!hasfilter) {
                var d = arrSearch.length;
              }
              var l = form2query(k, 'input_', true);
              var b = null;
              var g = null;
              for (var c = 0; c &lt; l[0].length; c++) {
                var a = l[1][c].split('=') [0];
                var f = $sf(a);
                if (!f) {
                  continue;
                }
                if (a.substr(0, 4) == 'cal_') {
                  b = l[0][c];
                } else {
                  if (a.substr(0, 4) == 'inp_') {
                    g = (b ? b : l[0][c]);
                    if (!hasfilter) {
                      arrSearch[d] = new Array();
                      arrSearch[d][0] = a;
                      arrSearch[d][2] = '';
                      arrSearch[d][3] = 'filter';
                      var h = f.parentNode.parentNode.childNodes[0].childNodes[0].innerHTML;
                      arrSearch[d][5] = h;
                    }
                    arrSearch[d][1] = l[1][c].split('=') [1];
                    arrSearch[d][6] = g;
                    if (arrSearch[d][1] != '') {
                      arrSearch[d][4] = 1;
                      selm = f;
                      e = d;
                    } else {
                      arrSearch[d][4] = 0;
                    }
                    b = null;
                    d++;
                  }
                }
              }
              arrFilter = arrSearch.slice();
              if (selm) {
                checkSubmit(null, selm, e + 1, false);
              }
            }
		</SCRIPT>
	</SFGRID>
</SFPAGE>

