<SFPAGE TITLE="Form Performance Monitoring" ACCESS="hrm.performance.monitoring:read">
	<SFFORM TITLE="Edit" DATASOURCE="PerformanceMonitoring.View" GROUPFIELD="hierarchy" ACTION="PerformanceMonitoring.Add" NAME="frmPerfMon" WIDTH="1000" HEIGHT="900">
		<TOOLBAR>
			<BUTTON TYPE="Reload"></BUTTON>
			<BUTTON TYPE="Help"></BUTTON>
			<BUTTON TYPE="Close"></BUTTON>
		</TOOLBAR>
		<SCRIPT>
			loadScript('#application.path.lib#/scripts/pm/jquery.flot.min.js');
		</SCRIPT>
		<FIELDSET LABEL="-">
			<INPUT LABEL="~" NAME="requestfor" PARAM="empid" TYPE="HIDDEN" DEFAULT="{empid}"/>
			<INPUT LABEL="~" NAME="formno" PARAM="formno" TYPE="HIDDEN" DEFAULT="#formno#"/>
			<INPUT LABEL="~" NAME="periodcode" PARAM="periodcode" TYPE="HIDDEN" DEFAULT="#periodcode#"/>
			
			
			<INPUT LABEL="-" NAME="a" TYPE="SCRIPT" TEMPLATE="hrm.performance.monitoring.main?empid={empid}&amp;reqno=#reqno#&amp;formno=#formno#&amp;periodcode=#periodcode#&amp;refdate=#refdate#&amp;plandatevalid=#qForm.plandatevalid#"/>
		</FIELDSET>
		<SCRIPT FOR="FOOTER">
		function validateOther(){
				var objOrgValues = {};
				$.each($('[name=iframe1]').contents().find('[name=framecontent_1]').contents().find('form##FrmObjOrgKPIMon').serializeArray(), function(i, field){
 				  objOrgValues[field.name] = field.value;
				});
				$("##orgKPIMonArray").val("");
				$("##orgKPIMonArray").val(JSON.stringify(objOrgValues));
				
				var objKPIPersValues = {};
				$.each($('[name=iframe1]').contents().find('[name=framecontent_2]').contents().find('form##FrmPersKPIMon').serializeArray(), function(i, field){
 				  objKPIPersValues[field.name] = field.value;
				});
				$("##persKPIMonArray").val("");
				$("##persKPIMonArray").val(JSON.stringify(objKPIPersValues));
				return true;
		}
				
				
		function saveMonitoringForm(){
				strLinkOld=sLink;
				sLink='?ofid=PerformanceMonitoring.Add';
				validateForm(document.frmPerfMon);
				sLink=strLinkOld;
		}
		
		function initButton(){
		
		}
		initButton();
		</SCRIPT>
	
		<BUTTONLIST>
			<BUTTON TYPE="Cancel" LABEL="Back"></BUTTON>
			<BUTTON LABEL="Submit" ACTION="saveMonitoringForm();"></BUTTON>
		</BUTTONLIST>
	</SFFORM>
</SFPAGE>
