<SFPAGE TITLE="Monitoring Objective" ACCESS="hrm.performance.monitoring:read">
	<SFFORM TITLE="Edit" DATASOURCE="" GROUPFIELD="hierarchy" ACTION="SaveAll" NAME="frmPerfEval" WIDTH="100%" HEIGHT="100%" SHOWWINDOW="NO" PASSING ="empid">
		<TOOLBAR>
			<BUTTON TYPE="Help"></BUTTON>
			<BUTTON TYPE="Close"></BUTTON>
		</TOOLBAR>
		<TABPAGE HEIGHT="400">
			<TABROW>
				<TAB LABEL="Org Unit Objective" PAGELINK="hrm.performance.monitoring.objectiveorg&amp;reqno=#reqno#&amp;empid=#empid#&amp;periodcode=#periodcode#&amp;refdate=#refdate#&amp;formno=#formno#&amp;lpr=#lpr#&amp;thisLabel=#thisLabel#&amp;evalstat=#evalstat#"/>
				<TAB LABEL="Personal Objective" PAGELINK="hrm.performance.monitoring.objective&amp;reqno=#reqno#&amp;empid=#empid#&amp;periodcode=#periodcode#&amp;refdate=#refdate#&amp;formno=#formno#&amp;lpr=#lpr#&amp;thisLabel=#thisLabel#&amp;evalstat=#evalstat#"/>
			</TABROW>
		</TABPAGE>
		<SCRIPT FOR="FOOTER">
				try {
				document.getElementById('pop_title').style.display = 'none';
				document.getElementById('form_toolbar').style.display = 'none';
				document.getElementById('pop_data').style = 'height:100%;border:none;';
			}
			catch(err) {

			}
		   
	/*	function tabToDisplay(){
				
				for(i=1;i[lt]=2;i++){
					document.getElementById('vistab_'+i).style.display = 'none';
				}

				
				var arrETLstCompCode = '#URL.lstcomp#'.split(",");
				var arrTabCode = ['ORGKPI','PERSKPI'];
				
				for(i=0;i[lt]arrETLstCompCode.length;i++){
					var tempIsThere = parseInt($.inArray(arrETLstCompCode[i].toUpperCase(),arrTabCode));
					if(tempIsThere[gt]=0){
						++tempIsThere;
						document.getElementById('vistab_'+tempIsThere).style.display = '';
					}
				}
				if(tempIsThere != 1){
				    showTab(tempIsThere);
				}
			    if(('#URL.flagdepthead#'!='1')[and]($.inArray('orgKPI',arrETLstCompCode) [gt]= 0)){
					$('##vistab_1').hide();
			    }
			}
			tabToDisplay();  */
			function tabToDisplay(){
			
				var arrETLstCompCode = '#URL.lstcomp#'.split(",");
				var arrTabCode = ['ORGKPI','PERSKPI'];
				
				 if(('#URL.flagdepthead#'!='1') || ($.inArray('orgKPI',arrETLstCompCode) [lt] 0)){
					
					$('##vistab_1').hide();
					showTab(2);
			    }
				
				
				
				
				
			
			}
			tabToDisplay();
		 </SCRIPT>
	</SFFORM>
</SFPAGE>







