<SFPAGE TITLE="monitoringform" ACCESS="hrm.performance.monitoring:read">
	<SFFORM TITLE="Objective" DATASOURCE="" ACTION="saveAll" NAME="FrmPersKPIMon" WIDTH="100%" HEIGHT="100%" SHOWWINDOW="NO">
		<TOOLBAR>
			<BUTTON TYPE="Help"></BUTTON>
			<BUTTON TYPE="Close"></BUTTON>
		</TOOLBAR>
		<FIELDSET LABEL="-">
			<INPUT LABEL="-" NAME="frmobjective" TYPE="SCRIPT" TEMPLATE="hrm.performance.monitoring.objective&amp;reqno=#reqno#&amp;empid=#empid#&amp;periodcode=#periodcode#&amp;refdate=#refdate#&amp;formno=#formno#&amp;lpr=#lpr#&amp;thislabel=#thislabel#&amp;evalstat=#evalstat#"/>
		</FIELDSET>
		<SCRIPT FOR="FOOTER">
			try {
				document.getElementById('pop_title').style.display = 'none';
				document.getElementById('form_toolbar').style.display = 'none';
				document.getElementById('pop_data').style = 'height:100%;border:none;';
			}
			catch(err) {

			}
		</SCRIPT>
	</SFFORM>
</SFPAGE>

