<SFPAGE TITLE="Achievement verification and calculation" ACCESS="hrm.performance.monitoring:read">
	<SFFORM TITLE="Achievement verification and calculation" WIDTH="100%" HEIGHT="100%" TRACER="Performance Management|Performance Monitoring" NAME="frmVerifyCalculation">
		<TOOLBAR>
			<BUTTON TYPE="Reload"></BUTTON>
			<BUTTON TYPE="Help"></BUTTON>
			<BUTTON TYPE="Close"></BUTTON>
		</TOOLBAR>
		<FIELDSET>
            <!--<INPUT LABEL="-" NAME="-" TYPE="SCRIPT" TEMPLATE="hrm.performance.monitoring.achievementcalc&amp;reqno=#url.reqno#&amp;empid=#url.empid#&amp;periodcode=#url.periodcode#&amp;refdate=#url.refdate#&amp;formno=#url.formno#&amp;month=#url.month#&amp;monthstring=#url.monthstring#&amp;idx=#url.idx#"/>-->
		</FIELDSET>
		<TABPAGE HEIGHT="550">
            <TABROW>
                <TAB LABEL="Verification" PAGELINK="hrm.performance.monitoring.achverification&amp;reqno=#url.reqno#&amp;empid=#url.empid#&amp;periodcode=#url.periodcode#&amp;refdate=#url.refdate#&amp;formno=#url.formno#&amp;month=#url.month#"/>
                <TAB LABEL="Calculation" PAGELINK="hrm.performance.monitoring.achievementcalc&amp;reqno=#url.reqno#&amp;empid=#url.empid#&amp;periodcode=#url.periodcode#&amp;refdate=#url.refdate#&amp;formno=#url.formno#&amp;month=#url.month#&amp;monthstring=#url.monthstring#&amp;idx=#url.idx#"/>
            </TABROW>
        </TABPAGE>
        <SCRIPT>
            function panggil(result,inputID,verifyID){
                <!--console.log("verifyandcalculation.xml:"+inputID+" | "+verifyID+" | "+result);-->
                <!--window.opener.document.getElementById(verifyID).checked = true;-->
                window.opener.document.getElementById(inputID).value = result;
            }
            function closeWindow(){
                window.close();
            }
            function tabToDisplay(){
				<!--var arrETLstCompCode = '#URL.lsttab#'.split(",");-->
				<!--var arrTabCode = ['verification','calculation'];-->
				var isfinalapprover = '#URL.isfinalapprover#';
				if( isfinalapprover == '0'){
					$('##vistab_1').hide();
					showTab(2);
			    }
			}
			$(document).ready(function () {
			    tabToDisplay();
			});
        </SCRIPT>
	</SFFORM>
</SFPAGE>




