<SFPAGE TITLE="View Library History" ACCESS="hrm.performance.monitoring:read">
	<SFFORM TITLE="View Library History" DATASOURCE="PerformanceMonitoring.ViewHistoryLibrary" GROUPFIELD="hierarchy"  NAME="frmLibraryHistory" WIDTH="1000" HEIGHT="800">
		<TOOLBAR>
			<BUTTON TYPE="Reload"></BUTTON>
			<BUTTON TYPE="Help"></BUTTON>
			<BUTTON TYPE="Close"></BUTTON>
		</TOOLBAR>
		<SCRIPT>
			loadScript('#application.path.lib#/scripts/pm/jquery.flot.min.js');
		</SCRIPT>
		<FIELDSET LABEL="-">
			<INPUT LABEL="~" NAME="requestfor" PARAM="empid" TYPE="HIDDEN" DEFAULT="#empid#"/>
			<INPUT LABEL="-" NAME="a" TYPE="SCRIPT" TEMPLATE="hrm.performance.monitoring.viewhistorylibrary?empid=#empid#"/>
		</FIELDSET>
		<BUTTONLIST>
			<BUTTON TYPE="Cancel" LABEL="Back"></BUTTON>
		</BUTTONLIST>
	</SFFORM>
</SFPAGE>
