<SFPAGE TITLE="View Revision Plan History" ACCESS="hrm.performance.monitoring:read">
	<SFFORM TITLE="View Revision Detail" DATASOURCE="PerformanceMonitoring.ViewRevisionPlan" GROUPFIELD="hierarchy" ACTION="" NAME="frmDetailRev" WIDTH="1000" HEIGHT="800">
		<TOOLBAR>
			<BUTTON TYPE="Reload"></BUTTON>
			<BUTTON TYPE="Help"></BUTTON>
			<BUTTON TYPE="Close" ACTION="window.close();"></BUTTON>
		</TOOLBAR>
		<SCRIPT>
			loadScript('#application.path.lib#/scripts/pm/jquery.flot.min.js');
		</SCRIPT>
		<FIELDSET LABEL="-">
			<INPUT LABEL="~" NAME="requestfor" PARAM="empid" TYPE="HIDDEN" DEFAULT="#empid#"/>
		    <INPUT LABEL="~" NAME="formno" PARAM="formno" TYPE="HIDDEN" DEFAULT="#formno#"/>
			<INPUT LABEL="~" NAME="periodcode" PARAM="periodcode" TYPE="HIDDEN" DEFAULT="#periodcode#"/>
		
			
			<INPUT LABEL="-" NAME="a" TYPE="SCRIPT" TEMPLATE="hrm.performance.monitoring.viewrevision?&amp;reqno=#reqno#&amp;empid=#empid#&amp;periodcode=#periodcode#&amp;refdate=#refdate#&amp;formno=#formno#&amp;thisLabel=#thisLabel#"/>
		</FIELDSET>
		
		<BUTTONLIST>
			<BUTTON LABEL="Back" ACTION="window.close();"></BUTTON>
		</BUTTONLIST>
	</SFFORM>
</SFPAGE>
