<SFPAGE TITLE="Add Competency Item" ACCESS="hrm.setting.performance.competency:add">
	<SFFORM TITLE="Add Competency Item" DATASOURCE="" ACTION="CompetencyLibrary.Add" NAME="frmCompetency" WIDTH="650" HEIGHT="400">
		<SCRIPT>
			
		</SCRIPT>
		<TOOLBAR>
			<BUTTON TYPE="Help"></BUTTON>
			<BUTTON TYPE="Close"></BUTTON>
		</TOOLBAR>
		<FIELDSET>
			<INPUT LABEL="Item Type" NAME="iscategory" PARAM="iscategory" TYPE="RADIO" OPTIONS="Y=Category|N*=Competency" ONCLICK="changeIsCategory(this.value)"/><!-- ONCLICK="changeIsCategory(this.value) -->
			<INPUT LABEL="Parent Competency" NAME="parent_code" PARAM="parent_code" TYPE="SUGGEST" LISTMANDATORY="YES" LISTSOURCE="CompetencyLibrary.filterCompetence" REQUIRED="YES" ERRMSG="Please Select Parent Code"/>
			<!--<INPUT LABEL="Parent Competency" NAME="parent_code" PARAM="parent_code" TYPE="SELECT" LISTSOURCE="CompetencyLibrary.refCL" REQUIRED="YES" ERRMSG="Please Select Parent Code"/>-->
			<INPUT LABEL="Competency Code" NAME="competence_code" PARAM="competence_code" TYPE="TEXT" REQUIRED="YES" MAXLEN="50"  DEFAULT="Util.getCode('COMPETENCELIB','no','false')" GROUP="code~" VALIDATE="CODE"/>
			<!--INPUT LABEL="" NAME="competence_doc" PARAM="competence_doc" TYPE="LABEL" DEFAULT="Util.getCode('COMPETENCELIB','no','false')" GROUP="code~"/-->
			<INPUT LABEL="Competency Item" NAME="competence_name" PARAM="competence_name" TYPE="TEXT" REQUIRED="YES" MULTILANG="Yes" ERRMSG="" MAXLEN="50" />
			<INPUT LABEL="Fill In Competency Description" NAME="competence_desc" MULTILANG="Yes" PARAM="competence_desc" TYPE="MEMO" MAXLEN="500" COL="30" ROW="3" ERRMSG="Please Insert Competence Description"/>
			<INPUT LABEL="Competency Point Value" DEFAULT="1 To " NAME="pp" PARAM="pp" TYPE="LABEL" GROUP="pvalue" SIZE="2" MAXLEN="1"/>
			<INPUT LABEL="" NAME="maxpoint" PARAM="maxpoint" TYPE="SELECT" LISTSOURCE="CompetencyLibrary.referenceCompValue" GROUP="pvalue~" />
			<INPUT LABEL="Weight" NAME="weight" PARAM="weight" TYPE="TEXT" SIZE="5" />
			<!-- <INPUT LABEL="Setting Job Family Level" NAME="isjfl" PARAM="isjfl" TYPE="CHECKBOX" OPTIONS="Y=Yes"/> -->
			<INPUT LABEL="Based On" NAME="isjfl" PARAM="isjfl" TYPE="RADIO" OPTIONS="Y*=Job Family|N=Job Title" />
			<!-- <INPUT LABEL="Job Title" TYPE="FILTER" ERRMSG="Please Filter Work Location" 
				LISTSOURCE="CompetencyLibrary.filterJT" LISTMEMBER="CompetencyLibrary.getJTMember" ROW="15" MAXROW="50" NAME="lstJobTitle"/> -->
			<!-- <INPUT LABEL="Dashboard Indicator" NAME="dash_indicator" PARAM="dash_indicator" TYPE="SCRIPT"  TEMPLATE="hrm.setting.performance.competencyLibrary.dashindicator"/> -->
			
		</FIELDSET>
		<BUTTONLIST>
			<BUTTON TYPE="Cancel"></BUTTON>
			<BUTTON TYPE="Submit"></BUTTON>
		</BUTTONLIST>
			
		<SCRIPT FOR="FOOTER">
		    //<!--BUG51117-85691-->
		    $("input[id^='inp_competence_name_'], textarea[id^='inp_competence_desc_'], input[id='inp_competence_code']").keyup(function(event){ RemoveChar(this); });
		    $("input[id^='inp_competence_name_'], textarea[id^='inp_competence_desc_'], input[id='inp_competence_code']").change(function(){ RemoveChar(this); });
            function RemoveChar(obj){
        		var charToVali = obj.value;
                obj.value = charToVali.replace(/##/g,'');
            }
            //<!--/BUG51117-85691-->

			document.getElementById('lbl_inp_pp').innerHTML  = '[SFTEXT:JSCompetence Point Value] &lt;span class=\"required\"&gt;*&lt;/span&gt;' ;
			var compvalue = document.getElementById('tr_inp_pp');
			var jfl = document.getElementById('tr_inp_isjfl');
			var maxpoint =  document.getElementById('inp_maxpoint').value;
			//var indicator = document.getElementById('tr_inp_dash_indicator');
			
			function changeIsCategory(theCheck)
			{
				if(theCheck=='Y')
				{
					compvalue.style.display = 'none'
					jfl.style.display = 'none'
					document.getElementById('tr_inp_weight').style .display = 'none'
					//indicator.style.display = 'none'
				}
				else
				{
					compvalue.style.display= ''
					jfl.style.display = ''
					document.getElementById('tr_inp_weight').style .display = ''
					//indicator.style.display = ''
				}
				isCatForLabel();
			}
			
			function isCatForLabel(){
			    var iscat = $('[id=inp_iscategory]:checked').val();
			    if(iscat == 'Y'){
			        $('[id^=lbl_inp_competence_name_]').html('[SFTEXT:Category] &lt;span class="required"&gt;*&lt;/span&gt;');
			    }else{
			        $('[id^=lbl_inp_competence_name_]').html('[SFTEXT:FDCompetencyItem] &lt;span class="required"&gt;*&lt;/span&gt;');
			    }
		    }
		</SCRIPT>
		
		
	</SFFORM>
</SFPAGE>

