<SFPAGE TITLE="Edit Competency Item" ACCESS="hrm.setting.performance.competency:edit">
	<SFFORM TITLE="Edit Competency Item" DATASOURCE="CompetencyLibrary" ACTION="CompetencyLibrary.Save" NAME="frmCompetency" WIDTH="560" HEIGHT="400">
		
		<TOOLBAR>
			<BUTTON TYPE="Help"></BUTTON>
			<BUTTON TYPE="Close"></BUTTON>
		</TOOLBAR>
		<FIELDSET>
			<INPUT LABEL="Item Type" NAME="iscategory" PARAM="iscategory" TYPE="HIDDEN" />
			<INPUT LABEL="~" NAME="new_iscategory" PARAM="iscategory" TYPE="HIDDEN" />
			<!-- <INPUT LABEL="Item Type" NAME="new_iscategory" PARAM="iscategory" TYPE="RADIO" OPTIONS="Y=Category|N=Competency" ONCLICK="changeIsCategory(this.value)"/> -->
			<INPUT LABEL="Item Type" NAME="lbliscat" PARAM="iscategory" TYPE="LABEL" OPTIONS="Y=Category|N=Competency"/>
			<INPUT LABEL="Parent Competency" NAME="parent_code" PARAM="parent_name" TYPE="LABEL"/>
			<INPUT LABEL="~" NAME="n_parent_code" PARAM="parent_code" TYPE="HIDDEN"/>
			<INPUT LABEL="Competency Code" NAME="newcompetence_code" PARAM="competence_code"  TYPE="LABEL"/>
			<INPUT LABEL="~" NAME="competence_code" PARAM="competence_code"  TYPE="HIDDEN"/>
			<INPUT LABEL="~" NAME="n_parent_code" PARAM="parent_code" TYPE="HIDDEN"/>
			<INPUT LABEL="~" NAME="maxpoint" PARAM="maxpoint" TYPE="HIDDEN"/>
			<INPUT LABEL="Competency Item" NAME="competence_name" PARAM="competence_name" TYPE="TEXT" REQUIRED="YES" MULTILANG="Yes" ERRMSG="Please Input Competency Name" MAXLEN="50"/>
			<INPUT LABEL="Fill In Competency Description" NAME="competence_desc" MULTILANG="Yes" PARAM="competence_desc" TYPE="MEMO" MAXLEN="500" COL="30" ROW="3"/>
			<INPUT LABEL="Competency Point Value" REQUIRED="YES" DEFAULT="1 To " NAME="pp" PARAM="pp" TYPE="LABEL" GROUP="pvalue" SIZE="2" MAXLEN="1"/>
			<INPUT LABEL="" NAME="newmaxpoint" PARAM="maxpoint" TYPE="SELECT" LISTSOURCE="CompetencyLibrary.referenceCompValue" GROUP="pvalue~" />
			<!-- <INPUT LABEL="~"  DEFAULT="maxpoint" NAME="newmaxpoint" PARAM="maxpoint" TYPE="LABEL" GROUP="pvalue~"/> -->
			<!--<INPUT LABEL="" NAME="newmaxpoint" PARAM="maxpoint" TYPE="SELECT" LISTSOURCE="CompetencyLibrary.referenceCompValue" GROUP="pvalue~" />-->
			<INPUT LABEL="Weight" NAME="weight" PARAM="weight" TYPE="TEXT" SIZE="5" />
			<!-- <INPUT LABEL="Setting Job Family Level" NAME="newisjfl" PARAM="isjfl" TYPE="CHECKBOX" OPTIONS="Y=Yes"/> -->
			<INPUT LABEL="~" NAME="baseon" PARAM="basedon" TYPE="HIDDEN" />
			<INPUT LABEL="Based On" NAME="isjfl" PARAM="isjfl" TYPE="RADIO" OPTIONS="Y=Job Family|N=Job Title" />
			<!-- <INPUT LABEL="Job Title" TYPE="FILTER" ERRMSG="Please Filter Work Location" 
				LISTSOURCE="CompetencyLibrary.filterJT" LISTMEMBER="CompetencyLibrary.getJTMember" ROW="15" MAXROW="50" PARAM="lstJobTitle" NAME="lstJobTitle"/> -->
			<!-- <INPUT LABEL="Dashboard Indicator" NAME="dash_indicator" PARAM="dash_indicator" TYPE="SCRIPT"  TEMPLATE="hrm.setting.performance.competencyLibrary.dashindicatorEdit&amp;competence_code=#competence_code#"/> -->
		</FIELDSET>
		<BUTTONLIST>
			<BUTTON TYPE="Cancel"></BUTTON>
			<BUTTON TYPE="Delete"></BUTTON>
			<BUTTON TYPE="Submit"></BUTTON>
		</BUTTONLIST>
		
		<SCRIPT FOR="FOOTER">
		    //<!--BUG51117-85691-->
		    $("input[id^='inp_competence_name_'], textarea[id^='inp_competence_desc_']").keyup(function(event){ RemoveChar(this); });
		    $("input[id^='inp_competence_name_'], textarea[id^='inp_competence_desc_']").change(function(){ RemoveChar(this); });
            function RemoveChar(obj){
        		var charToVali = obj.value;
                obj.value = charToVali.replace(/##/g,'');
            }
            //<!--/BUG51117-85691-->

		    function validateOther(){
		         if($('##inp_iscategory').val()=="N"){
    		         if ($('##inp_newmaxpoint').val() == ""){
    		           alert('[SFTEXT:JSPlease Choose Competence Point Value]');
    		            $('##inp_newmaxpoint').focus();
    		             return false;
    		         }
    		         return true;
		         }
		         return true; //BUG50115-34693
		    }

			document.getElementById('lbl_inp_pp').innerHTML  = '[SFTEXT:JSCompetence Point Value] &lt;span class=\"required\"&gt;*&lt;/span&gt;' ;
			var iscat = document.getElementById('inp_iscategory').value;
			var trIscat = document.getElementById('tr_inp_lbliscat');
			var trSelcat = document.getElementById('tr_inp_new_iscategory');
			var compvalue = document.getElementById('tr_inp_pp');
			var isjfl = document.getElementById('inp_isjfl').value;
			//var jfl = document.getElementById('tr_inp_newisjfl');
			//var basedon = document.getElementById('inp_baseon').value;
			//var indicator = document.getElementById('tr_inp_dash_indicator');
			var basedon = document.getElementById('tr_inp_isjfl');
			var weight = document.getElementById('tr_inp_weight');
			
			if(isjfl == 'Y')
			{
				document.frmCompetency.inp_isjfl[0].checked;
			}
			else
			{
				document.frmCompetency.inp_isjfl[1].checked;
			}
			
			if(iscat == 'Y')
			{
				//trIscat.style.display = ''
				$('##tr_inp_pp').hide();
				$('##tr_inp_weight').hide();
				$('##tr_inp_isjfl').hide();
				//trSelcat.style.display = 'none'	
				//jfl.style.display='none';BUG50115-34693
				//$('##tr_inp_lstJobTitle').hide(); BUG50115-34693
				//indicator.style.display='none'; BUG50115-34693
			}
			else
			{
				//trIscat.style.display = 'none'
				//trSelcat.style.display = ''	
				compvalue.style.display='';
				//indicator.style.display=''; BUG50115-34693
				//$('##tr_inp_lstJobTitle').show(); BUG50115-34693
			}
			
			function changeIsCategory(theCheck)
			{	
				if(theCheck=='Y')
				{
					compvalue.style.display = 'none'
					//jfl.style.display = 'none'
					document.getElementById('tr_inp_weight').style .display = 'none'
					document.getElementById('tr_inp_isjfl').style .display = 'none'
					//indicator.style.display='none';
					basedon.style.display='none';
					weight.style.display='none';
				}
				else
				{
					compvalue.style.display= ''
					//jfl.style.display = ''
					//indicator.style.display='';
					basedon.style.display='';
					weight.style.display='';
				}
			
			}
			
			//<!--TCK0718-194085-->
			function isCatForLabel(){
			    var iscat = $('[id=inp_iscategory]').val();
			    if(iscat == 'Y'){
			        $('[id^=lbl_inp_competence_name_]').html('[SFTEXT:Category] &lt;span class="required"&gt;*&lt;/span&gt;');
			    }
			}
			isCatForLabel();
		</SCRIPT>
	</SFFORM>
</SFPAGE>
<!-- parent_code competence_code competence_name iscategory-->



