<SFPAGE TITLE="Import" ACCESS="hrm.setting.performance.competency:read">
	<SFFORM DATASOURCE="" TITLE="Import" NAME="frmCompetencyLibrary"  ACTION="CompetencyLibrary.ImportLib" WIDTH="100%" HEIGHT="100%">
		<TOOLBAR TYPE="GRID">
			<BUTTON TYPE="Back" ACTION="?xfid=hrm.setting.performance.competency.tree" LINKTYPE="LINK"></BUTTON>
			<BUTTON TYPE="Reload"></BUTTON>
			<BUTTON TYPE="Help"></BUTTON>
		</TOOLBAR>
		<FIELDSET>
			<INPUT LABEL="-" TYPE="SCRIPT" NAME="containerImportCompetencyLibrary" TEMPLATE="hrm.setting.performance.competencylibrary.import"/>
		</FIELDSET>
	</SFFORM>
</SFPAGE>







