<SFPAGE TITLE="competencylibrary" ACCESS="hrm.setting.performance.competency:add">
   <SFFORM DATASOURCE="" TITLE="Job Family Matrix" ACTION="CompetencyLibrary.AddMatrix" NAME="frmMatrix" WIDTH="100%" HEIGHT="100%" SHOWWINDOW="NO">
      <TOOLBAR TYPE="GRID">
         <BUTTON TYPE="Add"></BUTTON>
         <BUTTON TYPE="Reload"></BUTTON>
         <BUTTON TYPE="Help"></BUTTON>
      </TOOLBAR>
         <FIELDSET LABEL="Competency Matrix">
            <INPUT LABEL="Matrix by" NAME="matrixby" PARAM="matrixby" TYPE="RADIO" OPTIONS="JF*=Job Family|JT=Job Title" ONCHANGE="getMatrix(this.value); setComp(this.value);"/>
            <!-- <INPUT LABEL="Job Family" NAME="jobfam" PARAM="jobfam" TYPE="SELECT" LISTSOURCE="CompetencyLibrary.refJobFam" REQUIRED="YES"/> -->
            <INPUT LABEL="Job Family" NAME="lstJobfam" PARAM="lstJobfam" TYPE="FILTER" ERRMSG="Please Select Job Family" LISTSOURCE="CompetencyLibrary.filterJobFamily" ROW="15" REQUIRED="YES"/>
            <INPUT LABEL="Job Title" TYPE="FILTER" ERRMSG="Please Select Job Title" LISTSOURCE="CompetencyLibrary.filterJobTitleMul" ROW="15" NAME="lstJobT" REQUIRED="YES"/>
            <INPUT LABEL="Competency Item" TYPE="FILTER" ERRMSG="Please Select Competence Item" LISTSOURCE="CompetencyLibrary.filterCompetenceItem" ROW="15" NAME="lstItem" REQUIRED="YES"/>
            <INPUT LABEL="Set Configuration With Excel" TYPE="CHECKBOX" NAME="setexcel" PARAM="setexcel"  ONCLICK="excelset()" />
            <INPUT LABEL="Display" NAME="btndisp" TYPE="BUTTON" SIZE="80" ONCLICK="this.blur;display()"/>
            <INPUT LABEL="~" TYPE="FILE" NAME="fileupload" ONCLICK="test();"/>
            <input LABEL="Download Template" NAME="btntemp" TYPE="BUTTON" SIZE="80" ONCLICK="templdown()"/>
            <INPUT LABEL="~" NAME="label_notif" PARAM="label_notif" DEFAULT="*Please do not change the order of the columns" TYPE="LABEL"/>
            <INPUT LABEL="~" NAME="cItem"  PARAM="cItem" TYPE="HIDDEN" default=" "/>
            <INPUT LABEL="~" NAME="jItem"  PARAM="jItem" TYPE="HIDDEN" default=" "/>
            <INPUT LABEL="~" NAME="jFams"  PARAM="jFams" TYPE="HIDDEN" default=" "/>
            <INPUT LABEL="~" TYPE="HIDDEN" NAME="is_exc" PARAM="is_exc" DEFAULT="no" />
            
         </FIELDSET>
         <FIELDSET LABEL="Detail">
            <INPUT TYPE="SCRIPT" LABEL="-" name="thetemplate" TEMPLATE="hrm.setting.performance.competencylibrary.jobfammatrix"/>
         </FIELDSET>
         <!--<FIELDSET LABEL="Upload" name="upl" id="upl">
            <INPUT TYPE="SCRIPT" LABEL="-" name="thetemplate2" TEMPLATE="hrm.setting.performance.competencylibrary.upload"/>
            <INPUT LABEL="~" TYPE="FILE" NAME="fileupload" />
         </FIELDSET>-->
         <BUTTONLIST>
            <BUTTON TYPE="Submit" LABEL="Submit"></BUTTON>
         </BUTTONLIST>
         <SCRIPT FOR="FOOTER">         
            document.getElementById("fset_2").style.display = 'none';
            document.getElementById("tr_inp_lstJobT").style.display = 'none';
            document.getElementById("inp_fileupload").style.display = 'none';
            document.getElementById("btn_btntemp").style.display = 'none';
            document.getElementById("tr_inp_label_notif").style.display = 'none';
            
            
            function test(){
               var totalItem = document.getElementById('selinp_lstItem').length;
               var listitem = '';
               if(document.frmMatrix.inp_matrixby[0].checked)
               {
                  var matrixby = 'JF';
               }
               else
               {
                  var matrixby = 'JT';
               }
               if(totalItem == 0)
               {
                  alert("Please Select at least 1 Competence Item to Display");
                  return false;
               }
               else
               {
                  for(i=0;i &lt;totalItem;i++)
                  {  
                     var lstComp = document.getElementById('selinp_lstItem')[i].value.split('~');
                     var compItems = lstComp[0];
                     var matby = lstComp[1];
                     if(i==0)
                     {
                        listCompetence = compItems
                     }                       
                     else
                     {
                        listCompetence = listCompetence +',' +compItems;
                     }
                  }
               }
               document.getElementById('inp_cItem').value = listCompetence;
               if(matrixby == 'JF')
               {
                  var totalJobFam = document.getElementById('selinp_lstJobfam').length;
                  if(totalJobFam == 0)
                  {
                     alert("Please Select at least 1 Job Family to Display");
                     return false;
                  }
                  else
                  {
                     for(j=0;j &lt;totalJobFam;j++)
                     {
                        if(j==0)
                        {
                           listJobfam = document.getElementById('selinp_lstJobfam')[j].value;
                        }                       
                        else
                        {
                           listJobfam = listJobfam +',' +document.getElementById('selinp_lstJobfam')[j].value;
                        }
                     }
                     document.getElementById('inp_jFams').value = listJobfam;
                     listitem = listJobfam;
                  }
               }
               else
               {
                  var totalJobTitle = document.getElementById('selinp_lstJobT').length;
                  if(totalJobTitle == 0)
                  {
                     alert("Please Select at least 1 Job Title to Display");
                     return false;
                  }
                  else
                  {
                     for(i=0;i &lt;totalJobTitle;i++)
                     {
                        if(i==0)
                        {
                           listJobTitle = document.getElementById('selinp_lstJobT')[i].value;
                        }                       
                        else
                        {
                           listJobTitle = listJobTitle +',' +document.getElementById('selinp_lstJobT')[i].value;
                        }
                     }
                  }
                  document.getElementById('inp_jItem').value = listJobTitle;
                  listitem = listJobTitle;
               }
            }
            
            function templdown(){
               var totalItem = document.getElementById('selinp_lstItem').length;
               var listitem = '';
               if(document.frmMatrix.inp_matrixby[0].checked)
               {
                  var matrixby = 'JF';
               }
               else
               {
                  var matrixby = 'JT';
               }
               if(totalItem == 0)
               {
                  alert("Please Select at least 1 Competence Item to Display");
                  return false;
               }
               else
               {
                  for(i=0;i &lt;totalItem;i++)
                  {  
                     var lstComp = document.getElementById('selinp_lstItem')[i].value.split('~');
                     var compItems = lstComp[0];
                     var matby = lstComp[1];
                     if(i==0)
                     {
                        listCompetence = compItems
                     }                       
                     else
                     {
                        listCompetence = listCompetence +',' +compItems;
                     }
                  }
               }
               document.getElementById('inp_cItem').value = listCompetence;
               if(matrixby == 'JF')
               {
                  var totalJobFam = document.getElementById('selinp_lstJobfam').length;
                  if(totalJobFam == 0)
                  {
                     alert("Please Select at least 1 Job Family to Display");
                     return false;
                  }
                  else
                  {
                     for(j=0;j &lt;totalJobFam;j++)
                     {
                        if(j==0)
                        {
                           listJobfam = document.getElementById('selinp_lstJobfam')[j].value;
                        }                       
                        else
                        {
                           listJobfam = listJobfam +',' +document.getElementById('selinp_lstJobfam')[j].value;
                        }
                     }
                     document.getElementById('inp_jFams').value = listJobfam;
                     listitem = listJobfam;
                  }
               }
               else
               {
                  var totalJobTitle = document.getElementById('selinp_lstJobT').length;
                  if(totalJobTitle == 0)
                  {
                     alert("Please Select at least 1 Job Title to Display");
                     return false;
                  }
                  else
                  {
                     for(i=0;i &lt;totalJobTitle;i++)
                     {
                        if(i==0)
                        {
                           listJobTitle = document.getElementById('selinp_lstJobT')[i].value;
                        }                       
                        else
                        {
                           listJobTitle = listJobTitle +',' +document.getElementById('selinp_lstJobT')[i].value;
                        }
                     }
                  }
                  document.getElementById('inp_jItem').value = listJobTitle;
                  listitem = listJobTitle;
               }
               // document.location="index.cfm?sfid=hrm.setting.performance.competencylibrary.exportmatrixtoexcel&amp;matrixby="+matrixby+"&amp;listitem="+listitem+"&amp;listcomp="+listCompetence;
               
                 var tempSLink = '?sfid=hrm.setting.performance.competencylibrary.exportmatrixtoexcel';
                 getAJAXContent(tempSLink,null,null,null,$sf("frmMatrix"));
                    
            }
            
            
            function excelset(){
               if(document.getElementById("inp_setexcel").checked == true){
                  document.getElementById("inp_fileupload").style.display = '';
                  document.getElementById("btn_btntemp").style.display = '';
                  document.getElementById("btn_btndisp").style.display = 'none';
                  document.getElementById("fset_2").style.display = 'none';
                  
                  document.getElementById("tr_inp_label_notif").style.display = '';
                  
                  /* BUG50318-90039 */
                     $('[id=frmMatrix]').attr('enctype','multipart/form-data');
                  /* END BUG50318-90039 */
                  
                  
               }
               else{
                  document.getElementById("inp_fileupload").style.display = 'none';
                  document.getElementById("btn_btntemp").style.display = 'none';
                  document.getElementById("btn_btndisp").style.display = '';
                 document.getElementById("tr_inp_label_notif").style.display = 'none';
               }
               
               document.getElementById('inp_is_exc').value = document.getElementById('inp_setexcel').checked == true ? 'yes' : 'no' ;
            }
            
            
            function setComp(selMatrix){
               searchFilter(null,'?ofid=CompetencyLibrary.filterCompetenceItem&amp;matrixby='+selMatrix,$sf('inp_lstItem'),rowperfilter);
               //searchFilter(null,'?ofid=CompetenceLibrary.filterCompetenceItem','inp_lstItem',10000);
               document.getElementById('selinp_lstItem').options.length = null;
            }
            setComp('JF');
            
            function reloadCompetence()
            {
               var matrix = $sf('inp_matrixby').value;
               var url = "?ofid=CompetencyLibrary.filterCompetenceItem&amp;search=&amp;nrow="+rowperfilter+"&amp;matrixby="+matrix;
               getAJAXContent(url,'spAjax',false);
            }
            
            if(document.frmMatrix.inp_matrixby[0].checked)
            {
               document.getElementById("tr_inp_lstJobT").style.display = 'none';
               document.getElementById("tr_inp_lstJobfam").style.display ='';
            }
            
            function getMatrix(selMatrix)
            {
               if(selMatrix == 'JF')
               {
                  document.getElementById("tr_inp_lstJobT").style.display = 'none';
                  //document.getElementById("tr_inp_jobfam").style.display ='';
                  document.getElementById("tr_inp_lstJobfam").style.display ='';
                  
               }
               else
               {
                  document.getElementById("tr_inp_lstJobT").style.display = '';
                  //document.getElementById("tr_inp_jobfam").style.display = 'none';
                  document.getElementById("tr_inp_lstJobfam").style.display ='none';
               }
            }
            
            function display()
            {
               //var jobfam = document.getElementById('inp_jobfam').value;
                var totalItem = document.getElementById('selinp_lstItem').length;
               if(document.frmMatrix.inp_matrixby[0].checked)
               {
                  var matrixby = 'JF';
               }
               else
               {
                  var matrixby = 'JT';
               }
               
               if(totalItem == 0)
               {
                  alert("Please Select at least 1 Competence Item to Display");
                  return false;
               }
               else
               {
                  for(i=0;i &lt;totalItem;i++)
                  {  
                     var lstComp = document.getElementById('selinp_lstItem')[i].value.split('~');
                     var compItems = lstComp[0];
                     var matby = lstComp[1];
                     if(i==0)
                     {
                        listCompetence = compItems
                     }                       
                     else
                     {
                        listCompetence = listCompetence +',' +compItems;
                     }
                  }
               }
               
               document.getElementById('inp_cItem').value = listCompetence;
               if(matrixby == 'JF')
               {
                  var totalJobFam = document.getElementById('selinp_lstJobfam').length;
                  if(totalJobFam == 0)
                  {
                     alert("Please Select at least 1 Job Family to Display");
                     return false;
                  }
                  else
                  {
                     for(j=0;j &lt;totalJobFam;j++)
                     {
                        if(j==0)
                        {
                           listJobfam = document.getElementById('selinp_lstJobfam')[j].value;
                        }                       
                        else
                        {
                           listJobfam = listJobfam +',' +document.getElementById('selinp_lstJobfam')[j].value;
                        }
                     }
                     document.getElementById('inp_jFams').value = listJobfam;
                     document.getElementById("fset_2").style.display = '';
                     // getAJAXContent("?sfid=hrm.setting.performance.competencylibrary.jobfammatrix&amp;matrixby="+matrixby+"&amp;cItem="+listCompetence+"&amp;jItem="+listJobfam+"&amp;jFams="+listJobfam,$sf("jobFamily"));
                     
                     $('[id=frmMatrix]').removeAttr('enctype');
                     $('[id=frmMatrix]').removeAttr('data-enctype');
                     getAJAXContent("?sfid=hrm.setting.performance.competencylibrary.jobfammatrix&amp;matrixby="+matrixby,$sf("inp_thetemplate"),null,null,$sf("frmMatrix"));
                     $('[id=frmMatrix]').attr('enctype','multipart/form-data');
                     $('[id=frmMatrix]').attr('data-enctype','multipart/form-data');
                  }
               }
               else
               {
                  var totalJobTitle = document.getElementById('selinp_lstJobT').length;
                  if(totalJobTitle == 0)
                  {
                     alert("Please Select at least 1 Job Title to Display");
                     return false;
                  }
                  else
                  {
                     for(i=0;i &lt;totalJobTitle;i++)
                     {
                        if(i==0)
                        {
                           listJobTitle = document.getElementById('selinp_lstJobT')[i].value;
                        }                       
                        else
                        {
                           listJobTitle = listJobTitle +',' +document.getElementById('selinp_lstJobT')[i].value;
                        }
                     }
                  }
                  document.getElementById("fset_2").style.display = '';
                  document.getElementById('inp_jItem').value = listJobTitle;
                  
                  //getAJAXContent("?sfid=hrm.setting.performance.competencylibrary.jobfammatrix&amp;matrixby="+matrixby+"&amp;cItem="+listCompetence+"&amp;jItem="+listJobTitle+"&amp;jFams="+listJobTitle,$sf("jobFamily"));
                  
                  $('[id=frmMatrix]').removeAttr('enctype');
                  $('[id=frmMatrix]').removeAttr('data-enctype');
                  getAJAXContent("?sfid=hrm.setting.performance.competencylibrary.jobfammatrix&amp;matrixby="+matrixby,$sf("inp_thetemplate"),null,null,$sf("frmMatrix"),null);
                  $('[id=frmMatrix]').attr('enctype','multipart/form-data');
                  $('[id=frmMatrix]').attr('data-enctype','multipart/form-data');
               }
            }
            

            // Progressbar upload
            $(document).ready(function(){
               var sLink = "?ofid=CompetencyLibrary.AddMatrix";
               $("##frmPerfEvalUpload").append("&lt;iframe name='frameUpload' id='frameUpload' style='display:none' scr='"+sLink+"'&gt;&lt;/iframe&gt;");
               $("head").append("&lt;link rel='stylesheet' type='text/css' href='?rcid=css/progressbar/progress.css'&gt;");
               $("body").append("&lt;div class='divProgressBarBlock' id='divProgressBarBlock'&gt;&lt;/div&gt;");
               $("##divProgressBarBlock").append("&lt;div class='pie_progress' id='pie_progress'&gt;"+
                       "&lt;div class='divTitle' id='divTitle'&gt;Competency Matrix Upload&lt;/div&gt;"+  
                       "&lt;div class='divPercentage' id='divPercentage'&gt;0%&lt;/div&gt;"+
                       "&lt;div class='divLoadingBar' id='divLoadingBar' style='background-color: grey;' &gt;&amp;nbsp;&lt;/div&gt;"+
                       "&lt;div class='divRemainingtime' id='divRemainingtime'&gt;&lt;/div&gt;"+
                       "&lt;div class='divElapsedtime' id='divElapsedtime'&gt;&lt;/div&gt;"+
                       "&lt;div class='divLog' id='divLog' style='overflow:auto;height:200px;display:none'&gt;&lt;/div&gt;"+
                       "&lt;div class='divDetail' id='divDetail' &gt;  "+
                        "&lt;input type='button' value='view' style='display:none;' name='btnviewall' id='btnviewall' onclick='viewall(1);' &gt; &lt;input type='button' value='hide' style='display:none;' name='btnhideall' id='btnhideall' onclick='viewall(2);' &gt; &lt;/div&gt;"+
                       "&lt;div class='divProcessDetail' id='divProcessDetail' style='display:none;' &gt;&lt;table class='tblProcessDetail' id='tblProcessDetail'&gt;"+
                       "&lt;/table&gt; &lt;table border='1' cellpadding='0' cellspacing='0' class='tblProcessDetailAll' width='100%' style='display:none;' id='tblProcessDetailAll' &gt; &lt;/table&gt; &lt;/div&gt;"+
                       "&lt;table class='prg_footer' cellpadding='0' cellspacing='0' &gt;&lt;tr&gt;&lt;td id='error'&gt;&lt;/td&gt;&lt;td&gt;&lt;div class='divClose' id='divClose'&gt;  &lt;/div&gt;&lt;/td&gt;&lt;/tr&gt;&lt;tr&gt;&lt;td colspan='2'&gt;&lt;div class='errorlog' id='errorlog'&gt;&lt;/div&gt;&lt;/td&gt;&lt;/tr&gt;&lt;/table&gt;"+ 
                     "&lt;/div&gt;");
            });
         
            var listemp = "";
            var no=1;
            var starttime = "";
            var elapsedtimer = "";
            var remainingtime = "";
            var errorcount = 0;
            var starttime = new Date();
            var tempcreate = 1;
    
            function loadXMLString(txt){
               if (window.DOMParser)
               {
                  parser=new DOMParser();
                  xmlDoc=parser.parseFromString(txt,"text/xml");
               }
               else // code for IE
               {
                  xmlDoc=new ActiveXObject("Microsoft.XMLDOM");
                  xmlDoc.async=false;
                  xmlDoc.loadXML(txt);
               }
               return xmlDoc;
            }
            
            function createDisplayErrorMessage(){
				
               $("##divBlockSpace").hide();
               $("##divPopup").hide();
               $("##divPopup img").hide();
               $("##errorlog").append("&lt;table id='tabledetail'  width='100%' cellpadding='0' cellspacing='0' &gt; &lt;tr&gt; &lt;td style='border:1px solid grey'  width='25%' align='center'  &gt;&lt;B&gt; ROW &lt;/B&gt; &lt;/td&gt;"+
               "&lt;td style='border:1px solid grey' align='center'  width='30%' &gt;&lt;B&gt;REASON&lt;/B&gt; &lt;/td&gt;"+
               "&lt;/tr&gt; &lt;/table&gt;"); 
			 
			    
               tempcreate = 0;
               return true;
            }   
            function countelapsed(){
               $(".divProgressBarBlock").show();
               var seconds = 1000;
               var minutes = seconds * 60;
               var hours = minutes * 60;
               var currenttime = new Date();
               var elapsedtime = currenttime.getTime() - starttime.getTime();
               var second = Math.floor(elapsedtime / seconds) % 60;
               var minute = Math.floor(elapsedtime / minutes) % 60;
               var hour = Math.floor(elapsedtime / hours);
               document.getElementById("divElapsedtime").innerHTML = "";
               if(hour &gt; 0){
                  document.getElementById("divElapsedtime").innerHTML += hour+" hour ";
               }
               if(minute  &gt; 0){
                  document.getElementById("divElapsedtime").innerHTML += minute+" minute ";
               }
               document.getElementById("divElapsedtime").innerHTML += second+" s ";
            }
            
            function dispProgressBar(total,current){
               var seconds = 1000;
               var minutes = seconds * 60;
               var hours = minutes * 60;
               var currenttime = new Date();
               var elapsetime = currenttime.getTime() - starttime.getTime();
               remainingtime = elapsetime*total/current - elapsetime;
               var second = Math.floor(remainingtime / seconds) % 60;
               var minute = Math.floor(remainingtime / minutes) % 60;
               var hour = Math.floor(remainingtime / hours);
               var percentage = Math.round(current/total*100);
               document.getElementById("divPercentage").innerHTML = current + " of " + total + " (" +percentage+"%)";
               document.getElementById("divLoadingBar").style.background = "url('#Application.PATH.LIB#/skins/def/images/misc/loadingbar.gif')";
               document.getElementById("divLoadingBar").style.width = Math.max(1,percentage)+"%";
               document.getElementById("divRemainingtime").innerHTML = "Estimated Time Left : ";
               if(current == 0){
                  document.getElementById("divRemainingtime").innerHTML += "Unknown";
               }
               else{
                  if(hour &gt; 0){
                     document.getElementById("divRemainingtime").innerHTML += hour+" hour ";
                  }
                  if(minute  &gt; 0){
                     document.getElementById("divRemainingtime").innerHTML += minute+" minute ";
                  }
                  if(remainingtime  &lt; 60000){
                     document.getElementById("divRemainingtime").innerHTML += second+" s ";
                  }
               }
            }
            
            function hidetemp(){
				
                if(parent.divBlock){
                    parent.divBlock.style.display="none";
                    parent.divBlockSpace.style.display="none";
                }
            }
            
            function closebar(){
               clearInterval(elapsedtimer);
               $(".divProgressBarBlock").hide();
               $("##error").html("");
               $("##errorlog").html("").hide();
              
               refreshPage();
            }
            
            function showProgressBar(NILAI,TRANS_ID,del_prev){
		
               if(document.frmMatrix.inp_matrixby[0].checked)
               {
                  var matrixby = 'JF';
               }
               else
               {
                  var matrixby = 'JT';
               }
               
                // var dataAllPst = $('[id=frmMatrix]').serializeArray();
				var dataAllPst = {
                    process: "yes",
                    TRANS_ID: TRANS_ID,
                    del_prev:del_prev,
					
                    matrixby : matrixby,
                    jItem : $('[id=inp_jItem]').val(),
                    jFams : $('[id=inp_jFams]').val(),
                    is_exc : $('[id=inp_is_exc]').val(),
                    cItem : $('[id=inp_cItem]').val(),
                    
                };

                $(".divProgressBarBlock").show();
				
				
				$.post(sLink, {
        		    process: "yes",
                    TRANS_ID: TRANS_ID,
                    del_prev:del_prev,
                    matrixby : matrixby,
                    jItem : $('[id=inp_jItem]').val(),
                    jFams : $('[id=inp_jFams]').val(),
                    is_exc : $('[id=inp_is_exc]').val(),
                    cItem : $('[id=inp_cItem]').val()
        		}).done(function(msg){
                       result = msg.trim(); 
                       xmlDoc=loadXMLString(result);  
                       var currentrow = xmlDoc.getElementsByTagName("ROWSEKARANG")[0].childNodes[0].nodeValue;
                       var del_prev = xmlDoc.getElementsByTagName("DEL_PREV")[0].childNodes[0].nodeValue;
                       var lastrow = xmlDoc.getElementsByTagName("NILAI")[0].childNodes[0].nodeValue;
					  
                       if(typeof xmlDoc.getElementsByTagName("ERROR") != 'undefined'){
						 
                          if (tempcreate == 1){
							  createDisplayErrorMessage();
                          }
                               var listLog = xmlDoc.getElementsByTagName("ERROR");
               
                            for(idx=0;idx&lt;listLog.length;idx++){
                              var no=no+idx ; 
                              $("##tabledetail").append("&lt;tr&gt; &lt;td width='25%' style='border:1px solid grey'&gt;"+xmlDoc.getElementsByTagName("ROW")[idx].childNodes[0].nodeValue+ "&lt;/td&gt;"+
                              "&lt;td style='border:1px solid grey' width='30%' &gt;"+xmlDoc.getElementsByTagName("REASON")[idx].childNodes[0].nodeValue+ "&lt;/td&gt; &lt;/tr&gt;");
                           }
                           
                           if(listLog.length){
                              errorcount = errorcount + listLog.length;
                              var x = document.createElement("A");
                              x.href="##";
                              x.className = "displayError";
                              x.innerHTML = "Show Error ("+errorcount+")";
                              $("##error").html(x);
                              $(".displayError").click(function(){
                                 $("##errorlog").toggle();
                              });
                           }
						    
                      }
					 
                   
                        if(eval(currentrow) &lt; eval(lastrow)){ 
                           countelapsed();
                           dispProgressBar(lastrow,currentrow);
                           showProgressBar(NILAI,TRANS_ID,0);
                        }
                  
                        if(eval(currentrow) &gt;= eval(lastrow)){ 
                           dispProgressBar(lastrow,currentrow);
                           if(listLog.length || errorcount &gt; 0){
                              alert('Process Complete with Exception');
                              document.getElementById("divClose").innerHTML = "&lt;input type='button' value='close' name='btnclose' onclick='closebar();' &gt; ";
                              //document.getElementById("divPopup").innerHTML = "";
							   top.innerClose();
                             
                              setTimeout("hidetemp()",(bwtype.toLowerCase()=="ie"?1000:1000));
						
							  
								
                           }
                           else{
                              alert('Process Complete');
                              closebar();
                           }
                           
                        }
						
						
                     });
					 
				 
            }
            
         </SCRIPT>
   </SFFORM>
</SFPAGE>




