<SFPAGE TITLE="Job Title Matrix" ACCESS="hrm.setting.performance.competency:edit">
	<SFFORM TITLE="Job Title Matrix" DATASOURCE="CompetencyLibrary.viewJobTitle" ACTION="CompetencyLibrary.AddMatrix" NAME="frmJobTitle2" WIDTH="100%" HEIGHT="100%" passing="jfgrade_code,jobfam,cItem,jfl_code,matrix,jfl_name">
		<TOOLBAR>
			<BUTTON TYPE="Help"></BUTTON>
			<BUTTON TYPE="Close"></BUTTON>
		</TOOLBAR>
		<FIELDSET LABEL="Job Title Matrix">
			<INPUT LABEL="Job Family Level" TYPE="LABEL" NAME="jfl_code" PARAM="jfl_name"/> 
			<INPUT LABEL="Job Family" TYPE="LABEL" NAME="jobfam" PARAM="jobfam"/> 
			<!-- diganti filter <INPUT LABEL="Job Title" NAME="jobT" PARAM="jobT" TYPE="SELECT" LISTSOURCE="CompetencyLibrary.refJobTitle" REQUIRED="YES" ERRMSG="Please Select Job Title"/>  -->
			<INPUT LABEL="Job Title" TYPE="FILTER" ERRMSG="Please Select Job Title" LISTSOURCE="CompetencyLibrary.filterJobTitle" ROW="15" MAXROW="50" NAME="lstItem" REQUIRED="YES"/>
			<!-- <INPUT LABEL="Job Family Grade" TYPE="LABEL" NAME="jfgrade_code" PARAM="jfgrade_code"/> -->
			<INPUT LABEL="Competency Item" NAME="competencyItem" TYPE="SCRIPT" TEMPLATE="hrm.setting.performance.competencylibrary.compitem?&amp;cItem=#cItem#"/>
			<INPUT LABEL="~" NAME="Jtem" PARAM="Jtem" TYPE="HIDDEN" default=" "/>
			<INPUT LABEL="~" NAME="compItem" PARAM="compItem" TYPE="HIDDEN" default=" "/>
			<INPUT LABEL="~" NAME="matrixby" PARAM="matrixby" TYPE="HIDDEN" default=" "/>
			
			<INPUT LABEL="~" NAME="jfl" PARAM="jfl_code" TYPE="HIDDEN"/>
			<INPUT LABEL="Display" TYPE="BUTTON" SIZE="80" ONCLICK="this.blur;display()"/>
		</FIELDSET>
		<FIELDSET LABEL="Detail">
			<INPUT TYPE="SCRIPT" LABEL="-" name="thetemplate1" TEMPLATE="hrm.setting.performance.competencylibrary.jobtitle"/>
		</FIELDSET>
		<BUTTONLIST>
			<BUTTON TYPE="Submit" LABEL="Submit"></BUTTON>
		</BUTTONLIST>
		<SCRIPT FOR="FOOTER">
			
			document.getElementById("fset_2").style.display = 'none';
			function display()
			{
				//var jTitle = document.getElementById('inp_jobT').value;
				var cItem = document.getElementById('inp_compItem').value;
				var totalItem = document.getElementById('selinp_lstItem').length;
				
				if(totalItem == 0)
					{
						alert("Please Select at least 1 Competence Item to Display");
						return false;
					}
					else
					{
						for(i=0;i &lt;totalItem;i++)
						{
							if(i==0)
							{
								listJobT = document.getElementById('selinp_lstItem')[i].value;
							}								
							else
							{
								listJobT = listJobT +',' +document.getElementById('selinp_lstItem')[i].value;
							}
						}
					}
					
					document.getElementById("fset_2").style.display = '';
					document.getElementById('inp_Jtem').value = listJobT;
					getAJAXContent("?sfid=hrm.setting.performance.competencylibrary.jobtitle&amp;flag=1",$sf("jobTitle"),null,null,$sf("frmJobTitle2"),null);

			}
		</SCRIPT>
		
	</SFFORM>
</SFPAGE>

