<SFPAGE TITLE="Competency Library" ACCESS="hrm.setting.performance.competency:read">
	<SFGRID DATASOURCE="CompetencyLibrary" TITLE="Competency Library" FORM="frmCompetencyLibrary">
		<TOOLBAR>
			<BUTTON TYPE="Add"></BUTTON>
			<BUTTON TYPE="Reload"></BUTTON>
			<BUTTON TYPE="Help"></BUTTON>
		</TOOLBAR>
		<COLUMN TITLE="Competency Code" FIELD="competency_code" LINK="hrm.setting.performance.competency.edit?competency_code=[competency_code]" LINKTYPE="INNERPOP"></COLUMN>
		<COLUMN TITLE="Competency Name" FIELD="competency_name_en"></COLUMN>
		<!--<COLUMN TITLE="status" FIELD="status" LOOKUP="0=Inactive|1=Active" LOOKUPICON="0=inactive.png|1=tick.png"></COLUMN>-->
	</SFGRID>
</SFPAGE>
