<SFPAGE TITLE="Display Order" ACCESS="hrm.setting.performance.competency:edit">
	<SFFORM TITLE="Display Order" NAME="frmCompetencyLibrary" ACTION="?ofid=CompetencyLibrary.saveOrdinal" WIDTH="600" HEIGHT="500">
		<TOOLBAR>
			<BUTTON TYPE="Reload"></BUTTON>
			<BUTTON TYPE="Help"></BUTTON>
			<BUTTON TYPE="Close"></BUTTON>
		</TOOLBAR>
		<ORDINAL LABEL="Edit Performance Competency Library Order" 
				NAME="CompetencyLibraryOrder" 
				DATASOURCE="CompetencyLibrary" 
				PASSING="competence_code=#url.competence_code#"
			/>
		<BUTTONLIST>
			<BUTTON TYPE="Submit" ACTION=""></BUTTON>
		</BUTTONLIST>
		<SCRIPT FOR="FOOTER">
			function onInit(){
				//init setting, set table width
				if($sf("divForm").childNodes[0]!=null [AND] $sf("divForm").childNodes[0].tagName.toLowerCase()=="table"){
					$sf("divForm").childNodes[0].style.width="100%";
				}
			}
			onInit();
		</SCRIPT>
	</SFFORM>
</SFPAGE>
