<SFPAGE TITLE="competencylibrary" ACCESS="hrm.setting.performance.competency:read">
	<SFFORM TITLE="Competency Library" DATASOURCE="" GROUPFIELD="" ACTION="" NAME="frmCompetency" WIDTH="100%" HEIGHT="100%">
		<TOOLBAR TYPE="GRID">
			<BUTTON TYPE="Reload"></BUTTON>
			<BUTTON TYPE="Help"></BUTTON>
		</TOOLBAR>
		<TABPAGE WIDTH="1000" HEIGHT="600">
			<TABROW>
				<TAB LABEL="Competency" PAGELINK="hrm.setting.performance.competency.tree"></TAB>
				<TAB LABEL="Competency Matrix" PAGELINK="hrm.setting.performance.competency.jobfammatrix"></TAB>
			</TABROW>
		</TABPAGE>
	</SFFORM>
</SFPAGE>
<!-- pagelink: hrm.setting.performance.competency.tree 
<TAB LABEL="Job Family Matrix" PAGELINK="hrm.setting.performance.competency.jobfammatrix"></TAB>

				</TAB>-->