<SFPAGE TITLE="competencylibrary" ACCESS="hrm.setting.performance.competency:read">
	<SFFORM DATASOURCE="" TITLE="Competency Library" NAME="frmCompetencyLibrary" WIDTH="100%" HEIGHT="100%">
		<TOOLBAR TYPE="GRID">
			<BUTTON TIP="Import" ICON="upload.png" ACTION="?xfid=hrm.setting.performance.competency.import" LINKTYPE="LINK"></BUTTON>
			<BUTTON TYPE="Add"></BUTTON>
			<BUTTON TYPE="Reload"></BUTTON>
			<BUTTON TYPE="Help"></BUTTON>
		</TOOLBAR>
		<FIELDSET LABEL="Competency Library">
			<INPUT LABEL="-" TYPE="SCRIPT" NAME="viewCompetencyLibrary" TEMPLATE="?ofid=CompetencyLibrary.Tree"/>
		
		</FIELDSET>
	</SFFORM>
</SFPAGE>




