<SFPAGE TITLE="Add Competency Item" ACCESS="hrm.setting.performance.kpi:delete">
    <SFFORM TITLE="Competency Library Upload" DATASOURCE="" ACTION="CompetencyLibrary.Upload" NAME="frmCompetencyLibraryUpload" HEIGHT="100%" WIDTH="100%">
        <TOOLBAR TYPE="GRID">
			<BUTTON TYPE="Back"></BUTTON>
			<BUTTON TYPE="Reload"></BUTTON>
			<BUTTON TYPE="Help"></BUTTON>
		</TOOLBAR>
		<FIELDSET LABEL="Competency Library Upload">
				<INPUT LABEL="Update existing data" NAME="is_edit" PARAM="is_edit" TYPE="CHECKBOX" OPTIONS="1=Yes" />
				<INPUT LABEL="Download Template" PARAM="template_competencylib" TYPE="SCRIPT" TEMPLATE="hrm.setting.performance.competencylibrary.linkdownloadtemplateforupload"/>
				<INPUT LABEL="Upload Excel File" NAME="fileupload" REQUIRED="YES" TYPE="FILE"/>
		</FIELDSET>
		<BUTTONLIST>
			<BUTTON TYPE="Submit"></BUTTON>
		</BUTTONLIST>
    </SFFORM>
</SFPAGE>







