<SFPAGE TITLE="Add" ACCESS="hrm.performance.successionplan:add">
	<SFFORM TITLE="Add" DATASOURCE="" ACTION="" NAME="frmAddSuccessionPlan" WIDTH="700" HEIGHT="400" >
		<SCRIPT>
		</SCRIPT>
		<TOOLBAR>
			<BUTTON TYPE="Help"></BUTTON>
			<BUTTON TYPE="Close"></BUTTON>
		</TOOLBAR>
		<FIELDSET>
		<INPUT LABEL="Add Position" NAME="positionid" PARAM="positionid" TYPE="SUGGEST" LISTMANDATORY="YES" LISTSOURCE="PerformanceSuccessionPlan.TipPositionCode" REQUIRED="YES" ERRMSG="Please choose valid Position"/>
		</FIELDSET>
		<BUTTONLIST>
			<BUTTON TYPE="Cancel"></BUTTON>
			<BUTTON TYPE="Submit"></BUTTON>
		</BUTTONLIST>
			
		<SCRIPT FOR="FOOTER">
            function validateOther(){
                var positionid = $sf('hdn_positionid').value; 
                loadTemplate("?xfid=hrm.performance.successionplan.tree&amp;posid="+positionid+"&amp;succode=DEFAULT&amp;empid=&amp;prevposid=");
                ismodif=false;
                popClose();
            }
	  	</SCRIPT>
		
	</SFFORM>
</SFPAGE>
