<SFPAGE TITLE="successionplan" ACCESS="hrm.performance.successionplan:read">
	<SFFORM TITLE="Evaluation History" ACTION="" NAME="frmEmpPerformance" WIDTH="100%" HEIGHT="100%">
		<TOOLBAR>

		</TOOLBAR>
		<FIELDSET LABEL="Evaluation History">
            <INPUT LABEL="-" NAME="outputech" PARAM="temp" TYPE="SCRIPT" TEMPLATE="hrm.performance.successionplan.empperformance&amp;empid=#empid#"/>
        </FIELDSET>
		<BUTTONLIST>
			<BUTTON TYPE="Cancel"></BUTTON>
		</BUTTONLIST>
	</SFFORM>
</SFPAGE>
