<SFPAGE TITLE="successionplan" ACCESS="hrm.performance.successionplan:delete">
	<SFFORM TITLE="Search Successor" DATASOURCE="PerformanceSuccessionPlan.viewSuccessor" ACTION="PerformanceSuccessionPlan.Save" NAME="frmfiltersuccessor" WIDTH="850" HEIGHT="550">
		<SCRIPT>
		</SCRIPT>
		<TOOLBAR>
			<BUTTON TYPE="Help"></BUTTON>
			<BUTTON TYPE="Close"></BUTTON>
		</TOOLBAR>
		<FIELDSET>
			<INPUT LABEL="Name" NAME="succession_name" PARAM="succession_name" TYPE="SUGGEST" LISTSOURCE="PerformanceSuccessionPlan.filterSuccessionParameter" REQUIRED="YES" ONBLUR="loadFilterForm();" ERRMSG="Please Select Succession Parameter" LISTMANDATORY="YES"/>
		</FIELDSET>
		<FIELDSET LABEL="Successor Filter">
			<INPUT LABEL="Maximum Displayed" NAME="maxdisplay" PARAM="maxdisplay" TYPE="NUMERIC" MAXLEN="10" SIZE="5" REQUIRED="YES" ONKEYPRESS="return isNumberKey(event);" />
			<INPUT LABEL="Within Same Job Family" NAME="samejobfamily" PARAM="samejobfamily" TYPE="CHECKBOX" OPTIONS="Y=Yes"/>
			<INPUT LABEL="Job Family Level" NAME="samejobfamilylevel" PARAM="samejobfamilylevel" TYPE="CHECKBOX" OPTIONS="Y=Same Level" GROUP="jfl"/>
			<INPUT LABEL="or" NAME="lowerjobfamilylevel" PARAM="lowerjobfamilylevel" TYPE="SELECT" OPTIONS="1=1|2=2|3=3|4=4|5=5" TRAILTEXT="Lower Level" GROUP="jfl~"/>
			<INPUT LABEL="Grade Range" NAME="gradefrom" PARAM="gradefrom" TYPE="SELECT" LISTSOURCE="PerformanceSuccessionParam.refJobGrade" GROUP="grd"/>
			<INPUT LABEL="-" NAME="gradeto" PARAM="gradeto" TYPE="SELECT" LISTSOURCE="PerformanceSuccessionParam.refJobGrade" GROUP="grd~"/>
			<INPUT LABEL="Minimum Competency Match" NAME="mincompmatchpercent" PARAM="mincompmatchpercent" TYPE="NUMERIC" MAXLEN="3" SIZE="5" GROUP="tiga"/>
			<INPUT LABEL="~" TYPE="LABEL" PARAM="lblkosong" DEFAULT="%" GROUP="tiga~"/>
			<INPUT LABEL="~" NAME="exactcompmatch" PARAM="exactcompmatch" TYPE="CHECKBOX" OPTIONS="Y=over qualified counts against the score" GROUP="tiga~"/>
			<INPUT LABEL="Minimum Performance Achievement" NAME="minperformancepercent" PARAM="minperformancepercent" TYPE="NUMERIC" MAXLEN="3" SIZE="5" GROUP="empat"/>
			<INPUT LABEL="~" TYPE="LABEL" PARAM="lblkosong" DEFAULT="%" GROUP="empat~"/>
			<INPUT LABEL="Minimum Readiness" NAME="minreadiness" PARAM="minreadiness" TYPE="RADIO" OPTIONS="1=Low|2=Medium|3=High"/>
			<INPUT LABEL="Maximum Risk of Leaving" NAME="maxriskofleaving" PARAM="maxriskofleaving" TYPE="RADIO" OPTIONS="1=Low|2=Medium|3=High"/>
			<INPUT LABEL="Maximum Impact of Leaving" NAME="maximpactofleaving" PARAM="maximpactofleaving" TYPE="RADIO" OPTIONS="1=Low|2=Medium|3=High"/>
		</FIELDSET>
		<FIELDSET LABEL="Parameter Weight">
			<INPUT LABEL="Competency Match" NAME="lblcompmatch" PARAM="compmatch" TYPE="LABEL" DEFAULT="0" MAXLEN="10" SIZE="5" GROUP="barissatu"/>
			<INPUT LABEL="Position Readiness" NAME="lblreadiness" PARAM="readiness" TYPE="LABEL" DEFAULT="0" MAXLEN="10" SIZE="5" GROUP="barissatu~" NEWCELL="yes"/>
			<INPUT LABEL="Performance Achievement" NAME="lblperformance" PARAM="performance" TYPE="LABEL" DEFAULT="0" MAXLEN="10" SIZE="5" GROUP="barisdua"/>
			<INPUT LABEL="Risk of Leaving" NAME="lblriskofleaving" PARAM="riskofleaving" TYPE="LABEL" DEFAULT="0" MAXLEN="10" SIZE="5" GROUP="barisdua~" NEWCELL="yes"/>
			<INPUT LABEL="Job Grade Position Match" NAME="lblgradematch" PARAM="gradematch" TYPE="LABEL" DEFAULT="0" MAXLEN="10" SIZE="5" GROUP="baristiga"/>
			<INPUT LABEL="Impact Of Leaving" NAME="lblimpactofleaving" PARAM="impactofleaving" TYPE="LABEL" DEFAULT="0" MAXLEN="10" SIZE="5" GROUP="baristiga~" NEWCELL="yes"/>
			<INPUT LABEL="Job Family Level Distance" NAME="lbljflmatch" PARAM="jflmatch" TYPE="LABEL" DEFAULT="0" MAXLEN="10" SIZE="5" GROUP="barisempat"/>
			<INPUT LABEL="~" TYPE="LABEL" PARAM="lblkosong" DEFAULT="-"/>
			<INPUT LABEL="Total Parameter Weight" NAME="totalweight" PARAM="totalweight" TYPE="LABEL" DEFAULT="0" MAXLEN="10" SIZE="5"/>

			<INPUT LABEL="Competency Match" NAME="compmatch" PARAM="compmatch" TYPE="HIDDEN"/>
			<INPUT LABEL="Position Readiness" NAME="readiness" PARAM="readiness" TYPE="HIDDEN"/>
			<INPUT LABEL="Performance Achievement" NAME="performance" PARAM="performance" TYPE="HIDDEN"/>
			<INPUT LABEL="Risk of Leaving" NAME="riskofleaving" PARAM="riskofleaving" TYPE="HIDDEN"/>
			<INPUT LABEL="Job Grade Position Match" NAME="gradematch" PARAM="gradematch" TYPE="HIDDEN"/>
			<INPUT LABEL="Impact Of Leaving" NAME="impactofleaving" PARAM="impactofleaving" TYPE="HIDDEN"/>
			<INPUT LABEL="Job Family Level Distance" NAME="jflmatch" PARAM="jflmatch" TYPE="HIDDEN"/>
		</FIELDSET>
		<FIELDSET LABEL="Additional Filter">
			<INPUT LABEL="from Company" NAME="fromcompany" PARAM="fromcompany" TYPE="RADIO" ONCHANGE="changeCompany();" OPTIONS="1*=Same Company|2=All Companies|3=Several Company"/>
			<INPUT LABEL="Company" NAME="company_id" PARAM="company_id" REQUIRED="Yes" TYPE="SELECT" LISTSOURCE="Company" SIZE="5~200px" ERRMSG="Please Select at least One" />
			<INPUT LABEL="Include All Career Path" NAME="includeall" PARAM="includeall" TYPE="RADIO" OPTIONS="4=Default|1=Planned|2=Recommended|3*=None"/>
			<INPUT LABEL="Filter From Career Path" NAME="filterfrom" PARAM="filterfrom" TYPE="RADIO" OPTIONS="4=Default Only|1=Planned Only|2=Recommended Only|3*=None"/>

		</FIELDSET>
		<BUTTONLIST>
			<BUTTON TYPE="Cancel"></BUTTON>
			<BUTTON LABEL="Search Candidate" ACTION="filterSuccessor()"></BUTTON>
		</BUTTONLIST>
			
		<SCRIPT FOR="FOOTER">
           window.onload = function() {
                initVarDefault();
            };

		   function initVarDefault(){
    		    defaultValueSuccName = '';
		    }
		
			function initfunc(){
				//checked includeall to none 
				$("input[name=inp_includeall][value=3]").attr('checked', true);
				$("input[name=inp_filterfrom][value=3]").attr('checked', true);
				$("input[name=inp_minreadiness][value=2]").attr('checked', true);
				$("input[name=inp_maxriskofleaving][value=2]").attr('checked', true);
				$("input[name=inp_maximpactofleaving][value=2]").attr('checked', true);
			}
			//initfunc();
		    function isNumberKey(evt){
                var charCode = (evt.which) ? evt.which : evt.keyCode;
                if (charCode != 46 &amp;&amp; charCode &gt; 31 &amp;&amp; (charCode &lt; 48 || charCode &gt; 57))
                    return false;
                    
                return true;
            }
            
			document.getElementById('tr_inp_company_id').style.display = 'none';
            
			if('#qForm.succession_code#' == 'DEFAULT'){
				$('input[name^="inp_succession_name"]').attr("readonly","readonly");
			}

			function changeCompany(){
			for (var i=0; i &lt; document.frmfiltersuccessor.inp_fromcompany.length; i++){
				if (document.frmfiltersuccessor.inp_fromcompany[i].checked){
      			   		var flag = document.frmfiltersuccessor.inp_fromcompany[i].value;
					}
			}
				if (flag == 3){
					document.getElementById('tr_inp_company_id').style.display = '';
				}
				else{
					document.getElementById('tr_inp_company_id').style.display = 'none';
				}
			}			
			
			function setTotalWeight(){
				var compmatch = $('##inp_compmatch').val();
				var readiness = $('##inp_readiness').val();
				var performance = $('##inp_performance').val();
				var riskofleaving = $('##inp_riskofleaving').val();
				var gradematch = $('##inp_gradematch').val();
				var impactofleaving = $('##inp_impactofleaving').val();
				var jflmatch = $('##inp_jflmatch').val();
				var totweight = 0;
				
				if(!isNaN(parseFloat(compmatch)))		totweight += parseFloat(compmatch);
				if(!isNaN(parseFloat(readiness)))		totweight += parseFloat(readiness);
				if(!isNaN(parseFloat(performance)))		totweight += parseFloat(performance);
				if(!isNaN(parseFloat(riskofleaving)))	totweight += parseFloat(riskofleaving);
				if(!isNaN(parseFloat(gradematch)))		totweight += parseFloat(gradematch);
				if(!isNaN(parseFloat(impactofleaving)))	totweight += parseFloat(impactofleaving);
				if(!isNaN(parseFloat(jflmatch)))		totweight += parseFloat(jflmatch);
				
				$('##tr_inp_totalweight [gt] ##tdb_1').html(totweight);
			}
			setTotalWeight();
			
			function filterSuccessor(){
				var temp = validateOther();
				
				if(temp){
					var thisform = document.frmfiltersuccessor;
					var tmpsLink = sLink;
					var tmpAction = thisform.action;
					var tmpTarget = thisform.target; 
					
					sLink="?xfid=hrm.performance.successionplan.pickcandidate&amp;succode="+$('##hdn_succession_name').val()+"&amp;posid=#posid#";
					thisform.target="popReport";
					
					popWindow("",thisform.target,700,600,"scrollbars=yes,resizable=yes,location=no,status=yes");
					thisform.action=sLink;
					thisform.submit();
					
					sLink=tmpsLink;
					thisform.action=tmpAction;
					thisform.target=tmpTarget;
				}
			}
			
			function validateOther(){
			    if(!check_spec_char($('##inp_maxdisplay').val(),'.')){
                    alert("[SFTEXT:ERPlease Input Valid Number, No Coma]");
                    $('##inp_maxdisplay').focus();
                    return false;
                 }
                 
			    if($('##inp_maxdisplay').val()&lt;1){
                    alert("Maximum Displayed field must be greater than equal 1");
                    $('##inp_maxdisplay').focus();
                    return false;
                }
				return true;
			}
		
			function loadFilterForm(){ 
			    if(defaultValueSuccName == ''){
			        defaultValueSuccName = $('##hdn_succession_name').val();
			    }else{
			        if( defaultValueSuccName !== $('##hdn_succession_name').val()){
			            defaultValueSuccName = $('##hdn_succession_name').val();
			            window.location.href = "?xfid=hrm.performance.successionplan.getsuccessor&amp;empid=#qForm.empid#&amp;succode="+$('##hdn_succession_name').val()+"&amp;posid=#posid#"+"&amp;origin=Performance|Succession Planning";
			            //getAJAXContent("?xfid=hrm.performance.successionplan.getsuccessor&amp;empid=#qForm.empid#&amp;succode="+$('##hdn_succession_name').val()+"&amp;posid=#posid#",'frmfiltersuccessor',top.reposBlock);
			        }
			    }
		    }
			
			
		</SCRIPT>
	</SFFORM>
</SFPAGE>

