<SFPAGE TITLE="successionplan" ACCESS="hrm.performance.successionplan:read">
	<SFFORM TITLE="SuccessionPlanning" DATASOURCE="PerformanceSuccessionParam" ACTION="" NAME="frmSuccessionPlan" WIDTH="100%" HEIGHT="100%">
		<TOOLBAR TYPE="GRID">
			<BUTTON TYPE="Add"></BUTTON>
			<BUTTON TYPE="Reload"></BUTTON>
			<BUTTON TYPE="Help"></BUTTON>
			<!--<BUTTON TYPE="Print Report" ICON="toolicon-print.png" ACTION="?rpid=SuccessionPlanList'+filterlisting+'" LINKTYPE="POP"/>-->
		</TOOLBAR>
		<FIELDSET>
		    
			<INPUT LABEL="-" NAME="temp" PARAM="temp" TYPE="SCRIPT" TEMPLATE="hrm.performance.successionplan.listing"/>
		</FIELDSET>
		<SCRIPT FOR="FOOTER">
			function filterclick(maxrow){
				toggleLeftPanel();
				filterSP(1);
			}

			function filterSP(showpage){
				var show = $('input:radio[name="Show"]:checked').val();
				var filter_pos =$('input:radio[name="filter_pos"]:checked').val();
				var filter_suc =$('input:radio[name="filter_suc"]:checked').val();
		        var org_unit = $('input[name="org_unit"]').val();
		        var pos = $('input[name="pos"]').val();
		        var pos_holder = $('input[name="pos_holder"]').val();
		        var suc_candidate = $('input[name="suc_candidate"]').val();
		        var filterlisting = "showtrue";
		        var urlprint = '&amp;show='+show+'&amp;filter_suc='+filter_suc+'&amp;filter_pos='+filter_pos+'&amp;org_unit='+org_unit+'&amp;pos='+pos+'&amp;pos_holder='+pos_holder+'&amp;suc_candidate='+suc_candidate+'&amp;type=listpage';
		        console.log(urlprint);
		        document.getElementById("printprevreport").href="javascript:popWindow('?rpid=SuccessionPlanList"+urlprint+"', 'manggis')";
		        document.getElementById('pagepicked').value = showpage;
		        getAJAXContent('?sfid=hrm.performance.successionplan.ajaxlisting&amp;show='+show+'&amp;filter_suc='+filter_suc+'&amp;filter_pos='+filter_pos+'&amp;org_unit='+org_unit+'&amp;pos='+pos+'&amp;pos_holder='+pos_holder+'&amp;suc_candidate='+suc_candidate+'&amp;showpage='+showpage,$sf("perfsuccsearch"));
    		}
    		
		</SCRIPT>
	</SFFORM>
</SFPAGE>
