<SFPAGE TITLE="successionplan" ACCESS="hrm.performance.successionplan:read">
	<SFFORM TITLE="Pick Candidate" ACTION="PerformanceSuccessionPlan.PickSuccessor" NAME="frmPickSuccessor" WIDTH="1300" HEIGHT="400">
		<TOOLBAR>
			<BUTTON TYPE="Reload"></BUTTON>
			<BUTTON TYPE="Help"></BUTTON>
			<BUTTON TYPE="Close"></BUTTON>
		</TOOLBAR>
		<FIELDSET LABEL="Candidates List">
			<INPUT LABEL="-" NAME="outputajax" PARAM="temp" TYPE="SCRIPT" TEMPLATE="hrm.performance.successionplan.pickcandidate"/>
			<INPUT LABEL="~" NAME="posid" PARAM="temp" DEFAULT="{posid}" TYPE="HIDDEN"/>
			<INPUT LABEL="~" NAME="loaded" PARAM="temp" DEFAULT="0" TYPE="HIDDEN"/>
		</FIELDSET>
		<BUTTONLIST>
			<BUTTON TYPE="Cancel"></BUTTON>
			<BUTTON LABEL="Reset" ACTION="resetPCForm();"></BUTTON>
			<BUTTON LABEL="Pick Candidate" TYPE="SUBMIT"></BUTTON>
		</BUTTONLIST>
		<SCRIPT FOR="FOOTER">
			if(window.opener &amp;&amp; !window.opener.closed){
				var form = window.opener.document.getElementById('frmfiltersuccessor');
				getAJAXContent("?ofid=PerformanceSuccessionPlan.printListCandidate&amp;posid=#posid#&amp;cCache=yes&amp;nPage=1",$sf('inp_outputajax'),null,null,form);
			}
			
            var klon = $( '##divBlockSpace' );
              klon.clone().attr('id', 'divBlockSpace'+(1) ).insertAfter( klon );
            var klon2 = $( '##divBlock' );
              klon2.clone().attr('id', 'divBlock'+(1) ).insertAfter( klon );

			function validateOther(){
			    var allCheckBox = $("[id^='chk_']");
				var count_checked = allCheckBox.filter(":checked").length; 
				if (count_checked == 0)  { 
				    var r = alert("[sftext:ERYou Didn't Pick Any Candidate]");
				    return false;
				}
				else{
    				return true;
				}
			}
			
			function resetPCForm(){
			    $("##frmPickSuccessor")[0].reset();
			}
		</SCRIPT>
	</SFFORM>
</SFPAGE>

