<SFPAGE TITLE="successionplan" ACCESS="hrm.performance.successionplan:read">
	<SFFORM TITLE="Succession Planning" DATASOURCE="" ACTION="" NAME="frmSuccessionPlan" WIDTH="100%" HEIGHT="100%">
		<TOOLBAR TYPE="GRID">
    		<BUTTON TIP=" Back To List" ICON="back.png" ACTION="?xfid=hrm.performance.successionplan.listing" LINKTYPE="LINK"></BUTTON>
			<BUTTON TYPE="Reload"></BUTTON>
			<BUTTON TYPE="Help"></BUTTON>
		</TOOLBAR>
		<FIELDSET>
			<INPUT LABEL="-" NAME="temp2" PARAM="temp2" TYPE="SCRIPT" TEMPLATE="hrm.performance.successionplan.tree&amp;prevposid=#prevposid#&amp;empid=#empid#&amp;posid=#posid#&amp;succode=#succode#"/>
		</FIELDSET>
	</SFFORM>
</SFPAGE>
