<SFPAGE TITLE="Performance Development Plan Request" ACCESS="hrm.performance.evalform.devplan:edit"><!-- Update/Add-->
    <SFFORM TITLE="Add Performance Development Plan Request" DATASOURCE="PerformanceDevPlan.formReq" ACTION="PerformanceDevPlan.add" NAME="frmPerfDevPlan" WIDTH="890" HEIGHT="450" ISWORKFLOW="YES">
        <TOOLBAR>
            <BUTTON TYPE="Help"></BUTTON>
            <BUTTON TYPE="Close"></BUTTON>
        </TOOLBAR>
        <FIELDSET>
            <INPUT LABEL="Request No" NAME="request_no" PARAM="request_no" TYPE="LABEL"/>
            <INPUT LABEL="Request For" NAME="requestfor" REQUIRED="YES" PARAM="requestfor" TYPE="REQUESTFOR" ONBLUR="operEmpid()" LISTMANDATORY="YES" />
            <INPUT LABEL="Selectable Approver" NAME="lstApprover" PARAM="lstApprover" TYPE="SELECTABLEAPPROVER"/>
            <INPUT LABEL="Method" NAME="dpmethod" TYPE="SUGGEST" LISTSOURCE="PerformanceDevPlan.filterDevPlanMethod" PARAM="method_code" REQUIRED="YES" MANDATORY="YES"/>
            <INPUT LABEL="Description" NAME="dpdesc" TYPE="MEMO" ROW="4" PARAM="devplan_desc" REQUIRED="YES"/>
            <INPUT LABEL="Due Date" NAME="dpduedate" TYPE="DATE" PARAM="due_date" REQUIRED="YES"/>
            <INPUT LABEL="PIC" NAME="dppic" TYPE="SUGGEST" LISTSOURCE="PerformanceDevPlan.filterPIC" PARAM="pic" REQUIRED="YES" MANDATORY="YES"/>
            <INPUT LABEL="Comment" NAME="dpnotes" TYPE="MEMO" ROW="4" PARAM="devplan_notes"/>
        </FIELDSET>
        <SCRIPT FOR="FOOTER">
        </SCRIPT>
        <BUTTONLIST>
            <BUTTON TYPE="Cancel"></BUTTON>
            <BUTTON TYPE="Draft" Label="Draft" ACTION="checkForm('draft');"></BUTTON>
            <BUTTON TYPE="Send To Approver" Label="Send To Approver" ACTION="checkForm('submit');"></BUTTON>
            <BUTTON TYPE="Preview Approver"></BUTTON>
        </BUTTONLIST>
        <script FOR="FOOTER">
            function checkForm(type){
            if (type =='draft'){
            /* console.log('gordon');*/
            strLinkOld=sLink;
            sLink=sLink+'&amp;action=draft';
            }
            else {
            strLinkOld=sLink;
            sLink=sLink+'&amp;action=sendtoapprover';
            }
            validateForm(document.frmAddScoreAdj);
            sLink=strLinkOld;
            }
        </script>
    </SFFORM>
</SFPAGE>


