<SFPAGE TITLE="Performance Development Plan Request" ACCESS="hrm.performance.evalform.devplan:edit"><!-- Update/Add-->
    <SFFORM TITLE="Edit Performance Development Plan Request" DATASOURCE="PerformanceDevPlan.viewReqForm" ACTION="PerformanceDevPlan.save" NAME="frmPerfDevPlanEdit" WIDTH="890" HEIGHT="450" ISWORKFLOW="YES" HIDEREQDETAIL="YES" >
        <TOOLBAR>
            <BUTTON TYPE="Help"></BUTTON>
            <BUTTON TYPE="Close"></BUTTON>
        </TOOLBAR>
        <FIELDSET>
            <INPUT LABEL="Request No" NAME="request_no" PARAM="request_no" TYPE="LABEL" />
            <INPUT LABEL="Devplan Request No" NAME="request_no" PARAM="request_no" TYPE="HIDDEN"/>
            <INPUT TYPE="HIDDEN" NAME="status" PARAM="status"/>
            <INPUT LABEL="Request For" NAME="requestfor" PARAM="requestfor" TYPE="HIDDEN"/>
            <INPUT LABEL="requestby" NAME="requestby" PARAM="requester" TYPE="HIDDEN"/>
            <INPUT LABEL="Request For" NAME="hdn_requestfor" PARAM="requestfor" TYPE="HIDDEN"/>
            <INPUT LABEL="Employee" NAME="empid" TYPE="SUGGEST" LISTSOURCE="PerformanceDevPlan.filterDevPlanEmp" PARAM="empid" MANDATORY="YES" disabled = "disabled"/>
            <INPUT LABEL="Selectable Approver" NAME="lstApprover" PARAM="lstApprover" TYPE="SELECTABLEAPPROVER"/>
            <INPUT LABEL="Status" NAME="status" PARAM="status" TYPE="HIDDEN" LISTSOURCE="Lookup.refRequestStatus"/>
            <INPUT LABEL="Method" NAME="dpmethod" TYPE="SUGGEST" LISTSOURCE="PerformanceDevPlan.filterDevPlanMethod" PARAM="method_code" REQUIRED="YES" MANDATORY="YES" disabled = "disabled"/>
            <INPUT LABEL="Description" NAME="dpdesc" TYPE="MEMO" ROW="4" PARAM="devplan_desc" REQUIRED="YES"/>
            <INPUT LABEL="Due Date" NAME="dpduedate" TYPE="DATE" PARAM="due_date" REQUIRED="YES" />
            <INPUT LABEL="PIC" NAME="dppic" TYPE="SUGGEST" LISTSOURCE="PerformanceDevPlan.filterPIC" PARAM="pic" REQUIRED="YES" MANDATORY="YES" disabled = "disabled"/>
            <INPUT LABEL="Comment" NAME="dpnotes" TYPE="MEMO" ROW="4" PARAM="devplan_notes"/>
        </FIELDSET>
        <script FOR="FOOTER">
            document.getElementById("inp_empid").setAttribute("disabled", "disabled");
            document.getElementById("inp_dpmethod").setAttribute("disabled", "disabled");
            document.getElementById("inp_dppic").setAttribute("disabled", "disabled");
            function checkForm(type){
            if (type =='send'){
            strLinkOld=sLink;sLink=sLink;
            }
            else {
            strLinkOld=sLink;sLink=sLink+'&amp;action=draft';
            }
            validateForm(document.frmPerfDevPlanEdit);
            sLink=strLinkOld;
            }
            function hideButton(){
            var status = document.getElementById('inp_status').value;
            if(status == "5"){
            document.getElementById('btn_a_2').removeAttribute("onclick");
            document.getElementById('btn_a_2').style.display = 'none';
            }
            }
            hideButton();
        </script>
        <BUTTONLIST>
            <BUTTON TYPE="Cancel" LABEL="Back"></BUTTON>
        </BUTTONLIST>
    </SFFORM>
</SFPAGE>


