<SFPAGE TITLE="Performance Development Plan Request" ACCESS="hrm.performance.evalform.devplan:read">
	
	<SFGRID DATASOURCE="PerformanceDevPlan.getListing" TITLE="Performance Period Setting">
		<TOOLBAR>
			<BUTTON TYPE="Add"  ACTION="?xfid=hrm.performance.devplan.add" LINKTYPE="INNERPOP"> </BUTTON>
			<BUTTON TYPE="Print"></BUTTON>
			<BUTTON TYPE="PDF"></BUTTON>
			<BUTTON TYPE="Excel"></BUTTON>
			<BUTTON TYPE="Openoffice"></BUTTON>
			<BUTTON TYPE="Reload"></BUTTON>
			<BUTTON TYPE="Help"></BUTTON>
		</TOOLBAR>
		<COLUMN TITLE="Request No" FIELD="request_no" LINK="hrm.performance.devplan.edit?request_no=[request_no]" LINKTYPE="INNERPOP" ></COLUMN>
		<COLUMN TITLE="Employee Name" FIELD="fullname"   WIDTH="220" ></COLUMN>
		<COLUMN TITLE="Description" FIELD="devplandesc"   WIDTH="220"></COLUMN>
		<COLUMN TITLE="Method" FIELD="method_name"   WIDTH="220"></COLUMN>
		<COLUMN TITLE="Status" FIELD="statusname" WIDTH="220" LINK="?ofid=RequestInbox.ListRequestByType&amp;reqtype=PERFORMANCE.DevPlan&amp;rno=[request_no]" LINKTYPE="POP"></COLUMN>
		<COLUMN TITLE="Request Date" FIELD="modified_date"  WIDTH="220" format="sdate"></COLUMN>
	
		<SCRIPT FOR="FOOTER">
		</SCRIPT>
	</SFGRID>
</SFPAGE>















