<SFPAGE TITLE="Add Career Plan" ACCESS="hrm.performance.evalform:edit">
	<SFFORM TITLE="Add Career Plan" DATASOURCE="PerformanceCareerPlan.getPosAdd" ACTION="PerformanceCareerPlan.add" NAME="frmCareerPlan" WIDTH="600" HEIGHT="400" PASSING="empid">
		<TOOLBAR>
			<!--<BUTTON TYPE="Reload"></BUTTON>
			<BUTTON TYPE="Help"></BUTTON>-->
		</TOOLBAR>
		<FIELDSET LABEL="-">
			<INPUT LABEL="Position" REQUIRED="YES" NAME="pos_name" PARAM="pos_name"  TYPE="SUGGEST" LISTSOURCE="PerformanceCareerPlan.filterPosition" />
			<!--<INPUT LABEL="Competency Match" NAME="com_match" PARAM="com_match" TYPE ="LABEL"/>-->
			<INPUT LABEL="Targeted Date" NAME="target_date" PARAM="target_date" TYPE ="DATE"/>
			<INPUT LABEL="" NAME="careerplan_code" PARAM="careerplan_code" TYPE ="HIDDEN"/>
			<INPUT LABEL="" NAME="history_no" PARAM="history_no" TYPE ="HIDDEN"/>
			<INPUT LABEL="" NAME="empid" PARAM="empid" TYPE ="HIDDEN"/>
			<INPUT LABEL="" NAME="leaving_risk" PARAM="leaving_risk" TYPE ="HIDDEN" DEFAULT="#leaving_risk#"/>
			<INPUT LABEL="" NAME="leaving_impact" PARAM="leaving_impact" TYPE ="HIDDEN" DEFAULT="#leaving_impact#"/>
			<INPUT LABEL="Status" NAME="IsActive" PARAM="IsActive" REQUIRED="YES" TYPE="RADIO" OPTIONS="1=Active|0=Canceled"/>
		</FIELDSET>
		<!--<FIELDSET LABEL="-">
			<INPUT LABEL="-" NAME="temp" TYPE="SCRIPT" TEMPLATE="hrm.performance.dashboard.receivednote&amp;careerplan_code=#careerplan_code#"/>
		</FIELDSET>-->
		<FIELDSET LABEL="-">
			<INPUT LABEL="My Notes" NAME="note" PARAM="" TYPE="MEMO" MULTILANG="No" REQUIRED="No" MAXLEN="200" COL="40" ROW="3" ERRMSG="Please Input Note"/>
		</FIELDSET>
		<SCRIPT FOR="FOOTER">
		
		</SCRIPT>
		<BUTTONLIST>
			<BUTTON TYPE="Cancel"></BUTTON>
			<BUTTON TYPE="Submit"></BUTTON>
		</BUTTONLIST>
	</SFFORM>
</SFPAGE>