<SFPAGE TITLE="Career Plan" ACCESS="hrm.performance.evalform:edit">
	<SFFORM TITLE="Career Plan" DATASOURCE="PerformanceCareerPlan.View" ACTION="PerformanceCareerPlan.Save" NAME="frmCareerPlan" WIDTH="1000" HEIGHT="800" SHOWWINDOW="YES">
		<TOOLBAR>
			<!--<BUTTON TYPE="Reload"></BUTTON>
			<BUTTON TYPE="Help"></BUTTON>-->
		</TOOLBAR>
		
		
		<FIELDSET LABEL="-">
			<INPUT LABEL="Impact Of Leaving" NAME="leaving_impact" PARAM="leaving_impact" REQUIRED="YES" TYPE="RADIO" OPTIONS="1=Low|2=Medium|3=High"/>
			<INPUT LABEL="~" NAME="impact" PARAM="impact" TYPE="HIDDEN" DEFAULT="NO"/>
			<INPUT LABEL="Risk Of Leaving" NAME="leaving_risk" PARAM="leaving_risk" REQUIRED="YES" TYPE="RADIO" OPTIONS="1=Low|2=Medium|3=High"/>
			<INPUT LABEL="~" NAME="risk" PARAM="risk" TYPE="HIDDEN" DEFAULT="NO"/>
			<INPUT LABEL="~" NAME="showwin" PARAM="showwin" TYPE="HIDDEN" DEFAULT="#showwin#"/>
			
		</FIELDSET>
		<FIELDSET LABEL="-">
			<INPUT LABEL="-" NAME="a" TYPE="SCRIPT" TEMPLATE="hrm.performance.evalform.careerplan.careerplan?empid=#empid#"/>
		</FIELDSET>
		<SCRIPT FOR="FOOTER">
			var showwin =$('##inp_showwin').val();
			//alert(showwin);
			if (showwin == "NO"){
				document.getElementById("pop_title").style.display="none";
				document.getElementById("form_toolbar").style.display="none";
				
			}	
		</SCRIPT>
		<BUTTONLIST>
			<BUTTON TYPE="Submit"></BUTTON>
		</BUTTONLIST>
	</SFFORM>
</SFPAGE>