<SFPAGE TITLE="Edit Career Plan" ACCESS="hrm.performance.evalform:edit">
	<SFFORM TITLE="Edit Career Plan" DATASOURCE="PerformanceCareerPlan.getCareerPlan" ACTION="PerformanceCareerPlan.saveNote" NAME="frmEditCareerPlan" WIDTH="600" HEIGHT="550" >
		<TOOLBAR>
			<!--<BUTTON TYPE="Reload"></BUTTON>
			<BUTTON TYPE="Help"></BUTTON>-->
		</TOOLBAR>
		<FIELDSET LABEL="-">
			<INPUT LABEL="Position" NAME="pos_name" PARAM="pos_name"  TYPE="LABEL" />
			<INPUT LABEL="Competency Match" NAME="com_match" PARAM="com_match" TYPE ="LABEL"/>
			<INPUT LABEL="Targeted Date" NAME="target_date" PARAM="target_date" TYPE ="DATE"/>
			<INPUT LABEL="Status" NAME="IsActive" PARAM="IsActive" REQUIRED="YES" TYPE="RADIO" OPTIONS="1=Active|0=Canceled"/>
			<INPUT LABEL="" NAME="careerplan_code" PARAM="careerplan_code" TYPE ="HIDDEN"/>
			<INPUT LABEL="" NAME="history_no" PARAM="history_no" TYPE ="HIDDEN"/>
			<INPUT LABEL="" NAME="position_id" PARAM="position_id" TYPE ="HIDDEN"/>
			<INPUT LABEL="" NAME="leaving_risk" PARAM="leaving_risk" TYPE ="HIDDEN" DEFAULT="#leaving_risk#"/>
			<INPUT LABEL="" NAME="leaving_impact" PARAM="leaving_impact" TYPE ="HIDDEN" DEFAULT="#leaving_impact#"/>
			<INPUT LABEL="" NAME="emp_id" PARAM="emp_id" TYPE ="HIDDEN" DEFAULT="#empid#"/>
			<INPUT LABEL="" NAME="creator" PARAM="created_by" TYPE ="HIDDEN"/>
			<INPUT LABEL="" NAME="user" PARAM="user" TYPE ="HIDDEN" DEFAULT="{REQUEST.SCOOKIE.USER.UNAME}"/>
		</FIELDSET>
		<FIELDSET LABEL="-">
			<INPUT LABEL="-" NAME="temp" TYPE="SCRIPT" TEMPLATE="hrm.performance.dashboard.receivednote&amp;careerplan_code=#careerplan_code#"/>
		</FIELDSET>
		<FIELDSET LABEL="-">
			<INPUT LABEL="My Notes" NAME="note" PARAM="" TYPE="MEMO" MULTILANG="No" REQUIRED="No" MAXLEN="200" COL="40" ROW="3" ERRMSG="Please Input Note"/>
		</FIELDSET>
		<SCRIPT FOR="FOOTER">
		</SCRIPT>
		<BUTTONLIST>
			<BUTTON TYPE="Cancel"></BUTTON>
			<BUTTON TYPE="Delete"></BUTTON>
			<BUTTON TYPE="Submit"></BUTTON>
		</BUTTONLIST>
		<SCRIPT FOR="FOOTER">
			 
			 var creator = $('##inp_creator').val();
			 var user =  $('##inp_user').val();
			 
			 if (creator != user) {
				document.getElementById("btn_a_1").style.display="none";
				document.getElementById("btn_a_2").style.display="none";
			 }
		</SCRIPT>
	</SFFORM>
</SFPAGE>