<SFPAGE TITLE="Job Description" ACCESS="hrm.performance.evalform:edit">
	<SFFORM TITLE="Job Description" DATASOURCE="PerformanceCareerPlan.getjobDesc" ACTION="" NAME="frmCareerJobDesc" WIDTH="800" HEIGHT="600" >
		<TOOLBAR>
			<!--<BUTTON TYPE="Reload"></BUTTON>
			<BUTTON TYPE="Help"></BUTTON>-->
		</TOOLBAR>
		<FIELDSET>
			<INPUT LABEL="Position" NAME="pos_name" PARAM="pos_name" TYPE ="LABEL"/>
			<INPUT LABEL="Job Description" TYPE="SCRIPT" TEMPLATE="hrm.performance.evalform.careerplan.jobdesc&amp;position_id=#position_id#"/>
		</FIELDSET>
		<BUTTONLIST>
			<BUTTON TYPE="Cancel"></BUTTON>
		</BUTTONLIST>
	</SFFORM>
</SFPAGE>